url,id,title,sold,rating,reviews,initial_price,final_price,currency,stock,favorite,image,video,seller_name,shop_url,breadcrumb,Product Specifications,Product Description,seller_rating,seller_products,seller_chats_responded_percentage,seller_chat_time_reply,seller_joined_date,seller_followers,variations,domain,brand,category_id,flash_sale,flash_sale_time,product_variation,gmv_cal,category_url,vouchers,is_available,seller_id,product_ratings
https://shopee.co.th/%E0%B9%80%E0%B8%84%E0%B8%AA%E0%B8%AB%E0%B8%99%E0%B8%B1%E0%B8%87-%E0%B8%81%E0%B8%B1%E0%B8%99%E0%B8%81%E0%B8%A3%E0%B8%B0%E0%B9%81%E0%B8%97%E0%B8%81-%E0%B8%A5%E0%B8%B2%E0%B8%A2%E0%B8%94%E0%B8%AD%E0%B8%81%E0%B8%84%E0%B8%B2%E0%B8%A1%E0%B8%B4%E0%B9%80%E0%B8%A5%E0%B8%B5%E0%B8%A2-%E0%B9%81%E0%B8%9F%E0%B8%8A%E0%B8%B1%E0%B9%88%E0%B8%99-%E0%B8%AA%E0%B9%8D%E0%B8%B2%E0%B8%AB%E0%B8%A3%E0%B8%B1%E0%B8%9A-Apple-Airpods-1-2-3rd-Pro-2-Airpods-Pro-2-i.324880702.20486442513?model_id=225830171367,20486442513,เคสหนัง กันกระแทก ลายดอกคามิเลีย แฟชั่น สําหรับ Apple Airpods 1 2 3rd Pro 2 Airpods Pro 2,0,4.8,0,264.0,117.0,THB,,0,"[""https://down-th.img.susercontent.com/file/sg-11134201-7rbnd-lof9jhem4rc0bd_tn"",""https://down-th.img.susercontent.com/file/sg-11134201-7rbku-lof9jg400z1878_tn"",""https://down-th.img.susercontent.com/file/sg-11134201-7rbld-lof9jj65js7e3e_tn"",""https://down-th.img.susercontent.com/file/sg-11134201-7rbk5-lof9jmmgja0020_tn"",""https://down-th.img.susercontent.com/file/sg-11134201-7rbkc-lof9jlzpf64h3e_tn"",""https://down-th.img.susercontent.com/file/sg-11134201-7rbl2-lof9ji9ovai88f_tn"",""https://down-th.img.susercontent.com/file/sg-11134201-7rbln-lof9jjvyjf7l04_tn"",""https://down-th.img.susercontent.com/file/sg-11134201-7rbl7-lof9jlbue2wae9_tn"",""https://down-th.img.susercontent.com/file/sg-11134201-7rbm0-lof9jkizkb3x43_tn""]",,Cas███e,https://shopee.co.th/myiwatch.th,"[""มือถือและอุปกรณ์เสริม"",""อุปกรณ์เสริม"",""เคสมือถือและแท็บเล็ต"",""อื่นๆ""]","[{""name"":""คลัง"",""value"":""10307""},{""name"":""ส่งจาก"",""value"":""ต่างประเทศ""}]","-------🌸ยินดีต้อนรับสู่ร้านค้า myiwatch🌸-------
 
 🔔เราเป็นร้านขายอุปกรณ์ Apple ที่น่าสนใจหากคุณชอบผลิตภัณฑ์ของเรา
 เราจะมีสินค้าลดราคาในอนาคตโปรดติดตามเราเราจะมีสินค้าลดราคาเพิ่มเติมในอนาคต🎁🎁🎁🎁🎁
 💟บริการลูกค้าออนไลน์เวลา 10: 00-23: 00 น
 💟สินค้าอยู่ในสต็อกและสามารถจัดส่งได้ภายใน 48 ชั่วโมง
 💟หากคุณมีคำถามใด ๆ เกี่ยวกับผลิตภัณฑ์โปรดปรึกษาเรา
 
 ✂✂✂✂✂✂✂✂✂✂✂✂✂✂✂✂✂✂✂✂✂✂
 ใหม่เอี่ยม -📷แฟชั่นเคสหนังรูปสี่เหลี่ยมขนมเปียกปูนแฟชั่น
 ❤รายละเอียดสินค้า:
 ✳รุ่นที่ใช้งานได้: สำหรับ Airpods 1/2, Airpods pro, Airpods 3, Aripods pro2
 ✳สไตล์: ฝาหลัง
 ✳วัสดุ: หนัง
 ✳องค์ประกอบยอดนิยม: แฟชั่น
 ✳กระบวนการ: การฉีด / การฉีด
 
 💋วิธีใช้:
 ทำความสะอาด Airpods Airpods แบบสะอาด 1 ตัว
 ใช้ซิลิโคนป้องกัน 2』 เชื่อมต่อฝาครอบซิลิโคนอย่างระมัดระวัง
 3』 บีบอากาศออกช้าๆ
 เสื้อผ้าที่เหมาะสมไม่หลุดร่วง 4』 เสื้อผ้าที่เหมาะสมไม่หลุด
 
 
 เหตุผลในการซื้อ💥
 
 🔎ใช้สำหรับ AirPods รุ่นที่ 3 / AirPods 1 2 / AirPods Pro
 🔎วัสดุหนังและซิลิโคนคุณภาพสูงการปกป้องที่สมบูรณ์แบบสำหรับ Airpods ของคุณ
 🔎เคส AirPods ไม่ต้องกังวลกับรอยขีดข่วนและสิ่งสกปรกจากเคส AirPods อีกต่อไป
 🔎ใช้งานง่ายและสะดวก ติดตั้งและถอดออกได้ง่ายมาก
 🔎360°การป้องกันความปลอดภัยในการปกป้องความปลอดภัยวัสดุป้องกันสิ่งแวดล้อม
 🔎การดูดซับแรงกระแทกอย่างเต็มที่
 
 
 
 หมายเหตุ:
 ◆เนื่องจากการตั้งค่าคอมพิวเตอร์ส่วนบุคคลที่แตกต่างกันสีจริงอาจแตกต่างกัน
 ◆ผลิตภัณฑ์นี้ไม่รวมเคสชาร์จ Apple AirPods, AirPods
 ◆โปรดยืนยันสีและรูปแบบก่อนทำการสั่งซื้อ! การจัดส่งทั้งหมดขึ้นอยู่กับตัวเลือก หากคุณเลือกรุ่นสีผิดคุณจะต้องรับผิดชอบค่าจัดส่งคืน)
 
 
 สินค้าประกอบด้วย:
 กล่อง Airpods ขนาด 1 × (ไม่รวม Airpods)
 1 * เชือกเส้นเล็ก
 
 ✅โปรดใช้คูปองเมื่อคุณชำระเงินจำนวนคูปองมีจำนวน จำกัด ขอแนะนำให้ใช้ก่อน!
 ✅ให้คุณภาพสูงสุดในราคาที่ดีที่สุดและสนับสนุนผู้จัดจำหน่ายขายส่ง
 ✅หากคุณมีคำถามใด ๆ โปรดติดต่อเราและเราจะให้บริการคุณ
 ✅ได้รับการชื่นชมระดับ 5 ระดับซึ่งมีความหมายมากสำหรับเรา!
 ✅ขอบคุณที่ช้อปปิ้งในร้านของเราและหวังว่าคุณจะเพลิดเพลินกับเวลาช้อปปิ้ง
 
 #Airpods1
 #Airpods2
 #Airpods3rd
 #Airpodspro
 #Airpos
 #Case#protective แขน#headphone #sets#apple#Airpod#silicone#headphone ชุดเซ็ตชุด#accessories#cartoon#mode#protection กระเป๋า#portable#mini# เปลือก#headphones",4.75,2063,97,2.80 hours,Mon Oct 19 2020 10:23:17 GMT+0000 (Coordinated Universal Time),22910,"[{""name"":""colour"",""variations"":[""black"",""white"",""pink""]},{""name"":""model"",""variations"":[""AirPods 1/2"",""AirPods 3"",""AirPods Pro"",""AirPods Pro2""]}]",https://shopee.co.th,,100013,False,,"[{""name"":""model"",""value"":""pink,AirPods 1/2""}]",0,https://shopee.co.th/%E0%B8%AD%E0%B8%B7%E0%B9%88%E0%B8%99%E0%B9%86-cat.11044946.11045119.11046414,"[{""claimable"":false,""currency"":""THB"",""discount"":3,""discount_cap"":0,""discount_percentage"":0,""min_spend"":8900000,""shop_vouncher"":""Case Me"",""special_condition"":null,""text_info"":""MYIW58988"",""validity_end"":""2024-09-19T15:59:00.000Z"",""validity_start"":""2024-06-18T06:24:00.000Z""},{""claimable"":false,""currency"":""THB"",""discount"":5,""discount_cap"":0,""discount_percentage"":0,""min_spend"":15900000,""shop_vouncher"":""Case Me"",""special_condition"":null,""text_info"":""MYIWDGHFG"",""validity_end"":""2024-11-29T15:59:00.000Z"",""validity_start"":""2024-08-27T17:01:00.000Z""},{""claimable"":false,""currency"":""THB"",""discount"":10,""discount_cap"":0,""discount_percentage"":0,""min_spend"":30900000,""shop_vouncher"":""Case Me"",""special_condition"":null,""text_info"":""MYIWHGFHG"",""validity_end"":""2024-11-29T15:59:00.000Z"",""validity_start"":""2024-08-27T17:01:00.000Z""},{""claimable"":false,""currency"":""THB"",""discount"":15,""discount_cap"":0,""discount_percentage"":0,""min_spend"":39900000,""shop_vouncher"":""Case Me"",""special_condition"":null,""text_info"":""MYIWBMVVV"",""validity_end"":""2024-11-29T15:59:00.000Z"",""validity_start"":""2024-08-27T17:01:00.000Z""},{""claimable"":false,""currency"":""THB"",""discount"":20,""discount_cap"":0,""discount_percentage"":0,""min_spend"":59900000,""shop_vouncher"":""Case Me"",""special_condition"":null,""text_info"":""MYIWJUFYU"",""validity_end"":""2024-11-29T15:59:00.000Z"",""validity_start"":""2024-08-27T17:01:00.000Z""},{""claimable"":false,""currency"":""THB"",""discount"":25,""discount_cap"":0,""discount_percentage"":0,""min_spend"":70900000,""shop_vouncher"":""Case Me"",""special_condition"":null,""text_info"":""MYIW98KUY"",""validity_end"":""2024-09-19T15:59:00.000Z"",""validity_start"":""2024-06-18T06:29:00.000Z""},{""claimable"":false,""currency"":""THB"",""discount"":29,""discount_cap"":0,""discount_percentage"":0,""min_spend"":79900000,""shop_vouncher"":""Case Me"",""special_condition"":null,""text_info"":""MYIW68995"",""validity_end"":""2024-09-19T15:59:00.000Z"",""validity_start"":""2024-06-18T06:26:00.000Z""}]",,,
https://shopee.co.th/(%E0%B8%82%E0%B8%AD%E0%B8%87%E0%B9%81%E0%B8%97%E0%B9%89)-Fila-Watch-%E0%B8%99%E0%B8%B2%E0%B8%AC%E0%B8%B4%E0%B8%81%E0%B8%B2-Fila-%E0%B8%A3%E0%B8%B8%E0%B9%88%E0%B8%99-FLM38-793-003-%E0%B8%AA%E0%B8%B5%E0%B8%94%E0%B8%B3-i.9506249.16246130007,16246130007,(ของแท้) Fila Watch นาฬิกา Fila รุ่น FLM38-793-003 สีดำ,0,0.0,0,1199.0,1199.0,THB,0.0,0,"[""https://down-th.img.susercontent.com/file/34ef9ea72e75e6c9b9fe9ccb764ced20_tn"",""https://down-th.img.susercontent.com/file/7d1d10733786788629c2bba5d6101887_tn"",""https://down-th.img.susercontent.com/file/975ad177783ab87369dd51f2d1e97fbd_tn"",""https://down-th.img.susercontent.com/file/90b3c9c638fc031df44370800fd5103e_tn"",""https://down-th.img.susercontent.com/file/ca34f02689dee209d2482a5469ba8261_tn""]",,Toy███obi███Acc█████████,https://shopee.co.th/toysmobile_dtacpartner,"[""นาฬิกา"",""นาฬิกาผู้ชาย""]","[{""name"":""สินค้า"",""value"":""Fila(ฟีล่า)""},{""name"":""หน้าปัดนาฬิกา"",""value"":""อะนาล็อก""},{""name"":""กลไกของนาฬิกา"",""value"":""นาฬิกาควอตซ์""},{""name"":""สไตล์นาฬิกา"",""value"":""ทำงาน, นาฬิกาแฟชั่น""},{""name"":""รูปทรงของตัวเรือน"",""value"":""กลม""},{""name"":""วัสดุตัวเรือน"",""value"":""สแตนเลส""},{""name"":""ประเภทสายนาฬิกา"",""value"":""หัวเข็มขัด""},{""name"":""คุณสมบัตินาฬิกา"",""value"":""ดูเวลา, ดูวันที่""},{""name"":""ระดับการกันน้ำ"",""value"":""น้อยกว่า 30 เมตร""},{""name"":""กระจกนาฬิกา"",""value"":""กระจกแก้ว""},{""name"":""ส่งจาก"",""value"":""จังหวัดนนทบุรี""}]","(ของแท้) Fila Watch นาฬิกา Fila รุ่น FLM38-793-003 สีดำ

- ระบบ Quartz
- หน้าปัดดำ, สายหนังสีดำ
- แสดงเวลา, วันที่
- สินค้าลิขสิทธิ์ ",4.78,973,97,1.94 hours,Fri Sep 02 2016 10:53:44 GMT+0000 (Coordinated Universal Time),1839,"[{""variations"":[null]}]",https://shopee.co.th,Fila(ฟีล่า),100534,False,,"[{""name"":""model"",""value"":null}]",0,https://shopee.co.th/%E0%B8%99%E0%B8%B2%E0%B8%AC%E0%B8%B4%E0%B8%81%E0%B8%B2%E0%B9%81%E0%B8%9F%E0%B8%8A%E0%B8%B1%E0%B9%88%E0%B8%99-cat.11044952.11045126.11046420,,,,
https://shopee.co.th/%F0%9F%8C%88SpinnyHouse%F0%9F%8C%88%E0%B9%80%E0%B8%AA%E0%B8%B7%E0%B9%89%E0%B8%AD%E0%B8%84%E0%B8%A3%E0%B8%AD%E0%B8%9B%E0%B9%81%E0%B8%95%E0%B9%88%E0%B8%87%E0%B8%A2%E0%B9%88%E0%B8%99%E0%B8%82%E0%B9%89%E0%B8%B2%E0%B8%87-%E0%B8%9B%E0%B8%B1%E0%B8%81%E0%B9%82%E0%B8%9A%E0%B8%A7%E0%B9%8C%E0%B8%8A%E0%B9%88%E0%B8%A7%E0%B8%87%E0%B8%AD%E0%B8%81-BABY-TEE-%F0%9F%98%BB-%E0%B8%9C%E0%B9%89%E0%B8%B2%E0%B8%A2%E0%B8%B9%E0%B8%99%E0%B8%B4%E0%B9%82%E0%B8%84%E0%B8%A5%E0%B9%88%E0%B8%A2%E0%B8%B7%E0%B8%94%E0%B8%95%E0%B8%B2%E0%B8%A1%E0%B8%95%E0%B8%B1%E0%B8%A7-%E0%B8%97%E0%B8%A3%E0%B8%87%E0%B8%99%E0%B9%88%E0%B8%B2%E0%B8%A3%E0%B8%B1%E0%B8%94%E0%B9%83%E0%B8%AA%E0%B9%88%E0%B9%84%E0%B8%94%E0%B9%89%E0%B8%97%E0%B8%B8%E0%B8%81%E0%B8%A7%E0%B8%B1%E0%B8%99-%E0%B8%A3%E0%B8%B8%E0%B9%88%E0%B8%99-%E0%B8%95%E0%B8%B2%E0%B9%81%E0%B8%9B%E0%B9%8B%E0%B8%A7-i.52999629.24832368987?model_id=187591022321,24832368987,🌈SpinnyHouse🌈เสื้อครอปแต่งย่นข้าง ปักโบว์ช่วงอก BABY TEE 😻 ผ้ายูนิโคล่ยืดตามตัว ทรงน่ารัดใส่ได้ทุกวัน รุ่น ตาแป๋ว,0,4.8,0,199.0,99.0,THB,,0,"[""https://down-th.img.susercontent.com/file/th-11134207-7r98s-lwnvbz4fl6mn2b_tn"",""https://down-th.img.susercontent.com/file/th-11134207-7r992-lwnvbz4fqswfd3_tn"",""https://down-th.img.susercontent.com/file/th-11134207-7r98o-lwnvbz4fs7gv5e_tn"",""https://down-th.img.susercontent.com/file/th-11134207-7r98t-lwnvbz4fml730e_tn"",""https://down-th.img.susercontent.com/file/th-11134207-7r98r-lwnvbz4ftm1b4a_tn"",""https://down-th.img.susercontent.com/file/th-11134207-7r98z-lwnvbz4fpebze9_tn"",""https://down-th.img.susercontent.com/file/th-11134207-7r98p-lwnvbz4fnzrj5c_tn"",""https://down-th.img.susercontent.com/file/th-11134207-7r98q-lwnvbz4fv0lr61_tn"",""https://down-th.img.susercontent.com/file/th-11134207-7r98v-lwnvbz4fwf67d0_tn""]",,SPI███HOU███,https://shopee.co.th/pinmesub,"[""เสื้อผ้าผู้หญิง"",""เสื้อ"",""เสื้อยืด""]","[{""name"":""คลัง"",""value"":""391372""},{""name"":""ความยาวเสื้อ"",""value"":""ปกติ""},{""name"":""ประเทศต้นกำเนิดสินค้า"",""value"":""จีน""},{""name"":""ทรงคอเสื้อ"",""value"":""คอกลม""},{""name"":""ความยาวของแขนเสื้อ"",""value"":""แขนสั้น""},{""name"":""วัสดุ"",""value"":""ฝ้าย""},{""name"":""ขนาดใหญ่"",""value"":""ไม่""},{""name"":""ลวดลาย"",""value"":""เรียบๆ""},{""name"":""โอกาส"",""value"":""ไม่เป็นทางการ""},{""name"":""สไตล์เสื้อผ้า"",""value"":""เกาหลี, เรียบ ๆ, เซ็กซี่""},{""name"":""เสื้อครอบตัด"",""value"":""ใช่""},{""name"":""เล็กกระทัดรัด"",""value"":""ไม่""},{""name"":""ฤดูกาล"",""value"":""🌈🌈ทุกฤดู🌈🌈""},{""name"":""ส่งจาก"",""value"":""จังหวัดกรุงเทพมหานคร""}]","เสื้อครอปแต่งย่นข้าง ปักโบว์ช่วงอก BABY TEE 😻 ผ้ายูนิโคล่ยืดตามตัว ทรงน่ารัดใส่ได้ทุกวัน รุ่น ตาแป๋ว

รุ่น 🌂ตาแป๋ว
ความยาวเสื้อ 21
ความยาวแขน 5
รอบแขนก่อนยืด 8 ยืดสุด 12
อกก่อนยืด 34 ยืดสุด 56

มีสีขาว ดำ นู้ด น้ำตาลทอง โกโก้ เขียวตอง ชมพู บานเย็น


🌟✨ขนาดสินค้าจริงอาจจะคลาดเคลื่อนตามรายละเอียดเล็กน้อย✨🌟
 💕💕💕💕นางแบบใส่สินค้าถ่ายจริง💕💕💕💕
🍒🍒สีของสินค้าในรูปอาจจะมีความเพี้ยนบ้าง💗 เกิดจากแสงของภาพที่ถ่าย☀️
🍒🍒  ควรพิจารณาก่อนสั่งซื้อนะค่ะ🍒🍒

💌📮จัดส่งสินค้าทุกวัน ตัดรอบประมาณ 16.00-17.00 น.📮💌
😊😊กรณีสินค้ามีปัญหา รบกวนทักแชทร้านค้าได้เลยค่ะ 😊😊
",4.71,2553,82,2.30 hours,Thu Jan 18 2018 18:18:43 GMT+0000 (Coordinated Universal Time),1235516,"[{""name"":""🌈 สี 🌈"",""variations"":[""ขาว"",""ดำ"",""นู้ด"",""น้ำตาลทอง"",""โกโก้"",""เขียวตอง"",""ชมพู"",""บานเย็น""]},{""name"":""💕 รุ่น💕"",""variations"":[""🌺ตาแป๋ว""]}]",https://shopee.co.th,,100017,False,,"[{""name"":""model"",""value"":""ชมพู,🌺ตาแป๋ว""}]",0,https://shopee.co.th/%E0%B9%80%E0%B8%AA%E0%B8%B7%E0%B9%89%E0%B8%AD%E0%B8%84%E0%B8%A3%E0%B8%AD%E0%B8%9B-%E0%B8%97%E0%B9%87%E0%B8%AD%E0%B8%9B-cat.11044944.11045058.11045403,,,,
https://shopee.co.th/%F0%9F%92%A5YH?model_id=175757334816#8755%F0%9F%92%A5%E0%B8%A1%E0%B8%B5%E0%B9%84%E0%B8%8B%E0%B8%8B%E0%B9%8C-S-3XL%F0%9F%92%A5%E0%B8%81%E0%B8%B2%E0%B8%87%E0%B9%80%E0%B8%81%E0%B8%87%E0%B8%A2%E0%B8%B5%E0%B8%99%E0%B8%AA%E0%B9%8C-%E0%B9%80%E0%B8%AD%E0%B8%A7%E0%B8%AA%E0%B8%B9%E0%B8%87-%E0%B8%AA%E0%B9%84%E0%B8%95%E0%B8%A5%E0%B9%8C%E0%B9%80%E0%B8%81%E0%B8%B2%E0%B8%AB%E0%B8%A5%E0%B8%B5-%E0%B8%82%E0%B8%B2%E0%B8%81%E0%B8%A3%E0%B8%B0%E0%B8%9A%E0%B8%AD%E0%B8%81-%E0%B9%80%E0%B8%97%E0%B9%89%E0%B8%B2%E0%B8%81%E0%B8%A7%E0%B9%89%E0%B8%B2%E0%B8%87-%E0%B8%81%E0%B8%B2%E0%B8%87%E0%B9%80%E0%B8%81%E0%B8%87%E0%B8%A2%E0%B8%B5%E0%B8%99%E0%B8%AA%E0%B9%8C%E0%B8%82%E0%B8%B2%E0%B8%A2%E0%B8%B2%E0%B8%A7-%E0%B8%AA%E0%B8%A7%E0%B8%A2%E0%B9%86%E0%B9%80%E0%B8%81%E0%B9%8B%E0%B9%86-i.263963362.22234652646,22234652646,💥YH#8755💥มีไซซ์ S-3XL💥กางเกงยีนส์ เอวสูง สไตล์เกาหลี ขากระบอก เท้ากว้าง กางเกงยีนส์ขายาว สวยๆเก๋ๆ,0,4.7,0,599.0,189.0,THB,,0,"[""https://down-th.img.susercontent.com/file/th-11134207-7qukw-lerozndzrd2l36_tn"",""https://down-th.img.susercontent.com/file/th-11134207-7qukw-lerozndzvkrx1c_tn"",""https://down-th.img.susercontent.com/file/th-11134207-7qukw-lerozndzsrn11f_tn"",""https://down-th.img.susercontent.com/file/th-11134207-7qukw-lerozndzu67h53_tn"",""https://down-th.img.susercontent.com/file/th-11134207-7qukw-lerozndzzsh99f_tn"",""https://down-th.img.susercontent.com/file/th-11134207-7qukw-lerozndzydwta0_tn"",""https://down-th.img.susercontent.com/file/th-11134207-7qukw-lerozndzwzcde0_tn""]",,YH_███ici███Sto███,https://shopee.co.th/yh_official_store,"[""เสื้อผ้าผู้หญิง"",""ผ้ายีนส์""]","[{""name"":""คลัง"",""value"":""1027""},{""name"":""สไตล์เสื้อผ้า"",""value"":""เกาหลี""},{""name"":""ความสูงเอว"",""value"":""เอวสูง""},{""name"":""วัสดุ"",""value"":""ยีนส์""},{""name"":""ขนาดใหญ่"",""value"":""ไม่""},{""name"":""ประเภทของกางเกง"",""value"":""กางเกงทรงกระบอก""},{""name"":""ประเทศต้นกำเนิดสินค้า"",""value"":""เกาหลี""},{""name"":""ความยาวของกางเกง"",""value"":""เต็มความยาว""},{""name"":""ลวดลาย"",""value"":""เรียบๆ""},{""name"":""ส่งจาก"",""value"":""จังหวัดกรุงเทพมหานคร""}]","สินค้ามือ1 ของใหม่ รังดุมลูกค้าต้องเจาะเองค่ะ
 
 
 
 // สินค้าพร้อมส่ง // 
 
 มี 5 สี: สีกากี，สีม่วง，สีเขียว，สีครีม，สีดำ
 
 มี 6 ไซซ์: S， M， L， XL， 2XL， 3XL
 
 
 
 📏ขนาดไซซ์กางเกง📏
 
 S เอว 25-26"" / สะโพก 36"" / ยาว 37"" / ต้นขา 22"" / เป้า 13.5""
 
 M เอว 27-28"" / สะโพก 38"" / ยาว 37"" / ต้นขา 22"" / เป้า 13.5""
 
 L เอว 29-30"" / สะโพก 39"" / ยาว 38"" / ต้นขา 23"" / เป้า 13.5""
 
 XL เอว 30-31"" / สะโพก 40"" / ยาว 38"" / ต้นขา 24"" / เป้า 14""
 
 2XL เอว 32-33"" / สะโพก 42"" / ยาว 39"" / ต้นขา 25"" / เป้า 14""
 
 3XL เอว 34-35"" / สะโพก 44"" / ยาว 39"" / ต้นขา 25"" / เป้า 14""
 
 
 
 วิธีสั่งซื้อหลายสี 
 
 1. กดตัวเลือกสีนจำนวนใส่ตะกร้า ที่ละสีนะคะ 
 
 2. กดคำว่า ""ซื้อตอนนี้"" 
 
 3. กดลูกศรหรือย้อนกลับทำตามข้อ1และ2 
 
 4. กดเสร็จตามต้องการค่อยกดการชำระเงินรายการสินค้าจะรวมอยู่ในออเดอร์เดียวกัน",4.6,71,93,2.54 hours,Mon May 18 2020 21:09:12 GMT+0000 (Coordinated Universal Time),328420,"[{""name"":""สี"",""variations"":[""8755 สีดำ"",""8755 สีม่วง"",""8755 สีเขียว"",""8755 สีกากี""]},{""name"":""ขนาด"",""variations"":[""S"",""M"",""L"",""XL"",""2XL"",""3XL""]}]",https://shopee.co.th,,100017,False,,"[{""name"":""model"",""value"":""8755 สีดำ,XL""}]",0,https://shopee.co.th/%E0%B8%81%E0%B8%B2%E0%B8%87%E0%B9%80%E0%B8%81%E0%B8%87%E0%B8%A2%E0%B8%B5%E0%B8%99%E0%B8%AA%E0%B9%8C%E0%B8%82%E0%B8%B2%E0%B8%A2%E0%B8%B2%E0%B8%A7-cat.11044944.11045009.11046629,,,,
https://shopee.co.th/RAN-Instyle-Cushion-SPF30-PA+++-by-Pom-Vinij-%E0%B8%A3%E0%B8%B1%E0%B8%99-%E0%B8%AD%E0%B8%B4%E0%B8%99%E0%B8%AA%E0%B9%84%E0%B8%95%E0%B8%A5%E0%B9%8C-%E0%B8%84%E0%B8%B8%E0%B8%8A%E0%B8%8A%E0%B8%B1%E0%B9%88%E0%B8%99-%E0%B8%9A%E0%B8%B2%E0%B8%A2-%E0%B8%9B%E0%B9%89%E0%B8%AD%E0%B8%A1-%E0%B8%A7%E0%B8%B4%E0%B8%99%E0%B8%B4%E0%B8%88-i.83733798.14593842785?model_id=187548464784,14593842785,RAN Instyle Cushion SPF30 PA+++ by Pom Vinij รัน อินสไตล์ คุชชั่น บาย ป้อม วินิจ,0,4.9,0,59.0,59.0,THB,,0,"[""https://down-th.img.susercontent.com/file/th-11134207-7r98p-lzoa3ikf9o6h97_tn"",""https://down-th.img.susercontent.com/file/th-11134207-7r990-lvyh9jb0rfm7be_tn"",""https://down-th.img.susercontent.com/file/th-11134207-7r991-lvyh9jb0su6n1f_tn"",""https://down-th.img.susercontent.com/file/06e6072394d9abc3c6d6ff7c72cc2341_tn"",""https://down-th.img.susercontent.com/file/sg-11134201-22100-q4ggwcaslkiva1_tn"",""https://down-th.img.susercontent.com/file/sg-11134201-22100-1w43rar0akivd1_tn"",""https://down-th.img.susercontent.com/file/5d9c0de443a1926e0a7074240b3ca1d0_tn"",""https://down-th.img.susercontent.com/file/sg-11134201-22100-399eqdaslkiv03_tn""]",,RAN███sme███ Of█████████,https://shopee.co.th/rancosmetic_official,"[""ผลิตภัณฑ์บำรุงและเสริมความงาม"",""เครื่องสําอาง"",""เครื่องสําอางสำหรับผิวหน้า"",""รองพื้น""]","[{""name"":""คลัง"",""value"":""1849""},{""name"":""สินค้า"",""value"":""RAN Cosmetic (รัน คอสเมติก)""},{""name"":""หลังแต่งหน้า"",""value"":""ธรรมชาติ""},{""name"":""Storage Condition"",""value"":""Normal""},{""name"":""ระดับการปกปิดของรองพื้น"",""value"":""Full Coverage""},{""name"":""ส่งจาก"",""value"":""จังหวัดสมุทรปราการ""}]","Instyle Cushion BY POM VINIJ 
รัน อินสไตล์ คุชชั่น บาย ป้อม วินิจ
ราคา 59 บาท

หน้าเนียนกริ๊บ!! แต่ผิวหายใจได้
ด้วยนวัตกรรม Airy Cover Matte ในรองพื้น Full Coverage ช่วยเบลอรูขุมขน ปกปิดจุดด่างดำ พร้อม Triple Hya จากเกาหลี TrimethyIsiloxsicate เคลือบล็อคอนุภาคเม็ดสีให้แนบสนิทติดผิว Triple Hyaluronic Acid เดิมความชุ่มชื้น อิ่มฟู ด้วยไฮยาลูรอน 3 ชนิด จากเกาหลี Pollustop ป้องกันผิวจากฝุ่นละออง โทนสีใช้ง่าย เหมาะกับคนไทยผิวโทนไหนก็ปัง

รายละเอียดสินค้า:
- คุชชั่นชนิดซองพกพาสะดวก
- เนื้อเนียนสบายผิว ไม่หนักหน้า
- เกลี่ยง่าย ไม่เป็นคราบ
- ปกปิดจุดด่างดำได้เรียบเนียน
- ควบคุมความมัน
- โทนสีใช่ง่ายเหมาะกับทุกสีผิว
- บำรุงผิวด้วยไฮยาลูรอนจากเกาหลี
- ปกป้องผิวจากมลภาวะ
- SPF30 PA+++

เฉดสี : 
01 Light ผิวขาวเหลือง
02 Natural ผิวขาวถึงปานกลาง
03 Tan ผิวสองสี

วิธีใช้ : เกลี่ยเนื้อครีมให้ทั่วใบหน้าและลำคอเพื่อให้ผิวเรียบเนียน

ขนาดบรรจุ: 7 กรัม

ส่วนประกอบ : Aqua, CI 77891, Cyclopentasiloxane, Isododecane, PEG-10 Dimethicone.
Dimethicone, EthyIhexyl Methoxycinnamate, CI 77492, Silica, Sodium Chloride,
Disteardimonium Hectorite, Phenoxyethanol, Aluminum Hydroxide, TriethoxycaprylyIsilane,
Chlorphenesin, Fragrance, Silica DimethyI Silylate, PEG-10, Glycerin, Quartz,
TrimethyIsiloxysilicate, Butylene Glycol, 1,2-Hexanediol, Boron Nitride, Dimethicone/
VinyI Dimethicone Crosspolymer, Biosaccharide gum-4, Sodium Hyaluronate, Hydrolyzed
Hyaluronic Acid, Sodium Acetylated Hyaluronate, CI 77491, CI 77499",4.9,37,99,1.91 hours,Fri Aug 10 2018 06:19:17 GMT+0000 (Coordinated Universal Time),32129,"[{""name"":""เฉดสี"",""variations"":[""01 ผิวขาวเหลือง"",""02 ผิวขาวถึงปานกลาง"",""03 ผิวสองสี""]}]",https://shopee.co.th,RAN Cosmetic (รัน คอสเมติก),100630,False,,"[{""name"":""model"",""value"":""01 ผิวขาวเหลือง""}]",0,https://shopee.co.th/%E0%B8%A3%E0%B8%AD%E0%B8%87%E0%B8%9E%E0%B8%B7%E0%B9%89%E0%B8%99-cat.11044959.11045208.11046067,,,,
https://shopee.co.th/%E0%B9%80%E0%B8%84%E0%B8%AA%E0%B9%83%E0%B8%AA-%E0%B8%AA%E0%B8%B3%E0%B8%AB%E0%B8%A3%E0%B8%B1%E0%B8%9A-iPhone-%E0%B8%A3%E0%B8%B8%E0%B9%88%E0%B8%99%E0%B9%83%E0%B8%AB%E0%B8%A1%E0%B9%88%E0%B8%A5%E0%B9%88%E0%B8%B2%E0%B8%AA%E0%B8%B8%E0%B8%94-%F0%9F%94%A5-TPU-%F0%9F%94%A5%E0%B9%80%E0%B8%84%E0%B8%AA%E0%B8%81%E0%B8%B1%E0%B8%99%E0%B8%81%E0%B8%A3%E0%B8%B0%E0%B9%81%E0%B8%97%E0%B8%81-%E0%B8%A3%E0%B8%B8%E0%B9%88%E0%B8%99-15/14-Pro-Max-13/12-Pro-Max/11-pro/XS-Max/XR/X|8/7-Plus?model_id=148250877512#02-i.230773795.22345756388,22345756388,เคสใส สำหรับ iPhone รุ่นใหม่ล่าสุด 🔥 TPU 🔥เคสกันกระแทก รุ่น 15/14 Pro Max 13/12 Pro Max/11 pro/XS Max/XR/X|8/7 Plus#02,0,4.7,0,99.0,19.0,THB,,0,"[""https://down-th.img.susercontent.com/file/sg-11134201-7qvg8-li474volrd9z89_tn"",""https://down-th.img.susercontent.com/file/sg-11134201-7qvfn-li474vu5j91r2e_tn"",""https://down-th.img.susercontent.com/file/sg-11134201-7qvcz-li474vylcr58ab_tn"",""https://down-th.img.susercontent.com/file/sg-11134201-7qvek-li474w6x0ktrdf_tn"",""https://down-th.img.susercontent.com/file/sg-11134201-7qve4-li474wbcu2h99b_tn"",""https://down-th.img.susercontent.com/file/sg-11134201-7qvfo-li474wfinzeu52_tn"",""https://down-th.img.susercontent.com/file/sg-11134201-7qvfj-li474wjohw8c33_tn"",""https://down-th.img.susercontent.com/file/sg-11134201-7qvf4-li474wr66xuy50_tn"",""https://down-th.img.susercontent.com/file/sg-11134201-7qvcr-li474wwq07il60_tn""]",,goo███99_███p,https://shopee.co.th/%E0%B9%80%E0%B8%84%E0%B8%AA%E0%B9%83%E0%B8%AA-%E0%B8%AA%E0%B8%B3%E0%B8%AB%E0%B8%A3%E0%B8%B1%E0%B8%9A-iPhone-%E0%B8%A3%E0%B8%B8%E0%B9%88%E0%B8%99%E0%B9%83%E0%B8%AB%E0%B8%A1%E0%B9%88%E0%B8%A5%E0%B9%88%E0%B8%B2%E0%B8%AA%E0%B8%B8%E0%B8%94-%F0%9F%94%A5-TPU-%F0%9F%94%A5%E0%B9%80%E0%B8%84%E0%B8%AA%E0%B8%81%E0%B8%B1%E0%B8%99%E0%B8%81%E0%B8%A3%E0%B8%B0%E0%B9%81%E0%B8%97%E0%B8%81-%E0%B8%A3%E0%B8%B8%E0%B9%88%E0%B8%99-15/14-Pro-Max-13/12-Pro-Max/11-pro/XS-Max/XR/X|8/good_999_shop,"[""มือถือและอุปกรณ์เสริม"",""อุปกรณ์เสริม"",""เคสมือถือและแท็บเล็ต"",""เคสมือถือ""]","[{""name"":""คลัง"",""value"":""830958""},{""name"":""วัสดุ"",""value"":""อื่นๆ""},{""name"":""ระยะเวลาการรับประกัน"",""value"":""ไม่รับประกัน""},{""name"":""ประเภทการประกัน"",""value"":""ไม่รับประกัน""},{""name"":""ยี่ห้อมือถือที่เหมาะสม"",""value"":""Apple""},{""name"":""ประเภทของเคส"",""value"":""กำหนดเอง""},{""name"":""ประเภทฟิล์มกันรอย"",""value"":""อื่นๆ""},{""name"":""ส่งจาก"",""value"":""จังหวัดกรุงเทพมหานคร""}]","🔥พร้อมส่งในประเทศไทย🔥     🛰 สินค้านำส่ง 1-3 วัน🛰
 👏👏 สินค้านี้คำการสั่งซื้อวันนี้จะถูกจัดส่งในวันถัดไป

👉แนะนำสินค้า

💖💖 รุ่นใหม่ของการอัพเกรดใหม่ มันคือ
          รูใสป้องกันโทรศัพท์เสียหาย

💕💕มีนักออกแบบเคสโทรศัพท์มือถือมืออาชีพ
          ออกแบบเคสมือถือให้คนไทย

💖💖สินค้าพร้อมส่งจากประเทศไทย

💕💕ทำความสะอาดง่าย

💖💖ยาง TPU ทนทาน ผิวเรียบเนียน ความหนา: 2.3 มม.

💕💕ขอบจอได้รับการออกแบบให้สูงกว่าหน้าจอ 1 มม. เพื่อปกป้องหน้าจอ  หรือกล้องของคุณเมื่อทำตกหรือคว่ำหน้าลง
 👏👏คุณสมบัติ:

 วัสดุ: TPU
  สไตล์อินเทรนด์
  รุ่นโทรศัพท์ที่รองรับ:
  - ขนาดเคส  6/6s (6=6s=select 6/6s): 7x14 cm.
- ขนาดเคส  6plus/6splus (6plus=6splus=เลือก 6plus/6splus): 80x160 ซม.
- ขนาดเคส  7/8 (7=8=เลือก 7/8): 7x14 cm.
- ขนาดเคส  7plus/8plus 97plus=8plus = เลือกขนาดเคสสำหรับ 7plus/8plus : 80x160 cm.
- ขนาดเคส  x/xs (x=xs=select x/xs) : 73x145 cm.
- ขนาดเคส  xsmax : 80x157 ซม.
- ขนาดเคส  11 : 79x153 ซม.
- ขนาดเคสสำหรับ  11 pro max: 80x157 ซม.
- ขนาดเคส  12 : 69x144 cm.
- ขนาดเคสของ  12 pro max : 76x158 cm.
คู่มือผลิตภัณฑ์  6/6plus/6s/6s plus/7/7plus/8/8plus/x/xs/xs max/11/11 promax/12/34 pro max
  
  เราดีใจที่คุณเลือกร้านของเรา นี่คือร้านเคสโทรศัพท์ของไทย แต่เชื่อว่าเราจะนำเสนอผลิตภัณฑ์คุณภาพสูงในราคาต่ำสุด เรามีโรงงานของเราเองในกรุงเทพฯ ประเทศไทย
  
  
👉ข้อมูลโลจิสติก:kerry
  
👏👏 สินค้าทั้งหมดอยู่ในสต็อก หลังจากที่คุณสั่งซื้อ เราจะจัดส่งให้คุณโดยเร็วที่สุด
  
  หมายเหตุ:
  โปรดยืนยันรายละเอียดสีและขนาด ตลอดจนที่อยู่สำหรับจัดส่งของคุณ ก่อนทำการสั่งซื้อ แต่ละผลิตภัณฑ์มีขนาดของตัวเอง โปรดดูแผนภูมิขนาดเพื่อเลือกผลิตภัณฑ์ที่ถูกต้อง หากคุณเป็นผู้ซื้อขายส่งโปรดติดต่อเรา เราจะให้ราคาที่น่าพอใจมากขึ้น!
- หลังจากได้รับสินค้าแล้ว โปรดสละเวลาสักครู่เพื่อให้คะแนนร้านค้าของเรา เพื่อให้ร้านค้าของเรามีทิศทางที่ดีขึ้นในการบริการ",4.58,1271,100,0.02 hours,Tue Feb 25 2020 13:46:45 GMT+0000 (Coordinated Universal Time),1078693,"[{""name"":""สี"",""variations"":[""023-1 สีขาว"",""023-4 สีเทา""]},{""name"":""ขนาด"",""variations"":[""7 / 8 /SE/SE3 ( Z )"",""7Plus / 8Plus  ( Z )"",""X / XS  ( Z )"",""XR  ( Z )"",""XS Max  ( Z )"",""11  ( Z )"",""11 Pro  ( Z )"",""11 Pro Max  ( Z )"",""12   ( Z )"",""12 Pro Max ( Z )"",""13 Pro  ( Z )"",""13  ( Z )"",""13 Pro Max ( Z )"",""14  ( Z )"",""6/6S"",""6PLUS/6SPLUS"",""14 Pro  ( Z )"",""14 Plus  ( Z )"",""14 Pro Max ( Z )"",""12 Pro  ( Z )"",""13 Pro""]}]",https://shopee.co.th,,100013,False,,"[{""name"":""model"",""value"":""023-4 สีเทา,13 Pro Max ( Z )""}]",0,https://shopee.co.th/%E0%B8%AD%E0%B8%B7%E0%B9%88%E0%B8%99%E0%B9%86-cat.11044946.11045119.11046414,"[{""claimable"":false,""currency"":""THB"",""discount"":5,""discount_cap"":0,""discount_percentage"":0,""min_spend"":9900000,""shop_vouncher"":""good_999_shop"",""special_condition"":null,""text_info"":""GOOD999"",""validity_end"":""2024-10-23T04:44:00.000Z"",""validity_start"":""2024-07-23T03:44:00.000Z""},{""claimable"":false,""currency"":""THB"",""discount"":5,""discount_cap"":0,""discount_percentage"":0,""min_spend"":19900000,""shop_vouncher"":""good_999_shop"",""special_condition"":null,""text_info"":""GOOD9999"",""validity_end"":""2024-10-23T04:42:00.000Z"",""validity_start"":""2024-07-23T03:42:00.000Z""}]",,,
https://shopee.co.th/%E2%96%A1%E2%9D%A1%E0%B8%A3%E0%B8%AD%E0%B8%87%E0%B9%80%E0%B8%97%E0%B9%89%E0%B8%B2%E0%B9%81%E0%B8%95%E0%B8%B0%E0%B8%9C%E0%B8%B9%E0%B9%89%E0%B8%AB%E0%B8%8D%E0%B8%B4%E0%B8%87-Wnc-Native-Waterproof-Shoes-EVA-Non-slip-Beach-Hollow-Sandals-Solid-Color-Couple-i.886197014.20659907642?model_id=107675403421,20659907642,□❡รองเท้าแตะผู้หญิง Wnc Native Waterproof Shoes EVA Non-slip Beach Hollow Sandals Solid Color Couple,0,0.0,0,708.0,708.0,THB,,0,"[""https://down-th.img.susercontent.com/file/sg-11134201-22110-zgz5xj6q9fjvfd_tn"",""https://down-th.img.susercontent.com/file/sg-11134201-22110-4f29yi8q9fjv3d_tn"",""https://down-th.img.susercontent.com/file/sg-11134201-22110-ux09b08q9fjv4c_tn"",""https://down-th.img.susercontent.com/file/sg-11134201-22110-j1bvg89q9fjv7e_tn"",""https://down-th.img.susercontent.com/file/sg-11134201-22110-8n8umzfr9fjv98_tn"",""https://down-th.img.susercontent.com/file/sg-11134201-22110-6byn6tgr9fjv2d_tn"",""https://down-th.img.susercontent.com/file/sg-11134201-22110-cqa20whr9fjv14_tn"",""https://down-th.img.susercontent.com/file/sg-11134201-22110-d3ft9qir9fjv10_tn"",""https://down-th.img.susercontent.com/file/sg-11134201-22110-5wv1czjr9fjv40_tn""]",,1lw███2et███,https://shopee.co.th/1lw42a2eta,"[""รองเท้าผู้หญิง"",""รองเท้าแตะ"",""รองเท้าแตะส้นแบน""]","[{""name"":""คลัง"",""value"":""27408""},{""name"":""รูปแบบรองเท้า"",""value"":""รองเท้าแกลดิเอเตอร์""},{""name"":""ส่งจาก"",""value"":""จังหวัดสมุทรปราการ""}]","เรียนลูกค้า โปรดใส่ใจเมื่อทำการสั่งซื้อ! ! !
 ติดตามร้านค้าเพื่อรับคูปอง
 สินค้าเป็นสินค้าพรีเซลล์จากต่างประเทศ ใช้เวลาสินค้า 10-12วัน กรุณารออย่างอดทน 
สินค้าที่จัดส่งไม่สนับสนุนการคืนสินค้า หากคุณมีคำถามใดๆ คุณสามารถติดต่อฝ่ายบริการลูกค้าเพื่อสื่อสาร .
 ให้ความสนใจในการตรวจสอบ ฉันขอให้คุณช้อปปิ้งมีความสุข และหวังว่าจะได้รับความคิดเห็นระดับห้าดาวของคุณ ครั้งต่อไปที่คุณซื้อผลิตภัณฑ์จากร้านค้า คุณสามารถติดต่อลูกค้าเพื่อรับส่วนลดได้ 
โปรดตรวจสอบที่อยู่จัดส่งและหมายเลขติดต่ออย่างละเอียดก่อนทำการสั่งซื้อ ! ! !ชื่อยี่ห้อ:wnc native
วัสดุด้านบน:EVA
ประเภทรองเท้าแตะ:รองเท้าฉีด EVA
วัสดุซับ:พีวีซี
แฟชั่น ธาตุ:ตื้น
วัสดุพื้นรองเท้า:EVA
โอกาส:ลำลอง
ประเภทปิด: สลิปออน
สไตล์:รัดกุม
ส้นสูง:ต่ำ(1cm-3cm)
ประเภทรูปแบบ:ของแข็ง
หมายเลขรุ่น:W1806
วัสดุพื้นรองเท้า:EVA

โปรดทราบว่ารองเท้านี้ไม่สามารถตากแดดหลังซักได้ เพราะจะทำให้เสียรูป

พอดี: รองเท้านี้ใหญ่กว่าปกติเล็กน้อย โปรดใช้ขนาดที่ถูกต้องจากแผนภูมิขนาด

Size 35= ความยาวด้านใน 22.5 cm
Size 36= ความยาวด้านใน 23.5 cm
Size 37= ความยาวด้านใน 24.0 cm
Size 38= ความยาวด้านใน 24.5 cm
Size 39= ความยาวด้านใน 25.0 cm
Size 40= ความยาวด้านใน 25.5 cm
Size 41= ความยาวด้านใน 26.0 cm
Size 42= ความยาวด้านใน 26.5 cm
Size 43= ความยาวด้านใน 27.5 cm
Size 44= ความยาวด้านใน 28.0 cm
Size 45= ความยาวด้านใน 28.5 cm

การบรรจุ: รองเท้าคู่หนึ่ง.

#รองเท้าพื้นเมือง #รองเท้าผู้หญิง #รองเท้ากันน้ำ #hollowshoes #รองเท้าสำหรับคู่รัก #รองเท้าแตะรองเท้าแตะ #รองเท้าแตะชายหาด #รองเท้าแตะสำหรับผู้หญิง #รองเท้าแตะสำหรับผู้หญิง #รองเท้าคู่",5.0,200,57,,Wed Oct 19 2022 08:36:36 GMT+0000 (Coordinated Universal Time),2,"[{""name"":""Variation"",""variations"":[""pink"",""สีเทาเข้ม"",""ขาว"",""แดง"",""แสงสีเทา"",""สีเหลือง"",""ส้ม"",""น้ำ"",""ฟ้า"",""black""]},{""name"":""Size"",""variations"":[""40"",""39"",""37"","" 38"",""36""]}]",https://shopee.co.th,,100532,False,,"[{""name"":""model"",""value"":""แสงสีเทา,40""}]",0,https://shopee.co.th/%E0%B8%A3%E0%B8%AD%E0%B8%87%E0%B9%80%E0%B8%97%E0%B9%89%E0%B8%B2%E0%B9%81%E0%B8%81%E0%B8%A5%E0%B8%94%E0%B8%B4%E0%B9%80%E0%B8%AD%E0%B9%80%E0%B8%95%E0%B8%AD%E0%B8%A3%E0%B9%8C-cat.11044948.11045093.11045499,,,,
https://shopee.co.th/[EarWonders]-%E3%80%90%E0%B8%9E%E0%B8%A3%E0%B9%89%E0%B8%AD%E0%B8%A1%E0%B8%AA%E0%B9%88%E0%B8%87%E3%80%91JBL-Wave-300-TWS-%E0%B8%8A%E0%B8%B8%E0%B8%94%E0%B8%AB%E0%B8%B9%E0%B8%9F%E0%B8%B1%E0%B8%87%E0%B8%AA%E0%B9%80%E0%B8%95%E0%B8%AD%E0%B8%A3%E0%B8%B4%E0%B9%82%E0%B8%AD%E0%B9%84%E0%B8%A3%E0%B9%89%E0%B8%AA%E0%B8%B2%E0%B8%A2-%E0%B8%9A%E0%B8%A5%E0%B8%B9%E0%B8%97%E0%B8%B9%E0%B8%98-5.2-3D-%E0%B8%9E%E0%B8%A3%E0%B9%89%E0%B8%AD%E0%B8%A1%E0%B9%84%E0%B8%A1%E0%B9%82%E0%B8%84%E0%B8%A3%E0%B9%82%E0%B8%9F%E0%B8%99%E0%B9%83%E0%B8%99%E0%B8%95%E0%B8%B1%E0%B8%A7-%E0%B8%AA%E0%B9%8D%E0%B8%B2%E0%B8%AB%E0%B8%A3%E0%B8%B1%E0%B8%9A%E0%B9%80%E0%B8%A5%E0%B9%88%E0%B8%99%E0%B8%81%E0%B8%B5%E0%B8%AC%E0%B8%B2-i.325311773.24758938190?model_id=99503078758,24758938190,[EarWonders] 【พร้อมส่ง】JBL Wave 300 TWS ชุดหูฟังสเตอริโอไร้สาย บลูทูธ 5.2 3D พร้อมไมโครโฟนในตัว สําหรับเล่นกีฬา,0,4.6,0,148.0,148.0,THB,0.0,0,"[""https://down-th.img.susercontent.com/file/cn-11134207-7r98o-lqle04x70ahk45_tn"",""https://down-th.img.susercontent.com/file/cn-11134207-7r98o-lqle04x71p200c_tn"",""https://down-th.img.susercontent.com/file/cn-11134207-7r98o-lqle04x7bj1443_tn"",""https://down-th.img.susercontent.com/file/cn-11134207-7r98o-lqle04x74i6wc4_tn"",""https://down-th.img.susercontent.com/file/cn-11134207-7r98o-lqle04x75wrc59_tn"",""https://down-th.img.susercontent.com/file/cn-11134207-7r98o-lqle04x77bbsc7_tn"",""https://down-th.img.susercontent.com/file/cn-11134207-7r98o-lqle04x7a4go3f_tn"",""https://down-th.img.susercontent.com/file/cn-11134207-7r98o-lqle04x78pw85f_tn"",""https://down-th.img.susercontent.com/file/cn-11134207-7r98o-lqle04x733mg4d_tn""]",,Ear███der███I,https://shopee.co.th/digimon.th,"[""เครื่องเสียง"",""หูฟัง""]","[{""name"":""คลัง"",""value"":""1954""},{""name"":""ประเภทการเชื่อมต่อ"",""value"":""แบบไร้สาย""},{""name"":""ประเภทหูฟังและหูฟังไมโครโฟน"",""value"":""หูฟังอินเอียร์""},{""name"":""เน้นใช้เล่นเกม"",""value"":""ใช่""},{""name"":""อุปกรณ์รองรับเครื่องเสียง"",""value"":""โทรศัพท์มือถือ, อื่นๆ, คอมพิวเตอร์และโน๊ตบุ๊ค""},{""name"":""ประเภทการประกัน"",""value"":""ไม่รับประกัน""},{""name"":""ส่งจาก"",""value"":""ต่างประเทศ""}]","คำอธิบาย:
1.Jbl Deep Bass Sound: ไดรเวอร์ 12 มม. ในเอียร์บัดเหล่านี้ให้เสียงเบสที่หนักแน่นและเสียงที่หนักแน่นสร้างประสบการณ์การฟังที่สมจริงและเพิ่มคุณภาพชีวิตประจำวันของคุณ
2.ฟังได้ทั้งวัน: เพลิดเพลินกับเพลงโปรดและพอดคาสต์ของคุณได้นานถึง 26 ชั่วโมงและเล่นได้นานถึง 20 ชั่วโมงด้วยเคสชาร์จที่ให้มา
3.สวมใส่สบายพอดี: เอียร์บัดเหล่านี้มีรูปทรงตามหลักสรีรศาสตร์เพื่อให้สวมใส่สบายและปลอดภัยในขณะที่การออกแบบที่เปิดช่วยเพิ่มการรับรู้ของคุณในสภาพแวดล้อม
4.ผู้ช่วยเสียงเข้าถึงการเข้าถึงด้วยเสียง: จัดการการโทรและเพลงหรือใช้ผู้ช่วยเสียงในคลิกเดียว การเชื่อมต่อคู่ช่วยให้คุณใช้หูฟังเพียงอย่างเดียวเพื่อประหยัดแบตเตอรี่

ข้อมูลจำเพาะ:
นาฬิกาข้อมือ WAVE300TWS รุ่น: WAVE300TWS
เวอร์ชันบลูทู ธ: 5.2
เวลาในการชาร์จ: ภายใน 2 ชั่วโมง
เวลาเล่นเพลงของบลูทู ธ เปิดอยู่: นานถึง 6 ชั่วโมง
แหล่งจ่ายไฟ: 5V1A
ความต้านทาน: 32Ω
การตอบสนองความถี่: 20Hz-20kHz


แพ็คเกจประกอบด้วย:
หูฟัง 2 * หูฟัง 2 *
1 * กล่องชาร์จ
1 * สายชาร์จ
1 * คู่มือผู้ใช้",4.63,189,0,,Tue Oct 20 2020 09:37:34 GMT+0000 (Coordinated Universal Time),341,"[{""name"":""สี"",""variations"":[""สีดํา"",""สีขาว"",""A6s""]}]",https://shopee.co.th,,100535,False,,"[{""name"":""model"",""value"":""สีขาว""}]",0,https://shopee.co.th/%E0%B8%AB%E0%B8%B9%E0%B8%9F%E0%B8%B1%E0%B8%87%E0%B8%AD%E0%B8%B4%E0%B8%99%E0%B9%80%E0%B8%AD%E0%B8%B5%E0%B8%A2%E0%B8%A3%E0%B9%8C-cat.11044946.11045076.11045447,,,,
https://shopee.co.th/%E0%B8%94%E0%B8%B2%E0%B8%A3%E0%B9%8C%E0%B8%A5%E0%B8%B5%E0%B9%88-%E0%B8%A2%E0%B8%B2%E0%B8%AA%E0%B8%B5%E0%B8%9F%E0%B8%B1%E0%B8%99-%E0%B8%AD%E0%B8%AD%E0%B8%A5%E0%B8%A5%E0%B9%8C-%E0%B8%8A%E0%B8%B2%E0%B8%A2%E0%B8%99%E0%B8%B5%E0%B9%88-%E0%B9%84%E0%B8%A7%E0%B8%97%E0%B9%8C-%E0%B9%80%E0%B8%A5%E0%B8%A1%E0%B8%AD%E0%B8%99-%E0%B8%A1%E0%B8%B4%E0%B8%99%E0%B8%95%E0%B9%8C-140-%E0%B8%81%E0%B8%A3%E0%B8%B1%E0%B8%A1-[%E0%B9%81%E0%B8%9E%E0%B9%87%E0%B8%84%E0%B8%84%E0%B8%B9%E0%B9%88]-i.438282802.9159011574,9159011574,ดาร์ลี่ ยาสีฟัน ออลล์ ชายนี่ ไวท์ เลมอน มินต์ 140 กรัม [แพ็คคู่],0,4.9,0,139.0,95.0,THB,,0,"[""https://down-th.img.susercontent.com/file/th-11134207-7r98x-ltgg3wo6mmwv5d_tn"",""https://down-th.img.susercontent.com/file/th-11134201-7qul5-lhn0908s1fhf96_tn"",""https://down-th.img.susercontent.com/file/th-11134201-7qukx-lhzuep3f7uebee_tn"",""https://down-th.img.susercontent.com/file/th-11134201-7qul5-lhn090hdou8jde_tn"",""https://down-th.img.susercontent.com/file/th-11134201-7qul7-lhzuesfkc14375_tn"",""https://down-th.img.susercontent.com/file/th-11134201-7qul2-lhzucqkmf2fn87_tn"",""https://down-th.img.susercontent.com/file/th-11134201-7qukz-lhh4l4w7c2s313_tn""]",,Dar███ Of███ial█████████,https://shopee.co.th/darlie_officialshop,"[""กลุ่มผลิตภัณฑ์เพื่อสุขภาพ"",""ของใช้ส่วนตัว"",""ผลิตภัณฑ์ดูแลช่องปาก"",""ยาสีฟัน""]","[{""name"":""คลัง"",""value"":""49""},{""name"":""สินค้า"",""value"":""Darlie(ดาร์ลี่)""},{""name"":""ส่งจาก"",""value"":""จังหวัดสมุทรปราการ""}]","ยาสีฟันดาร์ลี่ ออลล์ ชายนี่ ไวท์ เลมอน มินต์

ระเบิดพลังฟันขาวสะอาด 14 วัน + พร้อมป้องกันคราบเกิดใหม่2 



ฟันขาวขึ้นอย่างเป็นธรรมชาติใน 14 วัน + ป้องกันคราบเกิดใหม่2 

- ด้วยพลังไมโครไวท์เทนนิ่ง1 ขจัดคราบสะสมถึง 2 เท่า3 ให้ฟันขาวขึ้นเป็นธรรมชาติอย่างมีประสิทธิภาพ พร้อมป้องกันคราบเกิดใหม่2



ลมหายใจหอมสดชื่น4

- ด้วยเลมอนเอสเซนส์และมินต์อโรม่าสกัดจากธรรมชาติ4 เพื่อลมหายใจหอมสดชื่น



1Total polyphosphate (Tetrasodium Pyrophosphate, Disodium Pyrophosphate) 

2ช่วยป้องกันคราบเกาะบนผิวฟัน

3เมื่อทดสอบและเปรียบเทียบในห้องทดลองกับยาสีฟันดาร์ลี่ สูตรไวท์เทนนิ่งทั่วไป

4สารแต่งรสมีส่วนผสมของสารสกัดเลมอนและมินต์จากธรรมชาติ

ผลลัพธ์ที่ได้อาจแตกต่าง ขึ้นอยู่กับการดูแลของแต่ละบุคคล",4.91,70,98,0.15 hours,Thu May 06 2021 05:19:40 GMT+0000 (Coordinated Universal Time),115592,"[{""variations"":[null]}]",https://shopee.co.th,Darlie(ดาร์ลี่),100001,False,,"[{""name"":""model"",""value"":null}]",0,https://shopee.co.th/%E0%B8%94%E0%B8%B9%E0%B9%81%E0%B8%A5%E0%B8%8A%E0%B9%88%E0%B8%AD%E0%B8%87%E0%B8%9B%E0%B8%B2%E0%B8%81-cat.11044959.11045210.11046509,"[{""claimable"":false,""currency"":""THB"",""discount"":29,""discount_cap"":0,""discount_percentage"":0,""min_spend"":23900000,""shop_vouncher"":""Darlie Official Store"",""special_condition"":null,""text_info"":""DARLSP01"",""validity_end"":""2024-09-08T12:59:00.000Z"",""validity_start"":""2024-08-31T17:00:00.000Z""},{""claimable"":false,""currency"":""THB"",""discount"":59,""discount_cap"":0,""discount_percentage"":0,""min_spend"":39900000,""shop_vouncher"":""Darlie Official Store"",""special_condition"":null,""text_info"":""DARLSP02"",""validity_end"":""2024-09-08T12:59:00.000Z"",""validity_start"":""2024-08-31T17:00:00.000Z""},{""claimable"":false,""currency"":""THB"",""discount"":119,""discount_cap"":0,""discount_percentage"":0,""min_spend"":69900000,""shop_vouncher"":""Darlie Official Store"",""special_condition"":null,""text_info"":""DARLSP03"",""validity_end"":""2024-09-08T12:59:00.000Z"",""validity_start"":""2024-08-31T17:00:00.000Z""},{""claimable"":false,""currency"":""THB"",""discount"":null,""discount_cap"":99900000,""discount_percentage"":10,""min_spend"":119900000,""shop_vouncher"":""Darlie Official Store"",""special_condition"":null,""text_info"":""DARLSP04"",""validity_end"":""2024-09-08T12:59:00.000Z"",""validity_start"":""2024-08-31T17:00:00.000Z""}]",,,
https://shopee.co.th/%E0%B8%94%E0%B8%B2%E0%B8%A3%E0%B9%8C%E0%B8%A5%E0%B8%B5%E0%B9%88-%E0%B8%A2%E0%B8%B2%E0%B8%AA%E0%B8%B5%E0%B8%9F%E0%B8%B1%E0%B8%99-%E0%B8%AD%E0%B8%AD%E0%B8%A5%E0%B8%A5%E0%B9%8C-%E0%B8%8A%E0%B8%B2%E0%B8%A2%E0%B8%99%E0%B8%B5%E0%B9%88-%E0%B9%84%E0%B8%A7%E0%B8%97%E0%B9%8C-%E0%B8%8A%E0%B8%B2%E0%B8%A3%E0%B9%8C%E0%B9%82%E0%B8%84%E0%B8%A5-%E0%B8%84%E0%B8%A5%E0%B8%B5%E0%B8%99-140-%E0%B8%81%E0%B8%A3%E0%B8%B1%E0%B8%A1-[%E0%B9%81%E0%B8%9E%E0%B9%87%E0%B8%84%E0%B8%84%E0%B8%B9%E0%B9%88]-i.438282802.2960346559,2960346559,ดาร์ลี่ ยาสีฟัน ออลล์ ชายนี่ ไวท์ ชาร์โคล คลีน 140 กรัม [แพ็คคู่],0,4.9,0,139.0,99.0,THB,,0,"[""https://down-th.img.susercontent.com/file/th-11134207-7r98u-ltgg3wo6jtrz2a_tn"",""https://down-th.img.susercontent.com/file/th-11134201-7qul5-lhh4mj8w2wf702_tn"",""https://down-th.img.susercontent.com/file/th-11134201-7qul6-lhn08e1oit9fe4_tn"",""https://down-th.img.susercontent.com/file/th-11134201-7qul2-lhh4k4l2gwwz39_tn"",""https://down-th.img.susercontent.com/file/th-11134201-7qul6-lh5pwpn315pk53_tn"",""https://down-th.img.susercontent.com/file/th-11134201-7qul4-lhzufmybo4k3fc_tn""]",,Dar███ Of███ial█████████,https://shopee.co.th/darlie_officialshop,"[""กลุ่มผลิตภัณฑ์เพื่อสุขภาพ"",""ของใช้ส่วนตัว"",""ผลิตภัณฑ์ดูแลช่องปาก"",""ยาสีฟัน""]","[{""name"":""คลัง"",""value"":""33""},{""name"":""สินค้า"",""value"":""Darlie(ดาร์ลี่)""},{""name"":""ส่งจาก"",""value"":""จังหวัดสมุทรปราการ""}]","ยาสีฟันดาร์ลี่ ออลล์ ชายนี่ ไวท์ ชาร์โคล คลีน

ระเบิดพลังฟันขาวสะอาด 14 วัน + พร้อมป้องกันคราบเกิดใหม่2 



ฟันขาวขึ้นอย่างเป็นธรรมชาติใน 14 วัน + ป้องกันคราบเกิดใหม่2 

- ด้วยพลังไมโครไวท์เทนนิ่ง1 ขจัดคราบสะสมถึง 2 เท่า3 ให้ฟันขาวขึ้นเป็นธรรมชาติอย่างมีประสิทธิภาพ พร้อมป้องกันคราบเกิดใหม่2



เข้าขจัดคราบล้ำลึก4

- ด้วยคุณค่าธรรมชาติจากถ่านชาร์โคลไม้ไผ่เกาหลี พร้อมกลิ่นอโรม่าจากไผ่ธรรมชาติ เพื่อลมหายใจหอมสดชื่น



1Total polyphosphate (Tetrasodium Pyrophosphate, Disodium Pyrophosphate) 

2ช่วยป้องกันคราบเกาะบนผิวฟัน

3เมื่อทดสอบและเปรียบเทียบในห้องทดลองกับยาสีฟันดาร์ลี่ สูตรไวท์เทนนิ่งทั่วไป

4กำจัดคราบบนผิวฟันได้ดีกว่า เมื่อเทียบกับยาสีฟันดาร์ลี่สูตรฟลูออไรด์ทั่วไป

ผลลัพธ์ที่ได้อาจแตกต่าง ขึ้นอยู่กับการดูแลของแต่ละบุคคล",4.91,70,98,0.15 hours,Thu May 06 2021 05:19:40 GMT+0000 (Coordinated Universal Time),115592,"[{""variations"":[null]}]",https://shopee.co.th,Darlie(ดาร์ลี่),100001,False,,"[{""name"":""model"",""value"":null}]",0,https://shopee.co.th/%E0%B8%94%E0%B8%B9%E0%B9%81%E0%B8%A5%E0%B8%8A%E0%B9%88%E0%B8%AD%E0%B8%87%E0%B8%9B%E0%B8%B2%E0%B8%81-cat.11044959.11045210.11046509,"[{""claimable"":false,""currency"":""THB"",""discount"":29,""discount_cap"":0,""discount_percentage"":0,""min_spend"":23900000,""shop_vouncher"":""Darlie Official Store"",""special_condition"":null,""text_info"":""DARLSP01"",""validity_end"":""2024-09-08T12:59:00.000Z"",""validity_start"":""2024-08-31T17:00:00.000Z""},{""claimable"":false,""currency"":""THB"",""discount"":59,""discount_cap"":0,""discount_percentage"":0,""min_spend"":39900000,""shop_vouncher"":""Darlie Official Store"",""special_condition"":null,""text_info"":""DARLSP02"",""validity_end"":""2024-09-08T12:59:00.000Z"",""validity_start"":""2024-08-31T17:00:00.000Z""},{""claimable"":false,""currency"":""THB"",""discount"":119,""discount_cap"":0,""discount_percentage"":0,""min_spend"":69900000,""shop_vouncher"":""Darlie Official Store"",""special_condition"":null,""text_info"":""DARLSP03"",""validity_end"":""2024-09-08T12:59:00.000Z"",""validity_start"":""2024-08-31T17:00:00.000Z""},{""claimable"":false,""currency"":""THB"",""discount"":null,""discount_cap"":99900000,""discount_percentage"":10,""min_spend"":119900000,""shop_vouncher"":""Darlie Official Store"",""special_condition"":null,""text_info"":""DARLSP04"",""validity_end"":""2024-09-08T12:59:00.000Z"",""validity_start"":""2024-08-31T17:00:00.000Z""}]",,,
https://shopee.co.th/Beatrice---Cream%F0%9F%8C%B7%E2%9C%A8%F0%9F%8D%A6%E0%B9%80%E0%B8%AA%E0%B8%B7%E0%B9%89%E0%B8%AD%E0%B8%AA%E0%B8%B2%E0%B8%A2%E0%B9%80%E0%B8%94%E0%B8%B5%E0%B9%88%E0%B8%A2%E0%B8%A7%E0%B8%81%E0%B8%B1%E0%B8%9A%E0%B8%81%E0%B8%A3%E0%B8%B0%E0%B9%82%E0%B8%9B%E0%B8%A3%E0%B8%87-%E0%B8%AA%E0%B9%84%E0%B8%95%E0%B8%A5%E0%B9%8C%E0%B8%A5%E0%B8%B9%E0%B8%81%E0%B8%84%E0%B8%B8%E0%B8%93%E0%B8%AB%E0%B8%99%E0%B8%B9%E0%B8%84%E0%B8%B0-%E0%B8%99%E0%B9%88%E0%B8%B2%E0%B8%A3%E0%B8%B1%E0%B8%81%E0%B8%A1%E0%B8%B2%E0%B8%81%E0%B9%86%E0%B8%84%E0%B9%88%E0%B8%B0%F0%9F%AB%B6%F0%9F%8F%BB-BT-CREAM-i.109981.18995315342?model_id=246469329614,18995315342,Beatrice - Cream🌷✨🍦เสื้อสายเดี่ยวกับกระโปรง ��ไตล์ลูกคุณหนูคะ น่ารักมากๆค่ะ🫶🏻 BT-CREAM,0,4.9,0,590.0,561.0,THB,,0,"[""https://down-th.img.susercontent.com/file/th-11134207-7r990-lo6suwwkene8d2_tn"",""https://down-th.img.susercontent.com/file/th-11134207-7r98v-lo725b47wg6q6b_tn"",""https://down-th.img.susercontent.com/file/th-11134207-7r990-lo725b4hw1rk0e_tn"",""https://down-th.img.susercontent.com/file/th-11134207-7r98v-lo725b4ibi0gb6_tn"",""https://down-th.img.susercontent.com/file/th-11134207-7r98z-lo725b47xur6a5_tn"",""https://down-th.img.susercontent.com/file/th-11134207-7r98z-lo725b4hxgc0ab_tn"",""https://down-th.img.susercontent.com/file/th-11134207-7r992-lo725b4icwkwe1_tn"",""https://down-th.img.susercontent.com/file/th-11134207-7r98w-lo725bctjv1u6c_tn""]",,GIL███NBO███QUE█████████อล ███,https://shopee.co.th/giltmonboutique,"[""เสื้อผ้าผู้หญิง"",""เสื้อ"",""เสื้อกล้าม/สายเดี่ยว""]","[{""name"":""คลัง"",""value"":""1150""},{""name"":""ขนาดใหญ่"",""value"":""ไม่""},{""name"":""ส่งจาก"",""value"":""จังหวัดนครราชสีมา""}]","Beatrice - Cream 🤍เสื้อสายเดี่ยวกับกระโปรง สไตล์ลูกคุณหนูคะ น่ารักมากๆค่ะ🫶🏻
✨ดีเทล
✨เสื้อ เป็นซิปถอดได้ข้างหลัง มีซับในทั้งตัว ตกแต่งด้วยผ้าชีฟอง แขนสามารถใส่แบบตรงหัวไหล่หรือ เป็นแบบเปิดไหล่ (ไม่ใส่ฟองน้ำค่ะ)
✨กระโปรง เป็นกระโปรงเอวสูงทรงเอนิดๆทรงเข้ารูป เย็บกับซับในทั้งตัว มีซิปซ้อนข้างหลังค่ะ คล้ายกับรุ่นลอล่าแต่รุ่นเบียทริสความยาวกระโปรงจะสั้นกว่าค่ะ ความยาวกระโปรง14นิ้วค่ะ


(เสื้อ 490บาท กระโปรง 490บาท)
(ไซส์ L,XL เพิ่ม100บาท)
สามารถสั่งตัดไซส์พิเศษได้ค่ะ

🌷ขนาดไซส์🌷
XS: อก29-30"" เอว23-24"" สะโพก33-34""
S : อก31-32"" เอว25-26"" สะโพก35-36""
M: อก33-34"" เอว27-28"" สะโพก37-38""
L: อก35-36"" เอว29-30"" สะโพก39-40""
XL อก37-38” เอว31-32” สะโพก41-42”

นางแบบ อก31 เอว 23 สะโพก 32 ใส่ไซส์ XS ค่ะ

🫶🏻แนะนำ ใส่แบบพอดีไซส์นะคะ🫶🏻",4.91,162,91,1.61 hours,Thu Jul 09 2015 03:27:14 GMT+0000 (Coordinated Universal Time),73890,"[{""name"":""แบบ"",""variations"":[""เสื้อ"",""กระโปรง"",""เสื้อขาว"",""กระโปรงขาว"",""เสื้อชมพู"",""กระโปรงชมพู"",""เสื้อดำ"",""กระโปรงดำ"",""เสื้อแดง"",""กระโปรงแดง""]},{""name"":""ขนาด"",""variations"":[""XS"",""S"",""M"",""L"",""XL""]}]",https://shopee.co.th,,100017,False,,"[{""name"":""model"",""value"":""กระโปรงชมพู,L""}]",0,https://shopee.co.th/%E0%B9%80%E0%B8%AA%E0%B8%B7%E0%B9%89%E0%B8%AD%E0%B8%81%E0%B8%A5%E0%B9%89%E0%B8%B2%E0%B8%A1/%E0%B8%AA%E0%B8%B2%E0%B8%A2%E0%B9%80%E0%B8%94%E0%B8%B5%E0%B9%88%E0%B8%A2%E0%B8%A7-cat.11044944.11045058.11045404,,,,
https://shopee.co.th/%E0%B8%81%E0%B8%B2%E0%B8%87%E0%B9%80%E0%B8%81%E0%B8%87%E0%B9%83%E0%B8%99%E0%B8%8A%E0%B8%B2%E0%B8%A2-Andrew-Christian--%E0%B9%80%E0%B8%99%E0%B9%89%E0%B8%99%E0%B9%80%E0%B8%9B%E0%B9%89%E0%B8%B2%E0%B8%95%E0%B8%B8%E0%B8%87-%E0%B9%80%E0%B8%99%E0%B8%B7%E0%B9%89%E0%B8%AD%E0%B8%99%E0%B8%B4%E0%B9%88%E0%B8%A1%E0%B8%A1%E0%B8%B2%E0%B8%81%E0%B9%83%E0%B8%AA%E0%B9%88%E0%B8%9A%E0%B8%B2%E0%B8%A2-6NUD-i.878922326.16087520373?model_id=117563834975,16087520373,กางเกงในชาย Andrew Christian  เน้นเป้าตุง เนื้อนิ่มมากใส่บาย 6NUD,0,0.0,0,877.0,877.0,THB,,0,"[""https://down-th.img.susercontent.com/file/sg-11134201-22100-q8f7el4pviiv0e_tn"",""https://down-th.img.susercontent.com/file/1bfe256aa41feba7573cd61543b3fc75_tn""]",,a4c███452███,https://shopee.co.th/k939w2gdu4,"[""เสื้อผ้าผู้ชาย"",""ชุดชั้นในชาย"",""กางเกงใน""]","[{""name"":""คลัง"",""value"":""141""},{""name"":""วัสดุ"",""value"":""อื่นๆ""},{""name"":""ประเภทชุดชั้นใน"",""value"":""กางเกงชั้นใน""},{""name"":""ลวดลาย"",""value"":""ข้อต่อ""},{""name"":""ส่งจาก"",""value"":""จังหวัดจันทบุรี""}]","กางเกงในชาย  ANDREW CHRISTIAN เน้นเป้าตุง ยืดหยุ่น ดีไซน์เรียบ โดดเด่น ใส่สบาย
ลูกค้าส่วนใหญ่ 99% บอกว่าผ้านิ่มมากกกกกกกกก และกลับมาซื้อซ้ำจ้า
Color: ดำ กรม ขาว
M28-32
L33-35
XL36-38
ขอบคุณลูกค้าทุกท่านที่อุดหนุนครับ^^
Line: @bnj5902i (มี@ด้วยครับ)
★☆ผลิตภัณฑ์ทั้งหมดเป็นของแท้ 100% ☆★ 
★☆มอบบุคลิกภาพคุณภาพและชีวิตที่มีสไตล์ของคุณ❥ 
 ติดตามร้านค้าของเราตอนนี้และรับส่วนลดราคา❥ 
★☆ 9:00 น. ถึง 23:00 น. ตอบกลับด้วยตนเองช่วยคุณแก้ปัญหา
☆★ เราหวังว่าจะได้รับของคุณ⊙⊙
",0.0,444,57,,Sat Oct 08 2022 01:49:45 GMT+0000 (Coordinated Universal Time),0,"[{""name"":""颜色"",""variations"":[""Black"",""White"",""น้ำเงินนาวี""]},{""name"":""尺码"",""variations"":[""M"",""L"",""XL""]}]",https://shopee.co.th,,100011,False,,"[{""name"":""model"",""value"":""น้ำเงินนาวี,XL""}]",0,https://shopee.co.th/%E0%B8%81%E0%B8%B2%E0%B8%87%E0%B9%80%E0%B8%81%E0%B8%87%E0%B9%83%E0%B8%99%E0%B8%9C%E0%B8%B9%E0%B9%89%E0%B8%8A%E0%B8%B2%E0%B8%A2-cat.11044945.11045070.11046376,,,,
https://shopee.co.th/Reuzel-Aftershave-After-Shave-Skin-Care-100%E0%B8%A1%E0%B8%A5-i.1235510805.24177824824,24177824824,Reuzel Aftershave After Shave Skin Care 100มล,0,0.0,0,606.0,606.0,THB,,0,"[""https://down-th.img.susercontent.com/file/vn-11134207-7r98o-ltxa5mwqn7reb9_tn"",""https://down-th.img.susercontent.com/file/vn-11134207-7r98o-ltxa5mwqu8lm97_tn"",""https://down-th.img.susercontent.com/file/vn-11134207-7r98o-ltxa5mwqrfgq5b_tn"",""https://down-th.img.susercontent.com/file/vn-11134207-7r98o-ltxa5mwqvn62f3_tn"",""https://down-th.img.susercontent.com/file/vn-11134207-7r98o-ltxa5mwqsu16a8_tn"",""https://down-th.img.susercontent.com/file/vn-11134201-23020-6132w4jfj2nv99_tn""]",,cla███cof███ial█████████h,https://shopee.co.th/classicofficialstore3a.th,"[""ผลิตภัณฑ์บำรุงและเสริมความงาม"",""ผลิตภัณฑ์ดูแลผู้ชาย"",""ผลิตภัณฑ์โกนหนวด"",""ผลิตภัณฑ์บำรุงผิวหลังการโกนหนวด""]","[{""name"":""คลัง"",""value"":""19""},{""name"":""กลิ่น"",""value"":""ไม้""},{""name"":""อายุการเก็บรักษา"",""value"":""36 Months""}]","Reuzel Aftershave เล็กน้อยบนใบหน้าหลังโกนหนวด สูตร T4 Tonic Blend ของเราช่วยปลอบประโลมทุกอย่างได้ทันที ด้วยกลิ่นหอมเปรี้ยวและไม้จันทน์คุณจะมั่นใจได้มากขึ้นตลอดทั้งวัน

ปลอบประโลมรูขุมขน - กลิ่นผู้ชาย
• ผิวเนียนนุ่มและสดชื่น• • • • ผิวเรียบเนียนและสดชื่น
•สูตร T4 Tonic Blend เพื่อการดูแลผิวที่ดีขึ้น••สูตร T4 Tonic Blend
•รสชาติเปรี้ยวและไม้จันทน์

การใช้:

ทา Reuzel Aftershave ลงบนฝ่ามือแล้วทาที่คางหรือที่ใดก็ได้ที่คุณโกน คุณจะเห็นผลทันทีรูขุมขนกระชับและดูแลผิวได้ดีมาก

มีประสิทธิภาพ:

Reuzel Aftershave ทำให้การโกนหนวดสะดวกสบายยิ่งขึ้นทำให้ผิวนุ่มและยอดเยี่ยม",0.0,3,57,,Wed Apr 17 2024 11:02:11 GMT+0000 (Coordinated Universal Time),0,"[{""variations"":[null]}]",https://shopee.co.th,,100630,False,,"[{""name"":""model"",""value"":null}]",0,https://shopee.co.th/%E0%B8%AD%E0%B8%B8%E0%B8%9B%E0%B8%81%E0%B8%A3%E0%B8%93%E0%B9%8C%E0%B9%82%E0%B8%81%E0%B8%99%E0%B8%AB%E0%B8%99%E0%B8%A7%E0%B8%94-cat.11044959.11045203.11046050,,,,
https://shopee.co.th/(%E0%B8%A5%E0%B8%B9%E0%B8%81%E0%B8%84%E0%B9%89%E0%B8%B2%E0%B9%83%E0%B8%AB%E0%B8%A1%E0%B9%88-1-%E0%B8%9A%E0%B8%B2%E0%B8%97)-%E0%B9%83%E0%B8%AB%E0%B8%A1%E0%B9%88%EF%BC%81%E0%B8%81%E0%B8%B2%E0%B8%87%E0%B9%80%E0%B8%81%E0%B8%87%E0%B8%82%E0%B8%B2%E0%B8%AA%E0%B8%B1%E0%B9%89%E0%B8%99%E0%B8%9C%E0%B8%B9%E0%B9%89%E0%B8%8A%E0%B8%B2%E0%B8%A2%E0%B9%81%E0%B8%9F%E0%B8%8A%E0%B8%B1%E0%B9%88%E0%B8%99-%E0%B8%81%E0%B8%B2%E0%B8%87%E0%B9%80%E0%B8%81%E0%B8%87%E0%B8%82%E0%B8%B2%E0%B8%AA%E0%B8%B1%E0%B9%89%E0%B8%99%E0%B9%80%E0%B8%AD%E0%B8%A7%E0%B8%A2%E0%B8%B2%E0%B8%87%E0%B8%A2%E0%B8%B7%E0%B8%94+%E0%B8%AA%E0%B8%B2%E0%B8%A2%E0%B8%A3%E0%B8%B1%E0%B8%94-%E0%B8%81%E0%B8%B2%E0%B8%87%E0%B9%80%E0%B8%81%E0%B8%87%E0%B8%82%E0%B8%B2%E0%B8%AA%E0%B8%B1%E0%B9%89%E0%B8%99%E0%B8%A5%E0%B8%B3%E0%B8%A5%E0%B8%AD%E0%B8%87-i.291462510.17222160132?model_id=153026760697,17222160132,(ลูกค้าใหม่ 1 บาท) ใหม่！กางเกงขาสั้นผู้ชายแฟชั่น กางเกงขาสั้นเอวยางยืด+สายรัด กางเกงขาสั้นลำลอง,0,4.5,0,488.0,188.0,THB,,0,"[""https://down-th.img.susercontent.com/file/37fcfa641654b884f01234024cdf8e2f_tn"",""https://down-th.img.susercontent.com/file/4598ad7630d061cb4a7284806667e1c3_tn"",""https://down-th.img.susercontent.com/file/18d117f9fcbb234094af5b81632273d9_tn"",""https://down-th.img.susercontent.com/file/abedba70ada73f94ee0ec4df2024dcdf_tn"",""https://down-th.img.susercontent.com/file/3e1b97a4b54e2ef90aeba64b7fc87f8c_tn"",""https://down-th.img.susercontent.com/file/c90c8aeb35fb53d052149a5c9b236588_tn"",""https://down-th.img.susercontent.com/file/31f900d8eb8f581b3c1caf101051aa37_tn""]",,(FU███ SH███,https://shopee.co.th/fufu8088,"[""เสื้อผ้าผู้ชาย"",""กางเกงขาสั้น""]","[{""name"":""คลัง"",""value"":""2974""},{""name"":""สไตล์เสื้อผ้า"",""value"":""ธรรมดา, โบฮีเมี่ยน, เกาหลี, ย้อนยุค, สไตล์สตรีท""},{""name"":""เสื้อผ้าสำหรับคนสูง"",""value"":""ใช่""},{""name"":""ประเทศต้นกำเนิดสินค้า"",""value"":""ไทย""},{""name"":""โอกาส"",""value"":""อื่นๆ""},{""name"":""ประเภทกางเกงขาสั้น"",""value"":""กางเกงขาสั้นเหนือเข่า""},{""name"":""วัสดุ"",""value"":""ผ้าสักหลาด""},{""name"":""ลวดลาย"",""value"":""เรียบๆ""},{""name"":""ความสูงเอว"",""value"":""เอวต่ำ""},{""name"":""ส่งจาก"",""value"":""จังหวัดกรุงเทพมหานคร""}]",✅【สินค้าทั้งหมดมีพร้อมส่งทุกชิ้น】【เราจัดส่งภายใน 24 ชั่วโมง ส่งสินค้าทุกวันไม่เว้นวันหยุด】【ลูกค้าในกรุงเทพรอรับสินค้า1-2วัน ต่างจังหวัด2-3วัน】【ทางร้านมีการตรวจสภาพสินค้าก่อนจัดส่งทุกชิ้น,4.35,23,78,5.07 hours,Sat Aug 01 2020 12:07:24 GMT+0000 (Coordinated Universal Time),11143,"[{""name"":""COLOIR"",""variations"":[""Gray(5506)"",""Khak(5506)"",""Green(5506)"",""Black(5506)""]},{""name"":""SIZE"",""variations"":[""L"",""XL"",""2XL"",""3XL"",""4XL""]}]",https://shopee.co.th,,100011,False,,"[{""name"":""model"",""value"":""Gray(5506),4XL""}]",0,https://shopee.co.th/%E0%B8%81%E0%B8%B2%E0%B8%87%E0%B9%80%E0%B8%81%E0%B8%87%E0%B8%82%E0%B8%B2%E0%B8%AA%E0%B8%B1%E0%B9%89%E0%B8%99%E0%B9%80%E0%B8%AD%E0%B8%A7%E0%B8%A2%E0%B8%B2%E0%B8%87%E0%B8%A2%E0%B8%B7%E0%B8%94-cat.11044945.11045073.11045437,,,,
https://shopee.co.th/SUPERMOM-l-Second-skin-pressed-powder-%E0%B9%81%E0%B8%9B%E0%B9%89%E0%B8%87%E0%B8%9C%E0%B8%AA%E0%B8%A1%E0%B8%A3%E0%B8%AD%E0%B8%87%E0%B8%9E%E0%B8%B7%E0%B9%89%E0%B8%99-%E0%B9%80%E0%B8%9A%E0%B8%B2%E0%B8%AA%E0%B8%9A%E0%B8%B2%E0%B8%A2-%E0%B9%80%E0%B8%9A%E0%B8%A5%E0%B8%AD%E0%B8%A3%E0%B8%B9%E0%B8%82%E0%B8%B8%E0%B8%A1%E0%B8%82%E0%B8%99-%E0%B8%AA%E0%B8%B9%E0%B8%95%E0%B8%A3-Korea-%E0%B9%83%E0%B8%9A%E0%B8%A3%E0%B8%B1%E0%B8%9A%E0%B8%A3%E0%B8%AD%E0%B8%87VEGAN%E0%B9%81%E0%B8%97%E0%B9%89-%E0%B8%9E%E0%B8%B1%E0%B8%9F%E0%B8%AA%E0%B8%AD%E0%B8%87%E0%B8%94%E0%B9%89%E0%B8%B2%E0%B8%99%E0%B9%81%E0%B8%9A%E0%B8%9A%E0%B8%9E%E0%B8%B4%E0%B9%80%E0%B8%A8%E0%B8%A9-i.422755086.22355455423?model_id=137709527732,22355455423,SUPERMOM l Second skin pressed powder แป้งผสมรองพื้น เบาสบาย เบลอรูขุมขน สูตร Korea ใบรับรองVEGANแท้ พัฟสองด้านแบบพิเศษ,0,4.9,0,890.0,599.0,THB,,0,"[""https://down-th.img.susercontent.com/file/th-11134201-7r98u-lzm8c9oi11uxc8_tn"",""https://down-th.img.susercontent.com/file/th-11134207-7r990-llx70l8ffn9q87_tn"",""https://down-th.img.susercontent.com/file/th-11134207-7r98t-llx70l8f8mfi5a_tn"",""https://down-th.img.susercontent.com/file/th-11134207-7r98o-llx70l8fbfkecb_tn"",""https://down-th.img.susercontent.com/file/th-11134207-7r98x-lmr6m52vemxae0_tn"",""https://down-th.img.susercontent.com/file/th-11134207-7r98t-llx70l8fcu4ue4_tn"",""https://down-th.img.susercontent.com/file/th-11134207-7r98r-llx70l8fh1u63c_tn"",""https://down-th.img.susercontent.com/file/th-11134207-7r98w-llx72pyutx1qd7_tn""]",,SUP███OMC███ETI███,https://shopee.co.th/supermomcosmetics.official,"[""ผลิตภัณฑ์บำรุงและเสริมความงาม"",""เครื่องสําอาง"",""เครื่องสําอางสำหรับผิวหน้า"",""แป้ง""]","[{""name"":""คลัง"",""value"":""7117""},{""name"":""สินค้า"",""value"":""Supermom(ซุปเปอร์มัม)""},{""name"":""Storage Condition"",""value"":""Normal""},{""name"":""ชนิดของผิว"",""value"":""ทุกสภาพผิว""},{""name"":""ระดับการปกปิดของรองพื้น"",""value"":""กลาง""},{""name"":""รูปแบบผลิตภัณฑ์ความงาม"",""value"":""อัดแข็ง""},{""name"":""สีผิว"",""value"":""ขาวอมชมพู ,ขาวเหลือง ,ผิวสองสี""},{""name"":""หมายเลขใบอนุญาต/อย."",""value"":""11-1-6600016275""},{""name"":""อายุการเก็บรักษา"",""value"":""3 ปีนับจากวันผลิต""},{""name"":""ส่งจาก"",""value"":""จังหวัดกรุงเทพมหานคร""}]","Second skin pressed powder
แป้งผสมรองพื้น Formulated in Korea

มิติใหม่ของพาวเดอร์ฟาวเดชั่น

แป้งผสมรองพื้น เนื้อเนียนนุ่ม เม็ดสีแน่น ติดทน 
ผิวเรียบกริบ พร้อมเบลอรูขุมขน ให้ความรู้สึกเบาสบายผิว ในลุคแมทต์ฟินิช

ด้วยเทคโนโลยี ""ไพรมิ่งเบลอ"" และ นวัตกรรมในการกรองโมเลกุลของแป้งที่มีขนาดต่าง ๆ 
นำมาผสมผสานให้มีน้ำหนักเบา สามารถปกปิดและเบลอรูขุมขนได้อย่างเรียบเนียน 

อณูแป้งละเอียดพิเศษ ให้การปกปิดยิ่งกว่า พร้อมช่วยอำพรางรูขุมขน ให้ผิวแลดูกระชับเรียบเนียน 
ทั้งซับความมันบนใบหน้าระหว่างวัน ที่ไม่ทำให้สีหน้าดรอปสามารถคุมมันได้ยาวนาน 8 ชั่วโมง

• VEGAN สินค้าได้รับรองวีแกน Biorius โดยใช้มาตรฐานจาก The Vegan Society’s
• NOT TESTED ON ANIMALS  
• Mineral oil and Alcohol free
• Paraben free
• Fragrance free

มาพร้อมพัฟระดับพรีเมี่ยมในตลับ
ด้วยการออกแบบใหม่ เนื้อพัฟแต่ละด้านไม่เหมือนกัน 
ให้ผลลัพธ์จากการใช้งานที่แตกต่างกัน
• ด้านพัฟกำมะหยี่ (Flocking) ช่วยปกปิดพร้อมกับให้สัมผัสนุ่ม รู้สึกเบาสบาย
• ด้านฟองน้ำเนื่อนุ่มละเอียด (Rubycell) ช่วยให้ความปกปิดขั้นสุด 

รายละเอียดสินค้า
• มี 3 แบบ
01 FAIR สำหรับผิวขาวอมชมพู - ขาวเหลือง
02 NATURAL BEIGE สำหรับผิวปกติมาตรฐานคนไทย
03 MEDIUM DEEP สำหรับผิวสองสี-ผิวแทน
• ปริมาณสุทธิ 9 กรัม
• เลขที่ใบรับจดแจ้ง 11-1-6600016275
• วันหมดอายุ 
22/08/2026 (01 FAIR)
17/07/2026 (02 NATURAL BEIGE)
24/08/2026 (03 MEDIUM DEEP)

--------------------------------
*******โปรดอ่าน*******
--------------------------------

📌  การจัดส่งมีให้เลือก 2 แบบ คือ 
1).Standard Delivery - ส่งธรรมดาในประเทศ จะมีขนส่งของ Kerry / J&T / Shopee EXPRESS (ไม่สามารถเลือกขนส่งได้ ระบบจะสุ่มให้เอง) 
2). EMS - Thailand Post (ในทางสถิติแนะนำสำหรับผู้ซื้อที่ต้องการความรวดเร็วในการจัดส่ง หรือ ปลายทางเป็นพื้นที่ห่างไกล)

📌 การตัดรอบ ดำเนินการช่วงเวลาประมาณ 00.00 - 08.00 น. ของทุกวัน ผู้ขายจะทำการจัดส่งสินค้าปกติภายใน 2 วันทำการ (**เร็วสุดส่งวันถัดไป** ไม่นับรวมวันหยุดที่กำหนด ติดต่อทางข้อความสอบถามเพิ่มเติมได้ค่ะ)

📌 การจัดส่งสินค้า *จันทร์ - เสาร์* ยกเว้น วันอาทิตย์ และวันหยุดที่กำหนด (ติดต่อทางข้อความสอบถามเพิ่มเติมได้ค่ะ)

📌 ผู้ขายไม่สามารถเปลี่ยนแปลง/แก้ไข รายการสินค้า /ชื่อ ที่อยู่ เบอร์โทร ข้อมูลการจัดส่งในบิลสั่งซื้อของผู้ซื้อได้ทุกกรณี หากผู้ซื้อต้องการเปลี่ยนแปลง/แก้ไข สามารถกดยกเลิกบิลสั่งซื้อและกดสั่งซื้อใหม่ได้เลยค่ะ (ก่อนการตัดรอบ/มีเลขพัสดุ)

📌 ก่อนการตัดรอบ ผู้ซื้อสามารถยกเลิกคำสั่งซื้อได้ ระบบจะยกเลิกให้อัตโนมัติ หากทำการยกเลิก **หลังเวลาตัดรอบ (มีเลขพัสดุปรากฏในบิลสั่งซื้อ)** ไปแล้ว ระบบจะไม่ยกเลิกให้อัตโนมัติ แต่จะเป็นการส่งคำขอยกเลิกมายังผู้ขาย ซึ่งอาจจะไม่ได้รับการตอบรับ เนื่องจากอยู่ในระหว่างการหีบห่อพัสดุ หรือระหว่างการจัดส่งให้ขนส่งแล้ว หากผู้ซื้อมีความจำเป็นอย่างยิ่ง ให้ติดต่อช่องทางข้อความมายังผู้ขายโดยเร็วที่สุด เพื่อตรวจสอบและดำเนินการในส่วนที่เกี่ยวข้องต่อไป

📌 ในส่วนของที่อยู่จัดส่ง แนะนำให้กรอกรายละเอียดให้ครบถ้วนมากที่สุด โดยเฉพาะ **ตำบล/แขวง** มิฉะนั้นอาจจะพบปัญหาการขนส่งเกิดความล่าช้ากว่าปกติ เนื่องจากการคัดแยกผิด หรือพัสดุตีกลับ (เนื่องจากระบบไม่บังคับให้กรอก ตำบล/แขวง แต่ในทางสถิติแล้ว การจัดส่งแบบ Standard Delivery - ส่งธรรมดาในประเทศ มักจะพบปัญหา)

📌 ถ่ายวิดีโอต่อเนื่อง (Video clip) ก่อน-ระหว่างการแกะกล่องพัสดุ ตรวจสอบสินค้าทุกครั้ง เพื่อเป็นการรักษาผลประโยชน์ของทางผู้ซื้อ *หากสินค้าเสียหาย* จะใช้วีดีโอเป็นหลักฐานสำคัญในการพิจารณาเคลมสินค้า

📌 หน้าแรกของร้านค้า จะมีการแจ้งโค้ดส่วนลดในแต่ละช่วงเวลา เพื่อใช้เป็นส่วนลดในการสั่งซื้อสินค้า

📌 กรณีมีข้อสงสัยประการใด ต้องการสอบถาม หรือแจ้งสินค้ามีปัญหา การเคลมสินค้า สามารถติดต่อทางช่องทางข้อความได้เลยค่ะ กดที่ ""แชทกับเจ้าหน้าที่"" (หากไม่ได้กดทางร้านจะไม่เห็นข้อความจากลูกค้า)",4.92,124,99,1.14 hours,Tue Apr 13 2021 19:02:26 GMT+0000 (Coordinated Universal Time),157423,"[{""name"":""สี/เบอร์"",""variations"":[""01 FAIR"",""02 NATURAL BEIGE"",""03 MEDIUM DEEP""]}]",https://shopee.co.th,Supermom(ซุปเปอร์มัม),100630,False,,"[{""name"":""model"",""value"":""01 FAIR""}]",0,https://shopee.co.th/%E0%B9%81%E0%B8%9B%E0%B9%89%E0%B8%87%E0%B8%9D%E0%B8%B8%E0%B9%88%E0%B8%99%E0%B9%81%E0%B8%A5%E0%B8%B0%E0%B9%81%E0%B8%9B%E0%B9%89%E0%B8%87%E0%B8%AD%E0%B8%B1%E0%B8%94%E0%B9%81%E0%B8%82%E0%B9%87%E0%B8%87-cat.11044959.11045208.11046069,,,,
https://shopee.co.th/%E0%B8%81%E0%B8%A3%E0%B8%B0%E0%B9%80%E0%B8%9B%E0%B9%8B%E0%B8%B2-Cambridge-Satchel-%E0%B9%81%E0%B8%97%E0%B9%89%E0%B8%88%E0%B8%B2%E0%B8%81%E0%B8%AD%E0%B8%B1%E0%B8%87%E0%B8%81%E0%B8%A4%E0%B8%A9-Handcraft-%E0%B8%A1%E0%B8%B7%E0%B8%AD%E0%B8%AA%E0%B8%AD%E0%B8%87-%E0%B8%82%E0%B8%AD%E0%B8%87%E0%B9%81%E0%B8%97%E0%B9%89-i.64412514.18074448002,18074448002,กระเป๋า Cambridge Satchel แท้จากอังกฤษ Handcraft มือสอง ของแท้,0,0.0,0,3700.0,3700.0,THB,,0,"[""https://down-th.img.susercontent.com/file/th-11134201-23020-ystqrxzviynv61_tn"",""https://down-th.img.susercontent.com/file/th-11134201-23020-a3w5b8tviynv94_tn"",""https://down-th.img.susercontent.com/file/th-11134201-23020-jbglmbkviynvfb_tn"",""https://down-th.img.susercontent.com/file/th-11134201-23020-i1o431jviynv24_tn"",""https://down-th.img.susercontent.com/file/th-11134201-23020-yg1ve5jviynvca_tn"",""https://down-th.img.susercontent.com/file/th-11134201-23020-amsu95jviynvb2_tn"",""https://down-th.img.susercontent.com/file/th-11134201-23020-nudvs6jviynv5b_tn"",""https://down-th.img.susercontent.com/file/th-11134201-23020-zvummbkviynva4_tn"",""https://down-th.img.susercontent.com/file/th-11134201-23020-vwkgyekviynvcd_tn""]",,tic███man███,https://shopee.co.th/ticksumana8664,"[""กระเป๋าผู้หญิง"",""กระเป๋าสะพายข้าง""]","[{""name"":""คลัง"",""value"":""1""},{""name"":""เงื่อนไข"",""value"":""สภาพ""},{""name"":""สินค้า"",""value"":""Cambridge Satchel(แคมบริดจ์ ซาตเช่)""},{""name"":""ส่งจาก"",""value"":""จังหวัดกรุงเทพมหานคร""}]","กระเป๋าเคมบริดจ์ เซชเชิล (Cambridge Satchel) คือกระเป๋าหนังแท้ รูปทรงทรงคลาสสิค ผลิตจากประเทศอังกฤษ ได้แรงบันดาลใจมาจากกระเป๋านักเรียน จึงไม่น่าแปลกใจที่จะโดนใจวัยรุ่นทั่วโลกอยู่ในขณะนี้ ไม่เพียงแต่วัยโจ๋จะโดนใจ แต่เจ้า Cambridge Satchel ยังเป็นกระเป๋ายอดฮิตของเหล่าดารา คนดัง ทั่วโลกอีกด้วย 

#cambridgesatchel #satchel #usedbrandname #กระเป๋านักเรียน",4.95,59,19,1.89 hours,Mon Apr 09 2018 14:02:07 GMT+0000 (Coordinated Universal Time),175,"[{""variations"":[null]}]",https://shopee.co.th,Cambridge Satchel(แคมบริดจ์ ซาตเช่),100016,False,,"[{""name"":""model"",""value"":null}]",0,https://shopee.co.th/%E0%B8%81%E0%B8%A3%E0%B8%B0%E0%B9%80%E0%B8%9B%E0%B9%8B%E0%B8%B2%E0%B8%AA%E0%B8%B0%E0%B8%9E%E0%B8%B2%E0%B8%A2%E0%B8%82%E0%B9%89%E0%B8%B2%E0%B8%87%E0%B8%9C%E0%B8%B9%E0%B9%89%E0%B8%AB%E0%B8%8D%E0%B8%B4%E0%B8%87-cat.11044964.11045274.11046307,,,,
https://shopee.co.th/BB002-%E0%B9%80%E0%B8%AA%E0%B8%B7%E0%B9%89%E0%B8%AD%E0%B8%A2%E0%B8%B7%E0%B8%94%E0%B9%80%E0%B8%94%E0%B9%87%E0%B8%81-%E0%B8%84%E0%B8%B8%E0%B8%93%E0%B8%AB%E0%B8%99%E0%B8%B9-%E0%B8%A5%E0%B8%B2%E0%B8%A2%E0%B8%94%E0%B8%B5%E0%B8%AA%E0%B8%99%E0%B8%B5%E0%B8%A2%E0%B9%8C-%F0%9F%91%A7%F0%9F%8F%BB%F0%9F%91%A6%F0%9F%8F%BB-%E0%B8%84%E0%B8%AD%E0%B8%81%E0%B8%A5%E0%B8%A1-%E0%B9%81%E0%B8%82%E0%B8%99%E0%B8%AA%E0%B8%B1%E0%B9%89%E0%B8%99-i.319353937.23042783319?model_id=138623437181,23042783319,BB002 เสื้อยืดเด็ก คุณหนู ลายดีสนีย์ 👧🏻👦🏻 คอกลม แขนสั้น,0,4.8,0,49.0,49.0,THB,0.0,0,"[""https://down-th.img.susercontent.com/file/947e4c2002c82cee232385593c967c6a_tn"",""https://down-th.img.susercontent.com/file/a785e876c372900b1c4811c90b167324_tn"",""https://down-th.img.susercontent.com/file/th-11134207-7qul0-lgxitz1qj2es3d_tn"",""https://down-th.img.susercontent.com/file/dc91fa5b71fce502870f420ef5c5e3a5_tn"",""https://down-th.img.susercontent.com/file/th-11134207-7qukz-lgxitz1qlvjoae_tn"",""https://down-th.img.susercontent.com/file/th-11134207-7qukz-lgxitz1qna446f_tn"",""https://down-th.img.susercontent.com/file/th-11134207-7qul8-lgxitz1qoookd1_tn""]",,MC.███hio███,https://shopee.co.th/cx.fashion.official,"[""เสื้อผ้าแฟชั่นเด็ก"",""เสื้อผ้าเด็กผู้หญิง"",""เสื้อ"",""เสื้อยืด""]","[{""name"":""คลัง"",""value"":""59""},{""name"":""เพศ"",""value"":""ทั้งสองเพศ""},{""name"":""ลวดลาย"",""value"":""ลายกราฟฟิก""},{""name"":""ประเทศต้นกำเนิดสินค้า"",""value"":""อื่นๆ""},{""name"":""ความยาวของแขนเสื้อ"",""value"":""แขนสั้น""},{""name"":""วัสดุ"",""value"":""ผ้าไหมนม""},{""name"":""ส่งจาก"",""value"":""จังหวัดสมุทรปราการ""}]","BB002 เสื้อเด็ก เสื้อยืดคุณหนู ลายดีสนีย์ 👧🏻👦🏻 เสื้อคอกลมแขนสั้น เสื้อยืด
มาแย้ววว คอลเลคชั่นใหม่ Disney Kids ใส่เที่ยวอยู่บ้านก็น่ารัก งานสั่งตัด ผ้าฝ้ายนุ่ม ใส่สบาย
.
รายละเอียดไซส์
▪️ 100 สูง 90-100 cm 2-3 ขวบ
▪️ 110 สูง 100-110 cm 3-4 ขวบ
▪️ 120 สูง 110-120 cm 4-5 ขวบ
▪️ 130 สูง 120-130 cm 5-6 ขวบ
▪️ 140 สูง 130-140 cm 7-8 ขวบ
▪️ 150 สูง 140-150 cm 8-9 ขวบ",4.67,549,89,1.49 hours,Wed Oct 07 2020 14:15:47 GMT+0000 (Coordinated Universal Time),43282,"[{""name"":""ลาย"",""variations"":[""หมีพูห์"",""มิกกี้"",""โดนัลดั๊ก"",""ลอตโซ่""]},{""name"":""ขนาด"",""variations"":[""100"",""110"",""120"",""130"",""140"",""150""]}]",https://shopee.co.th,,100633,False,,"[{""name"":""model"",""value"":""หมีพูห์,110""}]",0,https://shopee.co.th/%E0%B9%80%E0%B8%AA%E0%B8%B7%E0%B9%89%E0%B8%AD%E0%B8%9C%E0%B9%89%E0%B8%B2%E0%B9%80%E0%B8%94%E0%B9%87%E0%B8%81%E0%B8%9C%E0%B8%B9%E0%B9%89%E0%B8%AB%E0%B8%8D%E0%B8%B4%E0%B8%87%E0%B9%81%E0%B8%A5%E0%B8%B0%E0%B8%8A%E0%B8%B8%E0%B8%94%E0%B9%81%E0%B8%9F%E0%B8%99%E0%B8%8B%E0%B8%B5-cat.11044960.11045214.11046102,,,,
https://shopee.co.th/%E0%B8%96%E0%B8%B1%E0%B9%88%E0%B8%A7%E0%B8%95%E0%B8%B1%E0%B8%94-Good-Taste-Peanut-Brittle-(%E1%80%9B%E1%80%9E%E1%80%AC-%E1%80%80%E1%80%B1%E1%80%AC%E1%80%84%E1%80%BA%E1%80%B8-%E1%80%99%E1%80%BC%E1%80%B1-%E1%80%95%E1%80%B2-%E1%80%9A%E1%80%AD%E1%80%AF)-%E0%B8%96%E0%B8%B1%E0%B9%88%E0%B8%A7%E0%B8%95%E0%B8%B1%E0%B8%94%E0%B8%9E%E0%B8%A1%E0%B9%88%E0%B8%B2-%E0%B8%82%E0%B8%99%E0%B8%A1%E0%B8%9E%E0%B8%A1%E0%B9%88%E0%B8%B2-%E0%B8%AD%E0%B8%A3%E0%B9%88%E0%B8%AD%E0%B8%A2-%E0%B8%81%E0%B8%A5%E0%B8%A1%E0%B8%81%E0%B8%A5%E0%B9%88%E0%B8%AD%E0%B8%A1-%E0%B9%84%E0%B8%A1%E0%B9%88%E0%B9%80%E0%B8%AB%E0%B8%99%E0%B8%B5%E0%B8%A2%E0%B8%A7-i.1330229187.28059791602?model_id=256503002813,28059791602,ถั่วตัด Good Taste Peanut Brittle (ရသာ ကောင်း မြေ ပဲ ယို) ถั่วตัดพม่า ขนมพม่า อร่อย กลมกล่อม ไม่เหนียว,0,0.0,0,59.0,40.0,THB,,0,"[""https://down-th.img.susercontent.com/file/th-11134207-7r98v-lzltxnvr0o7587_tn""]",,Dai███Sho███,https://shopee.co.th/daizy789,"[""อาหารและเครื่องดื่ม"",""ขนมขบเคี้ยว"",""ถั่ว""]","[{""name"":""คลัง"",""value"":""3999""},{""name"":""สินค้า"",""value"":""Good Taste(กู๊ด เทสต์)""},{""name"":""อายุการเก็บรักษา"",""value"":""12 เดือน""},{""name"":""ประเภทการห่อ"",""value"":""หลายห่อในแพ็ค""},{""name"":""สารก่อภูมิแพ้"",""value"":""ไม่""},{""name"":""ประเภทอาหาร"",""value"":""อื่นๆ, แบบดั้งเดิม, ขนม, ถั่วตัด, หวานน้อย""},{""name"":""Storage Condition"",""value"":""Normal""},{""name"":""อาหารพิเศษ"",""value"":""ฮาลาล""},{""name"":""รสชาติ"",""value"":""คาราเมล, ถั่วลิสง""},{""name"":""ประเภทของถั่ว"",""value"":""ถั่วลิสง""},{""name"":""ประเทศต้นกำเนิดสินค้า"",""value"":""พม่า""},{""name"":""ส่วนประกอบ"",""value"":""Peanut,Sugar,Glucose Syrup""},{""name"":""ประเภทบรรจุภัณฑ์"",""value"":""ห่อบรรจุ""},{""name"":""Quantity per Pack"",""value"":""30""},{""name"":""ส่งจาก"",""value"":""จังหวัดตาก""}]","ถั่วตัด Good Taste Peanut Brittle (ရသာ ကောင်း မြေ ပဲ ယို) ถั่วตัดพม่า ขนมพม่า อร่อย กลมกล่อม ไม่เหนียว
ถั่วตัดพม่า Good Taste Peanut Brittle
= แบรนด์ Good Taste ชื่อดังในพม่า 
= นำเข้าจากพม่า ปลอดภัย ของแท้แน่นอน 
= ชิ้นพอดีคำ รสชาติหวานกำลังดี ไม่เหนียวติดฟัน
= 1 ซอง บรรจุ 30 ชิ้น 

หากต้องการสั่งเยอะหรือสั่งเป็นลัง มีราคาส่ง ทักแชทมาสอบถามรายละเอียดได้นะคะ 
#ถั่วตัด #ถั่วตัดพม่า #ขนมขบเคี้ยว #snack #Peanut ",0.0,8,57,,Sat Aug 10 2024 17:57:34 GMT+0000 (Coordinated Universal Time),2,"[{""name"":""Peanut Brittle"",""variations"":[""1 แพ็ค"",""3 แพ็ค""]}]",https://shopee.co.th,Good Taste(กู๊ด เทสต์),100629,False,,"[{""name"":""model"",""value"":""1 แพ็ค""}]",0,https://shopee.co.th/%E0%B8%96%E0%B8%B1%E0%B9%88%E0%B8%A7-cat.11044943.11045055.11045394,,,,
https://shopee.co.th/[%E0%B8%A5%E0%B8%B9%E0%B8%81%E0%B8%84%E0%B9%89%E0%B8%B2%E0%B9%83%E0%B8%AB%E0%B8%A1%E0%B9%88%E0%B8%A3%E0%B8%B2%E0%B8%84%E0%B8%B2-1-%E0%B8%9A%E0%B8%B2%E0%B8%97]%F0%9F%8D%8E%E0%B8%A3%E0%B8%AD%E0%B8%87%E0%B9%80%E0%B8%97%E0%B9%89%E0%B8%B2%E0%B8%99%E0%B8%B1%E0%B8%81%E0%B9%80%E0%B8%A3%E0%B8%B5%E0%B8%A2%E0%B8%99%E0%B9%82%E0%B8%81%E0%B8%A5%E0%B8%8B%E0%B8%B4%E0%B8%95%E0%B8%B5%E0%B9%89-GC%E0%B8%A3%E0%B8%B8%E0%B9%88%E0%B8%99FC001/Matin-T205-%E0%B8%97%E0%B8%99%E0%B8%8A%E0%B8%B2%E0%B8%A2-%E0%B8%AB%E0%B8%8D%E0%B8%B4%E0%B8%87-%E0%B8%99%E0%B9%89%E0%B8%B3%E0%B8%95%E0%B8%B2%E0%B8%A5-%E0%B8%82%E0%B8%B2%E0%B8%A7-%E0%B8%94%E0%B8%B3-%E0%B9%84%E0%B8%8B%E0%B8%A3%E0%B9%8C31-45(%E0%B8%A1%E0%B8%B5%E0%B8%9A%E0%B8%B4%E0%B8%A5%E0%B9%80%E0%B8%9A%E0%B8%B4%E0%B8%81%E0%B8%A3%E0%B8%A3%E0%B9%83%E0%B8%AB%E0%B9%89)-i.311309598.19950623906?model_id=212552036619,19950623906,[ลูกค้าใหม่ราคา 1 บาท]🍎รองเท้านักเรียนโกลซิตี้ GCรุ่นFC001/Matin T205 ทนชาย หญิง น้ำตาล ขาว ดำ ไซร์31-45(มีบิลเบิกรรให้),0,4.6,0,165.0,165.0,THB,,0,"[""https://down-th.img.susercontent.com/file/th-11134207-7qukw-leqm9rs7jada41_tn"",""https://down-th.img.susercontent.com/file/th-11134207-7r98q-lolhdxgo3avze5_tn"",""https://down-th.img.susercontent.com/file/th-11134207-7qukw-leqm9xvom43ic2_tn"",""https://down-th.img.susercontent.com/file/th-11134207-7r98p-lolhdxgo4pgfd6_tn"",""https://down-th.img.susercontent.com/file/th-11134207-7qukw-leqma9524w83ae_tn"",""https://down-th.img.susercontent.com/file/th-11134207-7r991-lolhdxgo640vbc_tn"",""https://down-th.img.susercontent.com/file/th-11134207-7qukw-leqmaf759r1f73_tn"",""https://down-th.img.susercontent.com/file/th-11134207-7r992-lolhdxgo7ilbc5_tn"",""https://down-th.img.susercontent.com/file/sg-11134201-22090-5fpvos6gx2hv79_tn""]",,KS.███ES_███,https://shopee.co.th/[%E0%B8%A5%E0%B8%B9%E0%B8%81%E0%B8%84%E0%B9%89%E0%B8%B2%E0%B9%83%E0%B8%AB%E0%B8%A1%E0%B9%88%E0%B8%A3%E0%B8%B2%E0%B8%84%E0%B8%B2-1-%E0%B8%9A%E0%B8%B2%E0%B8%97]%F0%9F%8D%8E%E0%B8%A3%E0%B8%AD%E0%B8%87%E0%B9%80%E0%B8%97%E0%B9%89%E0%B8%B2%E0%B8%99%E0%B8%B1%E0%B8%81%E0%B9%80%E0%B8%A3%E0%B8%B5%E0%B8%A2%E0%B8%99%E0%B9%82%E0%B8%81%E0%B8%A5%E0%B8%8B%E0%B8%B4%E0%B8%95%E0%B8%B5%E0%B9%89-GC%E0%B8%A3%E0%B8%B8%E0%B9%88%E0%B8%99FC001/ks.shoes_,"[""รองเท้าผู้ชาย"",""รองเท้าผ้าใบ""]","[{""name"":""คลัง"",""value"":""844""},{""name"":""สินค้า"",""value"":""GoldCiti(โกลซิตี้)""},{""name"":""กว้างกำลังดี"",""value"":""ใช่""},{""name"":""ประเภทตัวยึดรองเท้า"",""value"":""แบบเชือกผูก""},{""name"":""ประเทศต้นกำเนิดสินค้า"",""value"":""ไทย""},{""name"":""ความสูงของส้น"",""value"":""ไม่มีส้น""},{""name"":""ส่งจาก"",""value"":""จังหวัดกรุงเทพมหานคร""}]","
☘️รองเท้านักเรียน โกลซิตี้☘️
สวมใส่สบายเท้า
รุ่นยอดนิยม ราคาถูก
รองเท้า Matin (มาติน) Made in Thailand

ยี่ห้อ :Gold City GC FC001/Matin T-205
# ทั้ง​ 2 ยี่ห้อคุณภาพเทียบเคียงกันค่ะ 
#ขออนุญาติแทนในกรณีที่ยี่ห้อใดยี่ห้อนึงหมดครับ
#ทางร้านจะแทนสินค้ารุ่นที่แพงที่สุดให้

⚡️รุ่น GC Fc001
⚡️มีไซร์ 32-45
⚡️มี 3 สี ดำ, นำ้ตาล,ขาว

พื้นทนต่อทุกสภาพผิว
ไม่ผิดระเบียบ
ซักทำความสะอาดง่าย

มีบริการเก็บเงินปลายทาง cod
มีรอบการจัดส่งสินค้าทุกวัน

รองเท้านักเรียน โกลซิตี้ 
-ใส่ไปโรงเรียน
-ใส่ทำงาน
-ใส่เล่นกีฬา
-ใส่เดินป่า",4.71,186,100,1.96 hours,Fri Sep 18 2020 04:32:12 GMT+0000 (Coordinated Universal Time),5321,"[{""name"":""สี"",""variations"":[""GC/T205-ดำ"",""GC/T205-ขาว"",""GC/T205-น้ำตาล""]},{""name"":""ขนาด"",""variations"":[""31"",""32"",""33"",""34"",""35"",""36"",""37"",""38"",""39"",""40"",""41"",""42"",""43"",""44"",""45""]}]",https://shopee.co.th,GoldCiti(โกลซิตี้),100012,False,,"[{""name"":""model"",""value"":""GC/T205-ขาว,37""}]",0,https://shopee.co.th/%E0%B8%A3%E0%B8%AD%E0%B8%87%E0%B9%80%E0%B8%97%E0%B9%89%E0%B8%B2%E0%B8%9C%E0%B9%89%E0%B8%B2%E0%B9%83%E0%B8%9A-cat.100012.100064,,,,
https://shopee.co.th/%E0%B8%9C%E0%B8%87%E0%B8%81%E0%B8%A3%E0%B8%B0%E0%B9%80%E0%B8%88%E0%B8%B5%E0%B9%8A%E0%B8%A2%E0%B8%9A%E0%B9%80%E0%B8%82%E0%B8%B5%E0%B8%A2%E0%B8%A7-(%E0%B8%9E%E0%B8%A3%E0%B9%89%E0%B8%AD%E0%B8%A1%E0%B8%8A%E0%B8%87)-i.142359678.9745430808?model_id=184619217693,9745430808,ผงกระเจี๊ยบเขียว (พร้อมชง),0,4.9,0,185.0,185.0,THB,,0,"[""https://down-th.img.susercontent.com/file/th-11134207-7qul4-lk978tgc0kfv69_tn"",""https://down-th.img.susercontent.com/file/th-11134207-7qukx-lk979v2wyauz44_tn"",""https://down-th.img.susercontent.com/file/th-11134207-7qul6-lk978tgc1z0b45_tn"",""https://down-th.img.susercontent.com/file/th-11134207-7qula-lk979v2wzpffb3_tn""]",,Kan███w S███,https://shopee.co.th/pong.91,"[""อาหารและเครื่องดื่ม"",""เครื่องดื่ม"",""เครื่องดื่มผงสําเร็จรูป""]","[{""name"":""คลัง"",""value"":""5153""},{""name"":""ประเทศต้นกำเนิดสินค้า"",""value"":""ไทย""},{""name"":""อายุการเก็บรักษา"",""value"":""12 เดือน""},{""name"":""ส่งจาก"",""value"":""จังหวัดน่าน""}]","ผงกระเจี๊ยบเขียว
-ไม่ผสมอย่างอื่น 
-ทางร้านใช้กระเจี๊ยบเขียว ทั้งหมด
—-
วิธีรับประทาน 
-ผงกระเจี๊ยบ 1 ช้อนโต๊ะ ผสมน้ำอุ่น  หรือ 
น้ำผลไม้อื่นๆ.  หรือ อาหารอ่อนๆ ทานหลังอาหาร. 2-3 ครั้งต่อวัน  

",4.87,55,100,0.58 hours,Fri Apr 26 2019 03:59:13 GMT+0000 (Coordinated Universal Time),3536,"[{""name"":""ขนาด"",""variations"":[""100 กรัม"",""200 กรัม"",""500 กรัม(ฟรี100กรัม)"",""กระเจี๊ยบเขียวแคปซูล""]}]",https://shopee.co.th,,100629,False,,"[{""name"":""model"",""value"":""กระเจี๊ยบเขียวแคปซูล""}]",0,https://shopee.co.th/%E0%B8%9C%E0%B8%87%E0%B8%8A%E0%B8%87%E0%B8%94%E0%B8%B7%E0%B9%88%E0%B8%A1-cat.11044943.11045054.11045374,"[{""claimable"":false,""currency"":""THB"",""discount"":15,""discount_cap"":0,""discount_percentage"":0,""min_spend"":12900000,""shop_vouncher"":""Kankaew Shop"",""special_condition"":null,""text_info"":""PONGC9XS6"",""validity_end"":""2024-10-05T16:59:00.000Z"",""validity_start"":""2024-08-31T17:00:00.000Z""},{""claimable"":false,""currency"":""THB"",""discount"":null,""discount_cap"":1500000,""discount_percentage"":5,""min_spend"":12900000,""shop_vouncher"":""Kankaew Shop"",""special_condition"":null,""text_info"":""PONG5AUG"",""validity_end"":""2024-09-05T16:59:00.000Z"",""validity_start"":""2024-08-01T17:00:00.000Z""},{""claimable"":false,""currency"":""THB"",""discount"":null,""discount_cap"":1500000,""discount_percentage"":5,""min_spend"":12900000,""shop_vouncher"":""Kankaew Shop"",""special_condition"":null,""text_info"":""PONGXKTNS"",""validity_end"":""2024-10-06T16:59:00.000Z"",""validity_start"":""2024-08-31T17:00:00.000Z""}]",,,
https://shopee.co.th/Original-JBL-XTREME-3-%E0%B8%A5%E0%B9%8D%E0%B8%B2%E0%B9%82%E0%B8%9E%E0%B8%87%E0%B8%9A%E0%B8%A5%E0%B8%B9%E0%B8%97%E0%B8%B9%E0%B8%98%E0%B9%84%E0%B8%A3%E0%B9%89%E0%B8%AA%E0%B8%B2%E0%B8%A2-IPX-7-%E0%B8%81%E0%B8%B1%E0%B8%99%E0%B8%99%E0%B9%89%E0%B9%8D%E0%B8%B2-%E0%B8%81%E0%B8%B1%E0%B8%99%E0%B8%9D%E0%B8%B8%E0%B9%88%E0%B8%99-%E0%B9%81%E0%B8%9A%E0%B8%9A%E0%B8%9E%E0%B8%81%E0%B8%9E%E0%B8%B2-i.451937590.21885311198?model_id=176151759912,21885311198,Original JBL XTREME 3 ลําโพงบลูทูธไร้สาย IPX 7 กันน้ํา กันฝุ่น แบบพกพา,0,0.0,0,22894.0,11008.0,THB,,0,"[""https://down-th.img.susercontent.com/file/sg-11134201-7rbnf-lmyf279xu9qo7b_tn"",""https://down-th.img.susercontent.com/file/sg-11134201-7rbl0-lmyf27st428pa1_tn"",""https://down-th.img.susercontent.com/file/sg-11134201-7rbl0-lmyf286ojrrtb5_tn"",""https://down-th.img.susercontent.com/file/sg-11134201-7rblm-lmyf28jg132o61_tn"",""https://down-th.img.susercontent.com/file/sg-11134201-7rbl1-lmyf28svlvfde4_tn"",""https://down-th.img.susercontent.com/file/sg-11134201-7rblv-lmyf297b25zkfb_tn""]",,Pin███r 3███tor██████,https://shopee.co.th/xwllj.th,"[""เครื่องเสียง"",""เครื่องเสียงภายในบ้าน"",""ลำโพง""]","[{""name"":""คลัง"",""value"":""352""},{""name"":""สินค้า"",""value"":""JBL(เจบีแอล)""},{""name"":""อุปกรณ์รองรับเครื่องเสียง"",""value"":""โทรศัพท์มือถือ,  อื่น ๆ,  พีซีและแล็ปท็อป,  มอเตอร์""},{""name"":""การตอบสนองความถี่สูงสุด"",""value"":""20000Hz""},{""name"":""ระยะเวลาการรับประกัน"",""value"":""12 เดือน""},{""name"":""ประเภทการประกัน"",""value"":""ประกันของโรงงาน""},{""name"":""มีฟังก์ชั่นบลูทูธ"",""value"":""ใช่""},{""name"":""เป็นลำโพงอัจฉริยะ"",""value"":""ไม่""},{""name"":""ประเภทของลำโพง"",""value"":""ลำโพงแบบพกพา""},{""name"":""ประเภทการเชื่อมต่อ"",""value"":""แบบไร้สาย""},{""name"":""ส่งจาก"",""value"":""ต่างประเทศ""}]","หน่วยใหม่และปิดผนึก
ผลิตภัณฑ์ JBL ของแท้ 100% พร้อมรับประกัน 1 ปีจากศูนย์บริการ JBL
คุณสมบัติของสินค้า:
เทคโนโลยีบลูทู ธ ไร้สาย
เอาต์พุต RMS สูงสุด - - เอาต์พุตสูงสุด 100W RMS
- วูฟเฟอร์ 2x 2.75 "", ทวีตเตอร์ 2x 0.75""
กันน้ำ IP67 คะแนนกันฝุ่น
อายุการใช้งานแบตเตอรี่สูงสุด 15 ชั่วโมง - - อายุการใช้งานแบตเตอรี่สูงสุด 15 ชั่วโมง
เอาต์พุตพลังงาน USB-A & USB-C - - เอาต์พุตพลังงาน USB-A & USB-C
สายสะพายไหล่รวม - รวมสายสะพายไหล่
ข้อมูลจำเพาะทางเทคนิค:
กำลังขับ: 100 วัตต์
ไดรเวอร์ * *: วูฟเฟอร์ 2x2.76 ""/ 70 มม | ทวีตเตอร์ 2x0.79 ""/ 20 มม.
* * การตอบสนองความถี่: 53.5 Hz ถึง 20 kHz
* อัตราส่วนสัญญาณต่อเสียงรบกวน:> 80 dB
บลูทู ธ: 5.1
คุณสมบัติของแบตเตอรี่: ลิเธียมไอออน * * เคมีแบตเตอรี่: ลิเธียมไอออน
* อายุแบตเตอรี่ที่คาดว่าจะมี: 15 ชั่วโมง * * อายุแบตเตอรี่ที่คาดหวัง: 15 ชั่วโมง
คะแนน IP: IP67 * * * คะแนน IP: IP67
อะไรอยู่ในกล่อง:
ลำโพงบลูทู ธ แบบพกพา JBL Xtreme 3
สายรัด
อะแดปเตอร์แปลงไฟ
สายไฟสายไฟ
การตอบสนองความถี่ต่ำสุด: 53Hz
การตอบสนองความถี่สูงสุด: 20000Hz
ความเข้ากันได้ของเสียง: มือถือมอเตอร์อื่น ๆ พีซีและแล็ปท็อป
ประเภทของการรับประกัน: การรับประกันจากผู้ผลิต
ประเภทการเชื่อมต่อ: ไร้สาย
ขนาด (ยาว x กว้าง x สูง): 11.75x5.35x5.28 (นิ้ว)
ลำโพงอัจฉริยะ: ไม่
ประเภทลำโพง: ลำโพงพกพา
ฟังก์ชั่นบลูทู ธ: ใช่
รับประกันระยะเวลา: 12 เดือน",4.85,877,99,1.26 hours,Wed May 26 2021 13:40:43 GMT+0000 (Coordinated Universal Time),12624,"[{""name"":""สี"",""variations"":[""สีดํา"",""สีฟ้า"",""สีเทา"",""ลายพราง""]}]",https://shopee.co.th,JBL(เจบีแอล),100535,False,,"[{""name"":""model"",""value"":""สีฟ้า""}]",0,https://shopee.co.th/%E0%B8%A5%E0%B8%B3%E0%B9%82%E0%B8%9E%E0%B8%87-cat.11044946.11045081,"[{""claimable"":false,""currency"":""THB"",""discount"":60,""discount_cap"":0,""discount_percentage"":0,""min_spend"":300000000,""shop_vouncher"":""Pinster 3C store.th"",""special_condition"":null,""text_info"":""XWLL2"",""validity_end"":""2024-10-23T06:13:00.000Z"",""validity_start"":""2024-07-22T05:13:00.000Z""},{""claimable"":false,""currency"":""THB"",""discount"":40,""discount_cap"":0,""discount_percentage"":0,""min_spend"":240000000,""shop_vouncher"":""Pinster 3C store.th"",""special_condition"":null,""text_info"":""XWLL95"",""validity_end"":""2024-10-23T06:14:00.000Z"",""validity_start"":""2024-07-22T05:14:00.000Z""},{""claimable"":false,""currency"":""THB"",""discount"":15,""discount_cap"":0,""discount_percentage"":0,""min_spend"":800000000,""shop_vouncher"":""Pinster 3C store.th"",""special_condition"":null,""text_info"":""XWLL1"",""validity_end"":""2024-10-23T06:13:00.000Z"",""validity_start"":""2024-07-22T05:13:00.000Z""}]",,,
https://shopee.co.th/Small-Valentino-garavani-V-logo-moon-shoulder-hobo-tote-crescent-underarm-baguette-i.278015341.25475621727?model_id=245682934465,25475621727,Small Valentino garavani V logo moon shoulder hobo tote crescent underarm baguette,0,0.0,0,6789.0,6789.0,THB,,0,"[""https://down-th.img.susercontent.com/file/th-11134201-7r98t-lubrkqlu741y50_tn"",""https://down-th.img.susercontent.com/file/th-11134201-7r98s-lubrkrlmpbv357_tn"",""https://down-th.img.susercontent.com/file/th-11134201-7r98o-lubrkslz85an9d_tn"",""https://down-th.img.susercontent.com/file/th-11134201-7r98u-lubrktjtulu499_tn"",""https://down-th.img.susercontent.com/file/th-11134201-7r98y-lubrkui8g9av28_tn"",""https://down-th.img.susercontent.com/file/th-11134201-7r98z-lubrkvj4y95754_tn"",""https://down-th.img.susercontent.com/file/th-11134201-7r98z-lubrkwkbfug323_tn"",""https://down-th.img.susercontent.com/file/th-11134201-7r98q-lubrkxnpu6ep62_tn"",""https://down-th.img.susercontent.com/file/th-11134201-7r98q-lubrkymeffhq51_tn""]",,Nan███aut███tic█████████,https://shopee.co.th/fashionbag_shop,"[""กระเป๋าผู้หญิง"",""กระเป๋าผ้า""]","[{""name"":""คลัง"",""value"":""60""},{""name"":""วัสดุ"",""value"":""ผ้าแคนวาส""},{""name"":""ส่งจาก"",""value"":""จังหวัดกรุงเทพมหานคร""}]","product material:Grainy calfskin leather 

color option :as pictures display 

Size Dimension：29 cm x 23 cm x 11 cm (duo to different measure methodology ,there maybe 1-2cm size difference exist ,please refer to datas from branded website）

Notice to clients

1，all these goods in our store are pre-order items ,in order to get around the quantity  limit of item listing caused by high proportion of pre-order listing ,we have set delivery time of all items to two days ,but we ship order overseas ,this short time isn't enough for us to hand goods to local express ,so please inform us alter the delivery time and activate COD service before order placing  ,please don't make arbitrary purchase without any asking，in normal condition,you will receive order 7-8 working days after we dispatch order .

2 all items in our online shop in watch category attach to half-year maintenance and warranty service whose range is limited to internal movement issues that doesn't include those caused by incorrect usage .daily scratches on metal dial  or normal oxidation on watchband surface are beyond service range ,so you could contact with us to apply for relevant service during valid time.in some circumstance when watch isn't weared ,you could place it on ventilating place to in  turn lonen its lifespan .

3  there maybe slight color difference because of computer monitor and photographing environment,for those clients who have little tolerance to the issue ,in order to avoid something unpleasant ,you should pay more serious thought on  purchase before placing a order .we don't accept any merChaneldise return and refund in the result of color difference issue , seven days appreciation service aren't bound to our online products as well

4 in normal condition ,we have scores of ready stocks in our store ,so that you could receive your favorite 2-3 working day after you make a purchase in our shop,in some special case when some items are temporarily out of stocks ,we have  to purchase from market ,the delivery time incidentally lengthen,usually it could take 7-8 working days to receive you beauty ,please wait for it with great patient .

5 quality inspectors are responsible for the quality of very single merChaneldise and help us discard inferior products at first time,they supervise the whole process from goods purchase ,packing and delivery ,hence you could make a  lighthearted purchase without any quality and security concern and meanwhile experience comfortable customer service throughout the whole course 

6 If you are satisfied our product quality and client service ,please give us precious nice rate and light up our stars ,all customers who give us good rate with shared pictures will be offerd 9 discount for next purchase ,our store newly open and pursue more help from customer .",4.81,40,30,4.23 hours,Thu Jun 25 2020 04:25:16 GMT+0000 (Coordinated Universal Time),648,"[{""name"":""Style"",""variations"":[""Style 1"",""Style 2"",""Style 3"",""Style 4"",""Style 5"",""Style 6""]}]",https://shopee.co.th,,100016,False,,"[{""name"":""model"",""value"":""Style 6""}]",0,https://shopee.co.th/%E0%B8%81%E0%B8%A3%E0%B8%B0%E0%B9%80%E0%B8%9B%E0%B9%8B%E0%B8%B2%E0%B8%9C%E0%B9%89%E0%B8%B2-cat.11044964.11045276,,,,
https://shopee.co.th/[S-5XL]-%E0%B9%80%E0%B8%AA%E0%B8%B7%E0%B9%89%E0%B8%AD%E0%B8%A2%E0%B8%B7%E0%B8%94%E0%B8%9C%E0%B9%89%E0%B8%B2%E0%B8%9D%E0%B9%89%E0%B8%B2%E0%B8%A2-%E0%B8%9E%E0%B8%B4%E0%B8%A1%E0%B8%9E%E0%B9%8C%E0%B8%A5%E0%B8%B2%E0%B8%A2%E0%B8%81%E0%B8%B2%E0%B8%A3%E0%B9%8C%E0%B8%95%E0%B8%B9%E0%B8%99-Captain-Haddock-Tintin-%E0%B9%81%E0%B8%9F%E0%B8%8A%E0%B8%B1%E0%B9%88%E0%B8%99%E0%B8%A4%E0%B8%94%E0%B8%B9%E0%B8%A3%E0%B9%89%E0%B8%AD%E0%B8%99-%E0%B8%AA%E0%B9%84%E0%B8%95%E0%B8%A5%E0%B9%8C%E0%B8%AE%E0%B8%B4%E0%B8%9B%E0%B8%AE%E0%B8%AD%E0%B8%9B-%E0%B8%AA%E0%B9%8D%E0%B8%B2%E0%B8%AB%E0%B8%A3%E0%B8%B1%E0%B8%9A%E0%B8%9C%E0%B8%B9%E0%B9%89%E0%B8%8A%E0%B8%B2%E0%B8%A2-i.805687832.20639839835?model_id=29138949385,20639839835,[S-5XL] เสื้อยืดผ้าฝ้าย พิมพ์ลายการ์ตูน Captain Haddock Tintin แฟชั่นฤดูร้อน สไตล์ฮิปฮอป สําหรับผู้ชาย,0,0.0,0,169.0,169.0,THB,,0,"[""https://down-th.img.susercontent.com/file/e0b9eba432cdcb01483fd75327fdbb26_tn"",""https://down-th.img.susercontent.com/file/29e2acbfd00138b446367187307bbcbb_tn"",""https://down-th.img.susercontent.com/file/5ffa14d71e6168506a202c97cc67e358_tn"",""https://down-th.img.susercontent.com/file/862912332640fdad6d8b3a901cb40a99_tn"",""https://down-th.img.susercontent.com/file/34de6c5b67ece1fc8479dfa26e5da0a2_tn"",""https://down-th.img.susercontent.com/file/09cdc6a8ebc4391bec5676ec247876d9_tn"",""https://down-th.img.susercontent.com/file/af8ee387657bc220de04b9c703ba66a6_tn"",""https://down-th.img.susercontent.com/file/01ca3ba9b9ed5412eaa9c394f22806f9_tn""]",,w9s███eaz███,https://shopee.co.th/w9szfpeazu,"[""เสื้อผ้าผู้ชาย"",""เสื้อ"",""เสื้อยืด""]","[{""name"":""คลัง"",""value"":""6993""},{""name"":""สไตล์เสื้อผ้า"",""value"":""เกี่ยวกับกีฬา, ธรรมดา""},{""name"":""เสื้อผ้าสำหรับคนสูง"",""value"":""ใช่""},{""name"":""ความยาวเสื้อ"",""value"":""ยาว""},{""name"":""ประเทศต้นกำเนิดสินค้า"",""value"":""ไทย""},{""name"":""ความยาวของแขนเสื้อ"",""value"":""แขนสั้น""},{""name"":""ขนาดของเสื้อ"",""value"":""หลวม""},{""name"":""ทรงคอเสื้อ"",""value"":""คอกลม""},{""name"":""วัสดุ"",""value"":""ฝ้าย""},{""name"":""ลวดลาย"",""value"":""ลายพิมพ์""},{""name"":""ฤดูกาล"",""value"":""ฤดูร้อน""},{""name"":""ขนาดใหญ่"",""value"":""ใช่""},{""name"":""ส่งจาก"",""value"":""จังหวัดปทุมธานี""}]","ผ้าคอตตอน 100%
ซักเครื่องได้ แหวนสปันผ้าฝ้ายใส่สบาย
เสื้อยืดทรงสลิมฟิตทันสมัย - โปรดดูแผนภูมิขนาดสำหรับปรับขนาด
ใช้เทคโนโลยีขั้นสูงล่าสุดเพื่อเพิ่มประสิทธิภาพเสื้อยืดของคุณด้วยกราฟิกความคมชัดสูงที่ยอดเยี่ยมและความรู้สึกเรียบเนียนเป็นพิเศษ
การออกแบบแฟชั่นสวยงามและสวมใส่สบายเหมาะสำหรับการออกกำลังกายทุกประเภทออกกำลังกายหรือพักผ่อนและอื่น ๆ",3.82,877,57,,Wed Jun 29 2022 01:41:58 GMT+0000 (Coordinated Universal Time),64,"[{""name"":""สี"",""variations"":[""สีของภาพ""]},{""name"":""ขนาด"",""variations"":[""XL"",""XXL"",""3XL"",""XS"",""S"",""M"",""L""]}]",https://shopee.co.th,,100011,False,,"[{""name"":""model"",""value"":""สีของภาพ,M""}]",0,https://shopee.co.th/%E0%B9%80%E0%B8%AA%E0%B8%B7%E0%B9%89%E0%B8%AD%E0%B8%A2%E0%B8%B7%E0%B8%94%E0%B8%AA%E0%B8%81%E0%B8%A3%E0%B8%B5%E0%B8%99%E0%B8%95%E0%B8%B1%E0%B8%A7%E0%B8%AB%E0%B8%99%E0%B8%B1%E0%B8%87%E0%B8%AA%E0%B8%B7%E0%B8%AD-cat.11044945.11045067.11045424,,,,
https://shopee.co.th/%F0%9F%A5%B0%E0%B8%8A%E0%B8%B8%E0%B8%94%E0%B8%99%E0%B8%AD%E0%B8%99%E0%B8%9C%E0%B9%89%E0%B8%B2%E0%B8%AA%E0%B8%B2%E0%B8%A5%E0%B8%B9%E0%B8%8D%E0%B8%B5%E0%B9%88%E0%B8%9B%E0%B8%B8%E0%B9%88%E0%B8%99%E0%B9%81%E0%B8%82%E0%B8%99%E0%B8%AA%E0%B8%B1%E0%B9%89%E0%B8%99-%E0%B8%82%E0%B8%B2%E0%B8%AA%E0%B8%B1%E0%B9%89%E0%B8%99-%E0%B9%80%E0%B8%99%E0%B8%B7%E0%B9%89%E0%B8%AD%E0%B8%9C%E0%B9%89%E0%B8%B2%E0%B9%80%E0%B8%81%E0%B8%A3%E0%B8%94%E0%B8%9E%E0%B8%B5%E0%B9%80%E0%B8%A1%E0%B8%B5%E0%B9%88%E0%B8%A2%E0%B8%A1-Japanese-pajamas%E3%80%90LittleStar6%E3%80%91-i.973849916.24228888037?model_id=250779182189,24228888037,🥰ชุดนอนผ้าสาลูญี่ปุ่นแขนสั้น-ขาสั้น เนื้อผ้าเกรดพีเมี่ยม Japanese pajamas【LittleStar6】,0,4.6,0,321.0,161.0,THB,,0,"[""https://down-th.img.susercontent.com/file/cn-11134207-7r98o-luzucmhdoo1sbd_tn"",""https://down-th.img.susercontent.com/file/cn-11134207-7r98o-luzucmhdn9hcaf_tn"",""https://down-th.img.susercontent.com/file/cn-11134207-7r98o-luzucmhd3lj429_tn"",""https://down-th.img.susercontent.com/file/cn-11134207-7r98o-luzucmhccwqo59_tn"",""https://down-th.img.susercontent.com/file/cn-11134207-7r98o-luzucmhcebb4fb_tn"",""https://down-th.img.susercontent.com/file/cn-11134207-7r98o-luzucmhcfpvk02_tn"",""https://down-th.img.susercontent.com/file/cn-11134207-7r98o-luzucmhcij0gc5_tn"",""https://down-th.img.susercontent.com/file/cn-11134207-7r98o-luzucmhcpjuoce_tn"",""https://down-th.img.susercontent.com/file/cn-11134207-7r98o-luzucmhcmqps72_tn""]",,Lit███Sta███,https://shopee.co.th/lzboi_6.th,"[""เสื้อผ้าผู้หญิง"",""ชุดนอน"",""ชุดนอน""]","[{""name"":""คลัง"",""value"":""5783""},{""name"":""ความยาวของแขนเสื้อ"",""value"":""แขนสั้น""},{""name"":""ขนาดใหญ่"",""value"":""ไม่""},{""name"":""ส่งจาก"",""value"":""ต่างประเทศ""}]","👉ขนาดรอบอกโดยประมาณ รอบอก44นิ้ว
 👉รอบเอว 20-36นิ้ว
 👉สะโพก 44นิ้ว

✅เหมาะสำหรับคนใส่ไซส์ S  M  L XL
✅ผ้าไหมเรย่อนมีขอบกุ๊นแขน/ขา  
✅เนื้อผ้าไหมเกรดแพง ไม่บาง เนื้อผ้าเกรดขึ้นห้าง
✅ไซส์ FreeSize
",4.52,309,100,0.17 hours,Fri Mar 24 2023 06:13:36 GMT+0000 (Coordinated Universal Time),137731,"[{""name"":""สี"",""variations"":[""SL 01"",""SL 02"",""SL 03"",""SL 04"",""SL 05"",""SL 06"",""SL 07"",""SL 08"",""SL 09"",""SL 010"",""SL 011"",""SL 012"",""SL 013"",""SL 014"",""SL 015"",""SL 016"",""SL 017"",""SL 018""]}]",https://shopee.co.th,,100017,False,,"[{""name"":""model"",""value"":""SL 05""}]",0,https://shopee.co.th/%E0%B9%80%E0%B8%8B%E0%B8%95%E0%B8%8A%E0%B8%B8%E0%B8%94%E0%B8%99%E0%B8%AD%E0%B8%99-cat.11044944.11045061.11045410,"[{""claimable"":false,""currency"":""THB"",""discount"":2,""discount_cap"":0,""discount_percentage"":0,""min_spend"":10000000,""shop_vouncher"":""LittleStar6"",""special_condition"":null,""text_info"":""LZBO98"",""validity_end"":""2024-09-30T15:59:00.000Z"",""validity_start"":""2024-08-31T16:00:00.000Z""},{""claimable"":false,""currency"":""THB"",""discount"":8,""discount_cap"":0,""discount_percentage"":0,""min_spend"":30000000,""shop_vouncher"":""LittleStar6"",""special_condition"":null,""text_info"":""LZBO292"",""validity_end"":""2024-09-30T15:59:00.000Z"",""validity_start"":""2024-08-31T16:00:00.000Z""}]",,,
https://shopee.co.th/Yuedpao[%E0%B9%83%E0%B8%AB%E0%B8%A1%E0%B9%88%E0%B8%A5%E0%B9%88%E0%B8%B2%E0%B8%AA%E0%B8%B8%E0%B8%94]%E0%B8%A3%E0%B8%B8%E0%B9%88%E0%B8%99%E0%B9%82%E0%B8%84%E0%B8%95%E0%B8%A3%E0%B8%99%E0%B8%B8%E0%B9%88%E0%B8%A1-%E0%B8%99%E0%B8%B8%E0%B9%88%E0%B8%A1%E0%B8%95%E0%B8%B1%E0%B9%89%E0%B8%87%E0%B9%81%E0%B8%95%E0%B9%88%E0%B8%81%E0%B8%B3%E0%B9%80%E0%B8%99%E0%B8%B4%E0%B8%94-%E0%B8%A2%E0%B8%B7%E0%B8%94%E0%B9%81%E0%B8%95%E0%B9%88%E0%B9%84%E0%B8%A1%E0%B9%88%E0%B8%A2%E0%B9%89%E0%B8%A7%E0%B8%A2-%E0%B8%A2%E0%B8%B1%E0%B8%9A%E0%B8%A2%E0%B8%B2%E0%B8%81-%E0%B9%80%E0%B8%AA%E0%B8%B7%E0%B9%89%E0%B8%AD%E0%B8%A2%E0%B8%B7%E0%B8%94%E0%B8%84%E0%B8%AD%E0%B8%81%E0%B8%A5%E0%B8%A1-Set-Cozy-Nature-i.240723932.20037438526?model_id=79022356546,20037438526,Yuedpao[ใหม่ล่าสุด]รุ่นโคตรนุ่ม นุ่มตั้งแต่กำเนิด ยืดแต่ไม่ย้วย ยับยาก เสื้อยืดคอกลม Set Cozy Nature,0,4.9,0,290.0,150.0,THB,,0,"[""https://down-th.img.susercontent.com/file/th-11134207-23020-ywkebbtcc2nvd2_tn"",""https://down-th.img.susercontent.com/file/sg-11134201-22100-dyotr898ohiv51_tn"",""https://down-th.img.susercontent.com/file/sg-11134201-22100-qn9yks08ohiv4d_tn"",""https://down-th.img.susercontent.com/file/sg-11134201-22100-qvis5x08ohivf0_tn"",""https://down-th.img.susercontent.com/file/sg-11134201-22100-2cs5dda9ohiv4e_tn"",""https://down-th.img.susercontent.com/file/c28d7416ca464feae900d125071642df_tn"",""https://down-th.img.susercontent.com/file/46657c521f81d98db677a7fbead1075d_tn"",""https://down-th.img.susercontent.com/file/0ad5434da77b17d48f03b4c01bc52dd6_tn"",""https://down-th.img.susercontent.com/file/sg-11134201-22120-wadx6s46askv06_tn""]",,Yue███o -███ดเป█████████ial█████████,https://shopee.co.th/yuedpao_official,"[""เสื้อผ้าผู้ชาย"",""เสื้อ"",""เสื้อยืด""]","[{""name"":""คลัง"",""value"":""4615""},{""name"":""สินค้า"",""value"":""Yuedpao(ยืดเปล่า)""},{""name"":""สไตล์เสื้อผ้า"",""value"":""ธรรมดา""},{""name"":""เสื้อผ้าสำหรับคนสูง"",""value"":""ไม่""},{""name"":""ความยาวเสื้อ"",""value"":""ยาว""},{""name"":""ประเทศต้นกำเนิดสินค้า"",""value"":""ไทย""},{""name"":""ความยาวของแขนเสื้อ"",""value"":""แขนสั้น""},{""name"":""ขนาดของเสื้อ"",""value"":""คลาสสิก""},{""name"":""ทรงคอเสื้อ"",""value"":""คอกลม""},{""name"":""ลวดลาย"",""value"":""เรียบๆ""},{""name"":""ส่งจาก"",""value"":""จังหวัดกรุงเทพมหานคร""}]","เทคนิคการทอด้วยเส้นด้ายแบบพิเศษ ทีมักใช้กันในเสื้อผ้าเด็กอ่อน ทอผ้าสองหน้า 
แบบ Interlock จึงทําให้ผ้าโคตรนุ่ม ทั้งด้านในและด้านนอก ยืดหยุ่นได้ดี 
ด้วยเส้นด้ายคอตตอนผสมโพลีในอัตราส่วน 1 ต่อ 2 ทําให้ผ้าอยู่ทรงยับยาก
แบบไม่ต้องรีด ระบายอากาศได้เป็นอย่างดี

ด้วยเทคนิคข้างต้น อาจทำให้ผ้าขึ้นขนได้ง่าย เพื่อยืดอายุการใช้งาน ควรซักโหมดถนอมผ้าหรือใช้ถุงถนอมผ้า

Yuedpao
- ไม่ย้วย รับประกันมากกว่า 2 ปี
- ไม่หด ไม่ต้องเผื่อไซส์
- ไม่ต้องรีด ซักตากใส่ได้เลย เนี้ยบ
- ไม่อมเหงื่อ เนื้อผ้าระบายอากาศดีเยี่ยม
- Cotton ผสม No.34 ละเอียดเนื้อนุ่มใส่สบายมาก
- คุณภาพระดับห้าง มีสาขาบนห้างชั้นนำ

Our story
เสื้อทุกตัวของ yuedpao
ใช้ผ้าคอตตอน ที่ผสมกับ poly อย่างดี
ทำให้เสื้ออยู่ทรงสวย นุ่มสบาย ย้วยและยืดยาก
ที่สำคัญก็ยับยากเช่นกันทำให้ดูเนี๊ยบตลอดเวลา
แตกต่างกับ ผ้าคอตตอน 100 % เป็นที่รู้กันอย่างดี
ว่าย้วยและยืดง่ายมากขนาดที่ว่าซักรอบเดียว
หดไปเป็นคืบเลยทีเดียววววววนะเธอ
",4.89,528,98,2.97 hours,Wed Apr 01 2020 02:58:33 GMT+0000 (Coordinated Universal Time),669150,"[{""name"":""Color"",""variations"":[""Charcoal Blue"",""Olive Oil"",""Sand"",""Warm Gray""]},{""name"":""Size"",""variations"":[""S"",""M"",""L"",""XL"",""XXL"",""XXXL""]}]",https://shopee.co.th,Yuedpao(ยืดเปล่า),100011,False,,"[{""name"":""model"",""value"":""Warm Gray,S""}]",0,https://shopee.co.th/%E0%B9%80%E0%B8%AA%E0%B8%B7%E0%B9%89%E0%B8%AD%E0%B8%A2%E0%B8%B7%E0%B8%94%E0%B8%AA%E0%B8%B5%E0%B8%9E%E0%B8%B7%E0%B9%89%E0%B8%99-cat.11044945.11045067.11045423,"[{""claimable"":false,""currency"":""THB"",""discount"":15,""discount_cap"":0,""discount_percentage"":0,""min_spend"":35000000,""shop_vouncher"":""Yuedpao - ยืดเปล่า Official Store"",""special_condition"":null,""text_info"":""YUEDSEP"",""validity_end"":""2024-09-30T16:59:00.000Z"",""validity_start"":""2024-08-31T17:00:00.000Z""},{""claimable"":false,""currency"":""THB"",""discount"":30,""discount_cap"":0,""discount_percentage"":0,""min_spend"":30000000,""shop_vouncher"":""Yuedpao - ยืดเปล่า Official Store"",""special_condition"":null,""text_info"":""MTXWVVL"",""validity_end"":""2024-09-30T16:59:00.000Z"",""validity_start"":""2024-09-03T17:00:00.000Z""},{""claimable"":false,""currency"":""THB"",""discount"":40,""discount_cap"":0,""discount_percentage"":0,""min_spend"":50000000,""shop_vouncher"":""Yuedpao - ยืดเปล่า Official Store"",""special_condition"":null,""text_info"":""MTCWNQH"",""validity_end"":""2024-09-30T16:59:00.000Z"",""validity_start"":""2024-09-03T17:00:00.000Z""}]",,,
https://shopee.co.th/%E0%B8%9E%E0%B8%A3%E0%B9%89%E0%B8%AD%E0%B8%A1%E0%B8%AA%E0%B9%88%E0%B8%87-%E0%B9%80%E0%B8%AA%E0%B8%B7%E0%B9%89%E0%B8%AD%E0%B8%84%E0%B8%A3%E0%B8%AD%E0%B8%9B%E0%B9%80%E0%B9%80%E0%B8%82%E0%B8%99%E0%B8%AA%E0%B8%B1%E0%B9%89%E0%B8%99%E0%B8%AA%E0%B8%B5%E0%B8%99%E0%B8%A7%E0%B8%A5%E0%B8%A5%E0%B8%B2%E0%B8%A2%E0%B8%94%E0%B8%AD%E0%B8%81%E0%B9%84%E0%B8%A1%E0%B9%89-%E0%B8%AA%E0%B9%84%E0%B8%95%E0%B8%A5%E0%B9%8C%E0%B9%80%E0%B8%81%E0%B8%B2%E0%B8%AB%E0%B8%A5%E0%B8%B5-i.279437530.23258635192?model_id=204668220719,23258635192,พร้อมส่ง เสื้อครอปเเขนสั้นสีนวลลายดอกไม้ สไตล์เกาหลี,0,4.7,0,95.0,56.0,THB,,0,"[""https://down-th.img.susercontent.com/file/sg-11134201-7rbn1-ln3t3tcu9oadc9_tn"",""https://down-th.img.susercontent.com/file/sg-11134201-7rbkg-ln3t3tf27udnaa_tn"",""https://down-th.img.susercontent.com/file/sg-11134201-7rbkp-ln3t3tlzwad42d_tn"",""https://down-th.img.susercontent.com/file/sg-11134201-7rbm2-ln3t3tthlb8s00_tn"",""https://down-th.img.susercontent.com/file/sg-11134201-7rbmz-ln3t3u0zad1434_tn"",""https://down-th.img.susercontent.com/file/sg-11134201-7rbn7-ln3t3u86zsj988_tn"",""https://down-th.img.susercontent.com/file/sg-11134201-7rbmk-ln3t3uginmkaf3_tn"",""https://down-th.img.susercontent.com/file/sg-11134201-7rbm3-ln3t3uoac8q42c_tn"",""https://down-th.img.susercontent.com/file/sg-11134201-7rbmw-ln3t3utk7cl4ba_tn""]",,Pek███ome███,https://shopee.co.th/pekihome,"[""เสื้อผ้าผู้หญิง"",""เสื้อ"",""อื่นๆ""]","[{""name"":""คลัง"",""value"":""91121""},{""name"":""สไตล์เสื้อผ้า"",""value"":""ธรรมดา, โบฮีเมี่ยน, เกาหลี""},{""name"":""วัสดุ"",""value"":""ฝ้าย""},{""name"":""ขนาดใหญ่"",""value"":""ไม่""},{""name"":""โอกาส"",""value"":""ไม่เป็นทางการ""},{""name"":""ลวดลาย"",""value"":""ลายดอกไม้""},{""name"":""เล็กกระทัดรัด"",""value"":""ใช่""},{""name"":""ประเทศต้นกำเนิดสินค้า"",""value"":""อื่นๆ""},{""name"":""ส่งจาก"",""value"":""จังหวัดกรุงเทพมหานคร""}]","*กรุณาดูรายละเอียดขนาดข้อมูลก่อนการซื้อ
*ก่อนสั่งซื้อกรุณาตรวจสอบข้อมูลให้ถูกต้อง
*กรุณาเลือกขนาดสีสันสินค้าที่เหมาะสม
*กรอกชื่อนามสกุลที่อยู่ผู้รับของและเบอร์โทรให้ละเอียดชัดเจนนะค่ะ",4.47,2588,99,2.13 hours,Mon Jun 29 2020 05:32:49 GMT+0000 (Coordinated Universal Time),679937,"[{""name"":""สี"",""variations"":[""แอปริคอท""]},{""name"":""ไซซ์"",""variations"":[""S"",""M"",""L"",""XL""]}]",https://shopee.co.th,,100017,False,,"[{""name"":""model"",""value"":""แอปริคอท,S""}]",0,https://shopee.co.th/%E0%B8%AD%E0%B8%B7%E0%B9%88%E0%B8%99%E0%B9%86-cat.11044944.11045058.11046359,"[{""claimable"":false,""currency"":""THB"",""discount"":5,""discount_cap"":0,""discount_percentage"":0,""min_spend"":19900000,""shop_vouncher"":""Peki Home"",""special_condition"":null,""text_info"":""PEKIPEKIA"",""validity_end"":""2024-10-24T15:58:00.000Z"",""validity_start"":""2024-07-23T03:40:00.000Z""},{""claimable"":false,""currency"":""THB"",""discount"":5,""discount_cap"":0,""discount_percentage"":0,""min_spend"":19900000,""shop_vouncher"":""Peki Home"",""special_condition"":null,""text_info"":""PEKIPEKI1"",""validity_end"":""2024-11-27T15:58:00.000Z"",""validity_start"":""2024-08-26T16:00:00.000Z""},{""claimable"":false,""currency"":""THB"",""discount"":8,""discount_cap"":0,""discount_percentage"":0,""min_spend"":29900000,""shop_vouncher"":""Peki Home"",""special_condition"":null,""text_info"":""PEKIPEKI2"",""validity_end"":""2024-11-27T15:58:00.000Z"",""validity_start"":""2024-08-26T16:00:00.000Z""},{""claimable"":false,""currency"":""THB"",""discount"":12,""discount_cap"":0,""discount_percentage"":0,""min_spend"":59900000,""shop_vouncher"":""Peki Home"",""special_condition"":null,""text_info"":""PEKIPEKI3"",""validity_end"":""2024-11-27T15:58:00.000Z"",""validity_start"":""2024-08-26T16:00:00.000Z""}]",,,
https://shopee.co.th/%F0%9F%92%9D-%E0%B8%9E%E0%B8%A3%E0%B9%89%E0%B8%AD%E0%B8%A1%E0%B8%AA%E0%B9%88%E0%B8%87-%F0%9F%92%9D%E0%B9%83%E0%B8%AB%E0%B8%A1%E0%B9%88%E0%B8%8A%E0%B8%B8%E0%B8%94%E0%B8%99%E0%B8%AD%E0%B8%99%E0%B8%9C%E0%B8%B9%E0%B9%89%E0%B8%AB%E0%B8%8D%E0%B8%B4%E0%B8%87%E0%B8%99%E0%B9%89%E0%B8%B3%E0%B9%81%E0%B8%82%E0%B9%87%E0%B8%87%E0%B8%9C%E0%B9%89%E0%B8%B2%E0%B9%84%E0%B8%AB%E0%B8%A1%E0%B8%84%E0%B8%AD%E0%B8%A7%E0%B8%B5%E0%B8%84%E0%B8%B2%E0%B8%A3%E0%B9%8C%E0%B9%81%E0%B8%82%E0%B8%99%E0%B8%AA%E0%B8%B1%E0%B9%89%E0%B8%99%E0%B8%81%E0%B8%B2%E0%B8%87%E0%B9%80%E0%B8%81%E0%B8%87%E0%B8%82%E0%B8%B2%E0%B8%AA%E0%B8%B1%E0%B9%89%E0%B8%99%E0%B8%8A%E0%B8%B8%E0%B8%94%E0%B8%9A%E0%B8%A7%E0%B8%81%E0%B8%82%E0%B8%99%E0%B8%B2%E0%B8%94%E0%B9%80%E0%B8%AA%E0%B8%B7%E0%B9%89%E0%B8%AD%E0%B8%9C%E0%B9%89%E0%B8%B2%E0%B8%9A%E0%B9%89%E0%B8%B2%E0%B8%99%E0%B8%9C%E0%B8%B9%E0%B9%89%E0%B8%AB%E0%B8%8D%E0%B8%B4%E0%B8%87-i.952159914.19179598216?model_id=196731098049,19179598216,💝 พร้อมส่ง 💝ใหม่ชุดนอนผู้หญิงน้ำแข็งผ้าไหมคอวีคาร์แขนสั้นกางเกงขาสั้นชุดบวกขนาดเสื้อผ้าบ้านผู้หญิง,0,4.7,0,321.0,129.0,THB,,0,"[""https://down-th.img.susercontent.com/file/sg-11134201-7qvep-lgkmci9am87i48_tn"",""https://down-th.img.susercontent.com/file/sg-11134201-7qvf8-lg59uf5ozhpw75_tn"",""https://down-th.img.susercontent.com/file/sg-11134201-7qvcz-lgchestbr28076_tn"",""https://down-th.img.susercontent.com/file/sg-11134201-7qveo-lg59ub4kx99hf3_tn"",""https://down-th.img.susercontent.com/file/sg-11134201-7qvep-lfgxonbfcrs7cd_tn"",""https://down-th.img.susercontent.com/file/sg-11134201-7qvf4-lgcheudngmesf9_tn"",""https://down-th.img.susercontent.com/file/sg-11134201-7qvef-lg59uclupw775c_tn"",""https://down-th.img.susercontent.com/file/sg-11134201-7qvfo-lg59udfjigg053_tn"",""https://down-th.img.susercontent.com/file/sg-11134201-7qvff-lg59ue9sa6ud1b_tn""]",,Swo███21.███,https://shopee.co.th/swoan121.th,"[""เสื้อผ้าผู้หญิง"",""ชุดนอน"",""ชุดนอน""]","[{""name"":""คลังสินค้าโปรโมชั่น"",""value"":""14990""},{""name"":""คลังอื่น ๆ"",""value"":""431824""},{""name"":""ความยาวของแขนเสื้อ"",""value"":""แขนสั้น""},{""name"":""วัสดุ"",""value"":""ไหม""},{""name"":""ขนาดใหญ่"",""value"":""ใช่""},{""name"":""ฤดูกาล"",""value"":""ฤดูร้อน""},{""name"":""ลวดลาย"",""value"":""อื่นๆ""},{""name"":""ประเทศต้นกำเนิดสินค้า"",""value"":""Puning""},{""name"":""ส่งจาก"",""value"":""ต่างประเทศ""}]","Product Description
🥰สวัสดียินดีต้อนรับ🥰





หน้าอก

M;35 นิ้ว

L;37 นิ้ว

XL;38.5 นิ้ว

2XL;40 นิ้ว

3XL;41นิ้ว

4XL;42.5นิ้ว

5XL;44นิ้ว

ขนาดที่แนะนำ

M สามารถสวมใส่ 38KG-45KG

L สามารถสวมใส่ 45KG-55KG

XL สามารถสวมใส่ 55KG-62.5KG

2XL สามารถสวมใส่ 62.5KG-70KG

3XL สามารถสวมใส่ 70KG-77.5KG

4XL สามารถสวมใส่ 77.5KG-85KG

5XL สามารถสวมใส่ 80KG-90KG





🥰ยินดีต้อนรับสู่ร้านค้าของเรา! ! !🥰

สินค้าทั้งหมดนำเข้าจากประเทศจีนและโรงงานขายตรง

ซื้อจำนวนมากจะเพลิดเพลินไปกับราคาขายส่งกรุณาติดต่อพนักงานร้านค้า



จะจัดส่งจากประเทศจีนภายใน 2 วันหลังจากการสั่งซื้อ

ใช้เวลาเดินทางถึงประเทศไทยประมาณ 7 ~ 10วัน

บริษัท โลจิสติกส์จะสแกนและส่งมอบในไม่ช้า

🥰โปรดอดใจรอ🥰



หากคุณมีคำถามใด ๆ หลังจากได้รับสินค้ากรุณาติดต่อเจ้าหน้าที่ร้านค้าในเวลา

เราจะช่วยเหลือคุณโดยเร็วที่สุด

หากคุณพอใจ

กรุณาให้คะแนน 5 ดาว🌟🌟🌟🌟🌟

ขอบคุณมาก ๆ💘💘💘",4.52,490,100,0.07 hours,Fri Feb 10 2023 04:01:54 GMT+0000 (Coordinated Universal Time),104838,"[{""name"":""สี"",""variations"":[""สีส้มดำ"",""สีขาว"",""สีชมพู"",""ดอกไม้ลายตาราง"",""ตัวอักษรสีเขียว"",""การ์ฟิลด์"",""สาวสโนว์ไวท์"",""น่ารัก หมี หัว"",""หมีลายสก๊อต"",""หมีน้อยสีชมพู""]},{""name"":""ขนาด"",""variations"":[""M（38kg-45kg）"",""L（45kg-55kg）"",""XL（55kg-63kg）"",""XXL（63kg-70kg）"",""3XL（70kg-78kg）""]}]",https://shopee.co.th,,100017,True,Wed Sep 04 2024 10:59:59 GMT+0000 (Coordinated Universal Time),"[{""name"":""model"",""value"":""สีขาว,3XL（70kg-78kg）""}]",0,https://shopee.co.th/%E0%B8%8A%E0%B8%B8%E0%B8%94%E0%B8%99%E0%B8%AD%E0%B8%99-cat.11044944.11045056.11046353,"[{""claimable"":false,""currency"":""THB"",""discount"":1,""discount_cap"":0,""discount_percentage"":0,""min_spend"":0,""shop_vouncher"":""Swoan121.th"",""special_condition"":null,""text_info"":""SWOA1EEE"",""validity_end"":""2024-10-31T04:13:00.000Z"",""validity_start"":""2024-07-31T06:47:00.000Z""},{""claimable"":false,""currency"":""THB"",""discount"":null,""discount_cap"":null,""discount_percentage"":null,""min_spend"":10100000,""shop_vouncher"":""Swoan121.th"",""special_condition"":null,""text_info"":""SWOAKOKOK"",""validity_end"":""2024-10-31T10:37:00.000Z"",""validity_start"":""2024-07-31T11:39:00.000Z""},{""claimable"":false,""currency"":""THB"",""discount"":5,""discount_cap"":0,""discount_percentage"":0,""min_spend"":30000000,""shop_vouncher"":""Swoan121.th"",""special_condition"":null,""text_info"":""SWOAPLPLP"",""validity_end"":""2024-10-31T10:38:00.000Z"",""validity_start"":""2024-07-31T09:32:00.000Z""}]",,,
https://shopee.co.th/%E2%98%AB%E2%97%8A%E2%99%9D[Exclusive-Set-%E0%B8%82%E0%B8%AD%E0%B8%87%E0%B9%81%E0%B8%96%E0%B8%A1-7-%E0%B8%8A%E0%B8%B4%E0%B9%89%E0%B8%99]Mad-hippie-Vit-C-Booster-Set(Vitamin-C-Serum-30-ml+Triple-C-Night-Cream-60-ml)-i.738383785.17141998527,17141998527,☫◊♝[Exclusive Set ของแถม 7 ชิ้น]Mad hippie Vit C Booster Set(Vitamin C Serum 30 ml+Triple C Night Cream 60 ml),0,0.0,0,1412.0,1412.0,THB,,0,"[""https://down-th.img.susercontent.com/file/005c4b5679a9d16a69ed5ed6bbe30545_tn"",""https://down-th.img.susercontent.com/file/769923f432c13556b05ea572623345f7_tn"",""https://down-th.img.susercontent.com/file/f4e8fa0a90f6eb9d7a2e71908fe3919d_tn"",""https://down-th.img.susercontent.com/file/a3f856a57ac7d8def125eca217027702_tn"",""https://down-th.img.susercontent.com/file/4a2b76ed1b97029f5493eba7473455d5_tn"",""https://down-th.img.susercontent.com/file/5724a9278af68241c840babe6fd9839e_tn"",""https://down-th.img.susercontent.com/file/41847aab06f924db4bb3e4bfbefbd5cb_tn""]",,bil███vhm███,https://shopee.co.th/bilpz2vhmx,"[""ผลิตภัณฑ์บำรุงและเสริมความงาม"",""ผลิตภัณฑ์บำรุงบริเวณใบหน้า"",""เซรั่มบำรุงผิวหน้า & น้ำตบ""]","[{""name"":""คลัง"",""value"":""110""},{""name"":""ส่งจาก"",""value"":""จังหวัดกาญจนบุรี""}]","Description
Mad Hippie | Triple C Night Cream

มอยส์เจอร์ไรเซอร์ทรีทเม้นต์สูตรเข้มข้น ด้วยคุณสมบัติของอนุพันธ์วิตามินซี 3 ชนิด ช่วยลดการสร้างเม็ดสีผิวปรับผิวให้สว่างกระจ่างใสอย่างเป็นธรรมชาติใน 1 กระปุก ผสานการทำงานของสารบำรุงผิวและต้านอนุมูลอิสระถึง 19 ชนิด ช่วยฟื้นบำรุงผิวให้ชุ่มชื่นอย่างล้ำลึก พร้อมเสริมเกราะปกป้องผิว ช่วยให้ผิวรอยดูตื้นขึ้นลดการเกิดริ้วรอยใหม่ ให้ผิวกระชับ เนียนนุ่มขึ้น ชั่วข้ามคืน

Mad Hippie | Vitamin C Serum

ผลิตภัณฑ์ขายดีอันดับหนึ่งจากแบรนด์ Mad Hippie เซรั่มวิตามิน C อนุพันธ์ STAY C®50 เสถียรกว่าวิตามินซีทั่วไป ช่วยให้ผิวกระจ่างใส ปรับสีผิวให้เรียบเนียนสม่ำเสมอ ลดเลือนจุดด่างดำ ฝ้ากระที่ไม่ลึกมาก และริ้วรอย ช่วยกระตุ้นการสร้างคอลลาเจน กระชับรูขุมขน ปรับสมดุลความมัน ลดโอกาสการเกิดสิว

รายละเอียดผลิตภัณฑ์
Mad Hippie | Triple C Night Cream

ขนาด: 60 ml

เหมาะสำหรับ : ผิวแห้ง มีปัญหาผิวหมองคล้ำ

คุณสมบัติ

มอยส์เจอร์ไรเซอร์ทรีทเม้นต์สูตรเข้มข้น ด้วยคุณสมบัติของอนุพันธ์วิตามินซี 3 ชนิด ช่วยลดการสร้างเม็ดสีผิวปรับผิวให้สว่างกระจ่างใสอย่างเป็นธรรมชาติใน 1 กระปุก ผสานการทำงานของสารบำรุงผิวและต้านอนุมูลอิสระถึง 19 ชนิด ช่วยฟื้นบำรุงผิวให้ชุ่มชื่นอย่างล้ำลึก พร้อมเสริมเกราะปกป้องผิว ช่วยให้ผิวรอยดูตื้นขึ้นลดการเกิดริ้วรอยใหม่ ให้ผิวกระชับ เนียนนุ่มขึ้น ชั่วข้ามคืน

ปรับผิวกระจ่างสว่างใสด้วย Vitamin C 3 ชนิด
ช่วยให้ผิวรอยดูตื้นขึ้นลดการเกิดริ้วรอยใหม่ ให้ผิวกระชับขึ้น ด้วยสารบำรุงและต้านอนุมูลอิสระ 19 ชนิด
เสริมเกราะปกป้องผิว ฟื้นบำรุงผิวให้ชุ่มชื่นอย่างล้ำลึก ชั่วข้ามคืน
วิธีใช้ : ทาครีมให้ทั่วผิวหน้าและลำคอ หลังขั้นตอนการทำความสะอาด

ข้อเสนอแนะ

เก็บในที่แห้งพ้นจากแสงแดดและความร้อน
เพื่อประสิทธิภาพสูงสุดควรใช้ควบคู่กับ Vitamin C Serum และใช้ผลิตภัณฑ์ปกป้องผิวจากแสงแดดในช่วงเช้า
เพื่อผลลัพธ์ที่ชัดเจนกว่าแนะนำให้ใช้ผลิตภัณฑ์ให้หมดใน 4 เดือนหลังเปิดใช้งาน
ส่วนประกอบสำคัญ

Triple C- Vitamin C : ผสานการฟื้นบำรุงความอ่อนเยาว์และปกป้องผิวจากความหมองคล้ำ ด้วยอนุพันธ์วิตามินซี 3 ชนิด Tetrahexyldecyl Ascorbate, Magnesium Ascorbyl Phosphate และ Ascorbyl Glucoside เป็นสูตรผสานสัดส่วนของวิตามินซีแต่ละอนุพันธ์อย่างลงตัวและมีประสิทธิภาพเห็นผลในการช่วยให้ผิวหน้ากระจ่างใส ลดการเกิดสีผิวไม่สม่ำเสมอ ช่วยให้ริ้วรอยดูตื้นขึ้นและลดอัตราการเกิดริ้วรอยใหม่

Reishi : เห็ดหลินจือแดงสกัด ที่หลายคนรู้จักกันอย่างแพร่หลายและมีความสำคัญอย่างมากในวงการการแพทย์จีน เพราะอุดมไปด้วยสารต้านอนุมูลอิสระและแร่ธาตุ จึงช่วยบำรุงผิวให้ชุ่มชื่นเรียบเนียนขึ้น

Sodium PCA : สารความชุ่มชื่นธรรมชาติใต้ผิว ที่ช่วยให้ผิวหนังคงความชุมชื่นได้เป็นอย่างดี

Cloud Berry : คลาวด์เบอร์รี่ “ทองคำแห่งอาร์คติก” ผลไม้ป่าที่สามารถเติบโตได้ตามภูเขาสูงและตามแนวชายฝั่งสแกนดิเนเวีย ประเทศ สวีเดน นอร์เวย์ ฟินแลนด์ ที่มีสภาพอากาศที่แปรปรวน อุดมไปด้วยสารต้านอนุมูลอิสระ เช่น วิตามินซี เบต้าแคโรทีน ซึ่งเป็นสารประกอบที่ช่วยปรับผิวให้กระจ่างใส

Turmeric Extract : อุดมไปด้วยสารต้านอนุมูลอิสระที่ช่วยเรื่องปัญหาสิวอุดตัน ลดสีผิวที่ไม่สม่ำเสมอ ปกป้องผิวจากอนุมูอิสระ เป็นสมุนไพรโบราณที่ได้รับการยอมรับกันอย่างแพร่หลายและให้สีเหลืองตามธรรมชาติ

Chaga : เห็ดชากา อุดมไปด้วยสารต้านอนุมูลอิสระที่มีประสิทธิภาพรวมถึง superoxide Dismutase แร่ซิงค์ ฟื้นบำรุงและปกป้องผิวจากความเครียดและมลภาวะในชีวิตประจำวัน

Shea But",0.0,96,57,,Mon Apr 04 2022 00:00:20 GMT+0000 (Coordinated Universal Time),0,"[{""variations"":[null]}]",https://shopee.co.th,,100630,False,,"[{""name"":""model"",""value"":null}]",0,https://shopee.co.th/%E0%B8%97%E0%B8%A3%E0%B8%B5%E0%B8%97%E0%B9%80%E0%B8%A1%E0%B9%89%E0%B8%99%E0%B8%97%E0%B9%8C-%E0%B9%80%E0%B8%8B%E0%B8%A3%E0%B8%B1%E0%B9%88%E0%B8%A1-cat.11044959.11045204.11046060,,,,
"https://shopee.co.th/%E0%B8%9E%E0%B9%88%E0%B8%AD%E0%B9%81%E0%B8%A1%E0%B9%88%E0%B9%83%E0%B8%88%E0%B9%80%E0%B8%A2%E0%B9%87%E0%B8%99-%E0%B8%A5%E0%B8%B9%E0%B8%81%E0%B9%86-%E0%B9%80%E0%B8%9B%E0%B9%87%E0%B8%99%E0%B8%AA%E0%B8%B8%E0%B8%82-Peaceful-Parent,-Happy-Kids-i.129457099.11968566099",11968566099,"พ่อแม่ใจเย็น ลูกๆ เป็นสุข Peaceful Parent, Happy Kids",0,5.0,0,320.0,256.0,THB,,0,"[""https://down-th.img.susercontent.com/file/d44c0c0f6c0a129baa4ebe5b4775c10d_tn"",""https://down-th.img.susercontent.com/file/9f0215e7f9926b45b2a095b9f2451e1f_tn"",""https://down-th.img.susercontent.com/file/1b302da863b4fde536fbcf2768c4cccb_tn"",""https://down-th.img.susercontent.com/file/3fc8c317e01fe549de81069e9d8f787d_tn"",""https://down-th.img.susercontent.com/file/b9c348ec07d03959d2d9070e116bfc0d_tn"",""https://down-th.img.susercontent.com/file/6b59457e05f03b5e56b1b46b7b94eee3_tn"",""https://down-th.img.susercontent.com/file/01c90289c055cfd12c8fc910f53e9339_tn""]",,San███ock███oks███,https://shopee.co.th/sandclockbooks,"[""หนังสือและนิตยสาร"",""หนังสือ"",""หนังสือครอบครัวและการเลี้ยงดูบุตร""]","[{""name"":""คลัง"",""value"":""11""},{""name"":""สินค้า"",""value"":""Sandclock Books(แซนด์คล็อค บุ๊คส์)""},{""name"":""ส่งจาก"",""value"":""จังหวัดกรุงเทพมหานคร""}]","เรื่องย่อ
ค้นพบความจริงที่ว่า การสร้างลูกเริ่มต้นที่เราเปลี่ยน
ผ่านหลักการ 3 ข้อที่ทำได้จริง
ควบคุมตัวเอง สร้างสายสัมพันธ์ เป็นโค้ชให้ลูก

พ่อแม่ใจเย็น ลูกๆ เป็นสุข มอบแนวทางแสนเรียบง่ายในการรับมือกับพฤติกรรมของลูก ที่ไม่ต้องดุ ต่อว่า หรือคิดหาวิธีลงโทษให้เจ็บแสบ แต่ความลับของเรื่องทั้งหมดคือการเริ่มต้นเปลี่ยนที่ตัวเรา หนังสือเล่มนี้มอบเครื่องมือให้พ่อแม่ตรวจสอบตนเองเพื่อเข้าใจสภาพอารมณ์ ให้เกิดเป็นสงบ มั่นใจ เข้าอกเข้าใจ และนำไปสู่การสร้างสายสัมพันธ์กับลูกที่แข็งแรงขึ้น
...
คู่มือการค้นพบใหม่
เพื่อเลี้ยงลูกที่มีความรับผิดชอบ มีความสามารถ และมีความสุข

อ้างอิงจากงานวิจัยล่าสุดเกี่ยวกับพัฒนาการทางสมองและประสบการณ์การรักษาพ่อแม่ในคลินิก วิธีการของ ดร.ลอรา มาร์คัม เรียบง่ายและมีประสิทธิภาพ สารของเธอคือ : การเพิ่มพูนความสัมพันธ์ด้านอารมณ์กับลูกสร้างการเปลี่ยนแปลงที่แท้จริงและยั่งยืน เมื่อคุณมีความสัมพันธ์ที่แข็งแกร่งนั้น ก็ไม่จำเป็นจะต้องข่มขู่ ดุด่า หาข้อแก้ตัว ติดสินบน หรือแม้แต่ลงโทษ

คู่มือที่น่าทึ่งเล่มนี้จะช่วยให้พ่อแม่เข้าใจสภาพอารมณ์ของตัวเองได้ดีขึ้น และช่วยให้พวกเขาคอยตรวจสอบตัวเอง เพื่อที่พวกเขาจะได้เลี้ยงดูลูกภายในขอบเขตอย่างมีคุณภาพ เข้าอกเข้าใจ และมีการสื่อสารที่ชัดเจน เพื่อสร้างเด็กที่มีระเบียบวินัยในตัวเอง พร้อมตัวอย่างทีละขั้นตอน สำหรับมอบแนวทางแก้ไขและการทดสอบลูกให้กับพ่อแม่ของลูกวัยหัดเดินไปจนถึงวัยประถม

ถ้าคุณเบื่อหน่ายกับการแก่งแย่งอำนาจ การเกรี้ยวกราดโกรธเคือง และกำลังมองหา ผลลัพธ์ ที่ใช่ ไม่ต้องไปมองหาที่ไหนไกล ในหนังสือเล่มนี้ คุณกำลังจะได้พบเครื่องมือที่นำไปใช้ได้จริงที่คุณต้องการเพื่อปรับเปลี่ยนรูปแบบการเลี้ยงดูของคุณให้เป็นไปในทิศทางบวก เป็นแนวทางที่พิสูจน์แล้ว

ดร.ลอรา ทำให้พ่อแม่เห็นว่าความเอาใจใส่ของพวกเขาสร้างสายใยต่อสมองของลูกในการควบคุมอารมณ์ และความสุข และอนาคตที่สดใสยิ่งขึ้นสำหรับมนุษยชาติ สารแห่งความรักที่เรียบง่ายทว่าปฏิวัติวงการได้เลย
-แนนซี ซามาลิน, วิทยาศาสตรมหาบัณฑิตสาขาชีววิทยา
นักเขียนหนังสือขายดีสี่เล่ม หนึ่งในนั้นคือ Loving without Spoiling

ถ้าคุณต้องการรู้สึกมั่นใจและสงบมากขึ้นในฐานะพ่อแม่ หนังสือเล่มนี้คือคำตอบ ดร.ลอรา ช่วยให้คุณเข้าใจว่าอะไรคือสิ่งที่ผลักดันพฤติกรรมของลูกและมอบเครื่องมือที่นำไปใช้ได้จริงเพื่อเปลี่ยนแปลงพฤติกรรม
-เอลิซาเบท แพนต์เลย์
นักเขียนหนังสือขายดีสิบสองเล่ม หนึ่งในนั้นคือ The No-Cry Sleep Solution",4.96,187,95,2.59 hours,Tue Feb 26 2019 07:46:05 GMT+0000 (Coordinated Universal Time),17900,"[{""variations"":[null]}]",https://shopee.co.th,Sandclock Books(แซนด์คล็อค บุ๊คส์),100643,False,,"[{""name"":""model"",""value"":null}]",0,https://shopee.co.th/%E0%B8%AB%E0%B8%99%E0%B8%B1%E0%B8%87%E0%B8%AA%E0%B8%B7%E0%B8%AD%E0%B8%84%E0%B8%A3%E0%B8%AD%E0%B8%9A%E0%B8%84%E0%B8%A3%E0%B8%B1%E0%B8%A7%E0%B9%81%E0%B8%A5%E0%B8%B0%E0%B8%84%E0%B8%A7%E0%B8%B2%E0%B8%A1%E0%B8%AA%E0%B8%B1%E0%B8%A1%E0%B8%9E%E0%B8%B1%E0%B8%99%E0%B8%98%E0%B9%8C-cat.11044957.11045186.11045915,,,,
https://shopee.co.th/vq-New-Run-Joggers-Pants-Male-Leisure-Sportswear-Bottoms-Skinny-Sweatpants-men-Trousers-Gym-Fitness-Bodybuilding-Track-i.328785569.7360103867?model_id=71602380200,7360103867,vq New Run Joggers Pants Male Leisure Sportswear Bottoms Skinny Sweatpants men Trousers Gym Fitness Bodybuilding Track,0,5.0,0,700.0,700.0,THB,,0,"[""https://down-th.img.susercontent.com/file/70f5bb33524746bee7796552e07976f9_tn"",""https://down-th.img.susercontent.com/file/4f18974a1e85c304d34cebd7e2b42baa_tn"",""https://down-th.img.susercontent.com/file/d434ce9534ef5dd299b35a8a41876e23_tn"",""https://down-th.img.susercontent.com/file/1df87015e897881ef9eed8e6e6363957_tn"",""https://down-th.img.susercontent.com/file/f9a13ffe06de28551e1eed2424c4b96b_tn"",""https://down-th.img.susercontent.com/file/45f5169cc1f0a5685e44dcd57324e3ac_tn"",""https://down-th.img.susercontent.com/file/a8ee325a0a206fd19ab3f517cc088428_tn"",""https://down-th.img.susercontent.com/file/599f3e29abffff88483055bf95350788_tn"",""https://down-th.img.susercontent.com/file/59d71c00d6cf660519397e24b9cbfd21_tn""]",,e55███pue███z6p█████████q6b███,https://shopee.co.th/e55uo_puew4yz6pmgnbef0mcq6bb,"[""เสื้อผ้าผู้ชาย"",""กางเกงขายาว"",""กางเกงจ็อกเกอร์""]","[{""name"":""คลัง"",""value"":""22207""},{""name"":""ลวดลาย"",""value"":""เรียบๆ""},{""name"":""ส่งจาก"",""value"":""จังหวัดปทุมธานี""}]","Color. Black, white. Khaki, navy blue
Style. Fitness. Fashion. leisure
Seasons, autumn, winter",4.39,101,0,,Wed Oct 28 2020 03:06:39 GMT+0000 (Coordinated Universal Time),2124,"[{""name"":""Variation"",""variations"":[""Black"",""Khaki"",""Navy blue"",""Light grey""]},{""name"":""Size"",""variations"":[""L"",""XXL"",""XL"",""M""]}]",https://shopee.co.th,,100011,False,,"[{""name"":""model"",""value"":""Navy blue,L""}]",0,https://shopee.co.th/%E0%B8%81%E0%B8%B2%E0%B8%87%E0%B9%80%E0%B8%81%E0%B8%87%E0%B8%88%E0%B9%87%E0%B8%AD%E0%B8%81%E0%B9%80%E0%B8%81%E0%B8%AD%E0%B8%A3%E0%B9%8C-cat.11044945.11045074.11045440,,,,
https://shopee.co.th/%E0%B9%83%E0%B8%AB%E0%B8%A1%E0%B9%88-unspeakable-T-%E0%B9%80%E0%B8%AA%E0%B8%B7%E0%B9%89%E0%B8%AD-morgz-youtuber-4.-~-15%E0%B8%9B%E0%B8%B5%E0%B9%80%E0%B8%94%E0%B9%87%E0%B8%81%E0%B8%97%E0%B8%B2%E0%B8%A3%E0%B8%81%E0%B9%80%E0%B8%AA%E0%B8%B7%E0%B9%89%E0%B8%AD%E0%B8%9C%E0%B9%89%E0%B8%B2%E0%B9%80%E0%B8%94%E0%B9%87%E0%B8%81%E0%B8%A7%E0%B8%B1%E0%B8%A2%E0%B8%AB%E0%B8%B1%E0%B8%94%E0%B9%80%E0%B8%94%E0%B8%B4%E0%B8%99%E0%B9%80%E0%B8%94%E0%B9%87%E0%B8%81%E0%B9%80%E0%B8%AA%E0%B8%B7%E0%B9%89%E0%B8%AD%E0%B8%9C%E0%B9%89%E0%B8%B2%E0%B9%80%E0%B8%94%E0%B9%87%E0%B8%81-magliette-100%-Cotton-i.931949268.23719663627?model_id=213745770075,23719663627,ใหม่ unspeakable T เสื้อ morgz youtuber 4. ~ 15ปีเด็กทารกเสื้อผ้าเด็กวัยหัดเดินเด็กเสื้อผ้าเด็ก magliette 100% Cotton,0,0.0,0,606.0,606.0,THB,,0,"[""https://down-th.img.susercontent.com/file/sg-11134201-23010-c038gucbrlmvf8_tn"",""https://down-th.img.susercontent.com/file/sg-11134201-23010-c5t5hyebrlmv16_tn"",""https://down-th.img.susercontent.com/file/sg-11134201-23010-9ctcnhfbrlmvf2_tn"",""https://down-th.img.susercontent.com/file/sg-11134201-23010-9usks1fbrlmvd2_tn""]",,hfj███s0m███,https://shopee.co.th/hfjxpas0mc,"[""เสื้อผ้าแฟชั่นเด็ก"",""เสื้อผ้าเด็กอ่อน"",""เสื้อ""]","[{""name"":""คลัง"",""value"":""47933""},{""name"":""ส่งจาก"",""value"":""จังหวัดกระบี่""}]","❤รายการทั้งหมดของเราเป็นไปตามที่ระบุไว้ในคำอธิบาย
❤รายการเป็นของใหม่ 100% เรานำเสนอผลิตภัณฑ์ที่ดีที่สุดในราคาที่ดีที่สุด
❤หากสินค้าที่คุณได้รับมีข้อบกพร่องโปรดติดต่อเราทันที ข้อเสนอแนะ
❤กรุณาปล่อยให้เราตอบรับเชิงบวก (5 ดาว) หากคุณพอใจกับสินค้าของเรา
จัดส่งภายใน4.8นิ้ว8นิ้วชั่วโมงจากสต็อก
เหมาะกับเพศ: ทุกเพศ
คุณภาพสูงไม่มี pilling ไม่ซีดจางไม่มีผลิตภัณฑ์เปลี่ยนรูป
สี: ตามที่แสดงในภาพ (สีเพิ่มเติมฝากข้อความถึงเรา)
ข้อมูลจำเพาะ:
ขนาด: 11 11ค่ะ0 cm-17นิ้ว7นิ้ว0 cm, 4.-5-6.-7นิ้ว7นิ้ว-8นิ้ว8นิ้ว-9-10-11 11ค่ะ-12.นิ้ว12.นิ้ว-13.-14.-15Y
ขนาด: 1ซม. = 0.3.94.นิ้ว
11 11ค่ะ0 (เหมาะสำหรับอายุ4.-5ปีสำหรับเด็กส่วนสูง105-11 11ค่ะ5ซม.)
12.นิ้ว12.นิ้ว0 (เหมาะสำหรับอายุ6.-7นิ้ว7นิ้วปีสำหรับเด็กส่วนสูง11 11ค่ะ5-12.นิ้ว12.นิ้ว5ซม.)
13.0 (เหมาะสำหรับอายุ8นิ้ว8นิ้วปีสำหรับเด็กที่มีความสูง12.นิ้ว12.นิ้ว5-13.5ซม.)
14.0 (เหมาะสำหรับอายุ9-10ปีสำหรับเด็กส่วนสูง13.5-14.5ซม.)
150 (เหมาะสำหรับอายุ11 11ค่ะ-12.นิ้ว12.นิ้วปีสำหรับเด็กส่วนสูง14.5-155ซม.)
16.0 (เหมาะสำหรับอายุ13.-14.ปีสำหรับเด็กส่วนสูง155-16.5ซม.)
17นิ้ว7นิ้ว0 (เหมาะสำหรับอายุ15ปีสำหรับเด็กที่มีความสูง16.5-17นิ้ว7นิ้ว5ซม.)",0.0,200,57,,Wed Jan 04 2023 09:11:31 GMT+0000 (Coordinated Universal Time),0,"[{""name"":""สีสำหรับตกแต่ง"",""variations"":[""2."",""3."",""4."",""6."",""7นิ้ว7นิ้ว"",""8นิ้ว8นิ้ว"",""11 11ค่ะ"",""12.นิ้ว12.นิ้ว""]},{""name"":""ความสูงของรองเ"",""variations"":[""11 11ค่ะ0ซม. ค่ะ"",""12.นิ้ว12.นิ้ว0ซม. ค"",""13.0ซม. ค่ะ"",""14.0ซม. ค่ะ"",""150ซม. ค่ะ"",""16.0ซม. ค่ะ""]}]",https://shopee.co.th,,100633,False,,"[{""name"":""model"",""value"":""3.,150ซม. ค่ะ""}]",0,https://shopee.co.th/%E0%B9%80%E0%B8%AA%E0%B8%B7%E0%B9%89%E0%B8%AD%E0%B8%9C%E0%B9%89%E0%B8%B2%E0%B9%80%E0%B8%94%E0%B9%87%E0%B8%81%E0%B8%AD%E0%B9%88%E0%B8%AD%E0%B8%99%E0%B9%81%E0%B8%A5%E0%B8%B0%E0%B8%8A%E0%B8%B8%E0%B8%94%E0%B9%81%E0%B8%9F%E0%B8%99%E0%B8%8B%E0%B8%B5-cat.11044960.11045213.11046097,,,,
https://shopee.co.th/%F0%9F%94%A5WOW%F0%9F%94%A5%E0%B8%A5%E0%B8%AD%E0%B8%87%E0%B8%A2%E0%B8%B1%E0%B8%87%E0%B8%95%E0%B8%B1%E0%B8%A7%E0%B9%83%E0%B8%AB%E0%B8%A1%E0%B9%88%E0%B8%88%E0%B9%8A%E0%B8%B0%E0%B8%9E%E0%B8%B5%E0%B9%88%E0%B8%88%E0%B9%8B%E0%B8%B2-New-%E0%B8%AD%E0%B8%B2%E0%B8%A2%E0%B9%80%E0%B8%8B%E0%B8%A3%E0%B8%B1%E0%B9%88%E0%B8%A1%E0%B8%A5%E0%B8%94%E0%B9%80%E0%B8%A5%E0%B8%B7%E0%B8%AD%E0%B8%99%E0%B8%A3%E0%B8%B4%E0%B9%89%E0%B8%A7%E0%B8%A3%E0%B8%AD%E0%B8%A2%E0%B8%A3%E0%B8%AD%E0%B8%9A%E0%B8%94%E0%B8%A7%E0%B8%87%E0%B8%95%E0%B8%B2%E0%B8%97%E0%B8%B5%E0%B9%88%E0%B9%83%E0%B8%84%E0%B8%A3%E0%B9%86%E0%B9%80%E0%B8%82%E0%B8%B2%E0%B8%95%E0%B8%B2%E0%B8%A1%E0%B8%AB%E0%B8%B2%F0%9F%91%89Clarins-Super-Restorative-Total-Eye-Lift-i.38007582.11616498873,11616498873,🔥WOW🔥ลองยังตัวใหม่จ๊ะพี่จ๋า New อายเซรั่มลดเลือนริ้วรอยรอบดวงตาที่ใครๆเขาตามหา👉Clarins Super Restorative Total Eye Lift,0,5.0,0,49.0,49.0,THB,0.0,0,"[""https://down-th.img.susercontent.com/file/43c013d6a9f2558ea749239dbe2f70fd_tn"",""https://down-th.img.susercontent.com/file/d353d673cfd7af8fa80a4d6b06d285b7_tn"",""https://down-th.img.susercontent.com/file/5ea556a40e860b2b77837ff8fdacb15d_tn"",""https://down-th.img.susercontent.com/file/9018880fa938d6d20eea8a4567ee01d2_tn"",""https://down-th.img.susercontent.com/file/835dea0b00a280e817c62b0e9e0e5266_tn"",""https://down-th.img.susercontent.com/file/34df9339874d977ea6602db5d6fa2b39_tn"",""https://down-th.img.susercontent.com/file/fc6defd7e1b4431b38464e342ebbdda9_tn""]",,Wee███aut███95,https://shopee.co.th/weenbeauty6395,"[""ผลิตภัณฑ์บำรุงและเสริมความงาม"",""ผลิตภัณฑ์บำรุงบริเวณใบหน้า"",""ผลิตภัณฑ์ดูแลดวงตา"",""ครีมบำรุงรอบดวงตา""]","[{""name"":""สินค้า"",""value"":""Clarins(คาแรงส์)""},{""name"":""สรรพคุณของผลิตภัณฑ์ดูแลผิวหน้า"",""value"":""ลดริ้วรอย,ยกกระชับ""},{""name"":""ปริมาณ"",""value"":""1ml""},{""name"":""ส่งจาก"",""value"":""จังหวัดกรุงเทพมหานคร""}]","👉ไม่อยากบอกว่าดีแค่ไหนแต่อยากให้ได้ลองใช้เอง เขาบอกว่าลดเลือนริ้วรอยให้จางลงอย่างรวดเร็วภายในระยะเวลาเพียง 60 วินาที เท่านั้น เอ๊าาาา....ต้องลองแล้ว


📌ขนาด 1 ml.เพียง 49-.📌จากปกติ เกือบ 100 UP!!
#ช็อปเพียง 15 ชิ้น=ไซส์จริงเลยค่ะ
👉เคาเตอร์ราคาปกติ 15 มิล.3900-.
❤️สั่งหลายชิ้นทักแชทสอบถามได้เลยค่ะ❤️

ลดเลือนริ้วรอยร่องลึก รอยย่นตีนกา รอยย่นบริเวณหน้าผากและขมับทั้ง 2 ด้าน ยกกระชับเปลือกตาทันทีที่ใช้ บำรุงขนตาอีกด้วยแค่กดเบาๆให้ซึมซาบ และผ่อนคลาย
ริ้วรอยก็จางหาย รูปตาเปิดขึ้น ตายกขึ้นดี๊ดีย์ ไม่มีตก",4.92,334,100,0.65 hours,Mon Oct 09 2017 09:30:35 GMT+0000 (Coordinated Universal Time),4770,"[{""variations"":[null]}]",https://shopee.co.th,Clarins(คาแรงส์),100630,False,,"[{""name"":""model"",""value"":null}]",0,https://shopee.co.th/%E0%B8%9A%E0%B8%B3%E0%B8%A3%E0%B8%B8%E0%B8%87%E0%B8%A3%E0%B8%AD%E0%B8%9A%E0%B8%94%E0%B8%A7%E0%B8%87%E0%B8%95%E0%B8%B2-cat.11044959.11045204.11046056,,,,
https://shopee.co.th/%E0%B8%8A%E0%B8%B1%E0%B9%89%E0%B8%99%E0%B8%A7%E0%B8%B2%E0%B8%87%E0%B9%82%E0%B8%8A%E0%B8%A7%E0%B9%8C%E0%B8%AA%E0%B8%B4%E0%B8%99%E0%B8%84%E0%B9%89%E0%B8%B2-2%E0%B8%8A%E0%B8%B1%E0%B9%89%E0%B8%99-4%E0%B8%8A%E0%B8%B1%E0%B9%89%E0%B8%99-%E0%B8%A7%E0%B8%B2%E0%B8%87%E0%B8%99%E0%B9%89%E0%B8%B3%E0%B8%AB%E0%B8%AD%E0%B8%A1-%E0%B8%A7%E0%B8%B2%E0%B8%87%E0%B8%82%E0%B8%A7%E0%B8%94%E0%B9%80%E0%B8%84%E0%B8%A3%E0%B8%B7%E0%B9%88%E0%B8%AD%E0%B8%87%E0%B8%9B%E0%B8%A3%E0%B8%B8%E0%B8%87-i.87144790.9106040837?model_id=72940496695,9106040837,ชั้นวางโชว์สินค้า 2ชั้น 4ชั้น วางน้ำหอม วางขวดเครื่องปรุง,0,4.9,0,260.0,260.0,THB,,0,"[""https://down-th.img.susercontent.com/file/19a04c3b6f7ac61846879cb98213f247_tn"",""https://down-th.img.susercontent.com/file/8cda768e9c00ad3454a8834fc91f4af9_tn"",""https://down-th.img.susercontent.com/file/ee7e8cdf12a3ac348dca1ae8514cc556_tn"",""https://down-th.img.susercontent.com/file/0c555ce42388b44fbc44a981676b15b6_tn""]",,nur███oss███on,https://shopee.co.th/nursetossaphon,"[""เครื่องใช้ในบ้าน"",""เฟอร์นิเจอร์"",""ชั้นวางของและลิ้นชัก""]","[{""name"":""คลัง"",""value"":""4273""},{""name"":""ส่งจาก"",""value"":""จังหวัดกรุงเทพมหานคร""}]","ใช้สำหรับชั้นเก็บเครื่องครัว จัดระเบียบสิ่งของในบ้าน

บันได 4ชั้น
หน้ากว้าง30ซม
แต่ละชั้นลึก8ซม
ลึกข้าง33ซม.
สูง27ซม

บันได2ชั้น เกี่ยวตะแกรง
กว้าง 31ซม.
ลึกแต่ละชั้น 8ซม.
ลึก 18.5ซม.
สูงหน้า 5.5ซม.
สูงหลัง 16ซม.
สูงรวมตะขอ 16.5ซม.

**จำกัดการสั่งซื้อ 6ชิ้นต่อการสั่งซื้อ**

#ชั้นวาง ขวดน้ำหวาน ขวดเครื่องปรุง #วางกล่องสินค้า #วางโชว์สินค้า 

",4.88,42,83,1.36 hours,Fri Aug 31 2018 03:14:35 GMT+0000 (Coordinated Universal Time),526,"[{""name"":""สี"",""variations"":[""ดำ"",""ขาว""]},{""name"":""ขนาด"",""variations"":[""30cm4ชั้นธรรมดา"",""50cm4ชั้นธรรมดา"",""2ชั้นเกี่ยวตะแกง30cm"",""30cm4ชั้นมีแผ่นรอง"",""50cm4ชั้นมีแผ่นรอง""]}]",https://shopee.co.th,,100636,False,,"[{""name"":""model"",""value"":""ขาว,50cm4ชั้นธรรมดา""}]",0,https://shopee.co.th/%E0%B8%8A%E0%B8%B1%E0%B9%89%E0%B8%99%E0%B8%A7%E0%B8%B2%E0%B8%87%E0%B8%82%E0%B8%AD%E0%B8%87-cat.11044956.11045178.11045817,,,,
https://shopee.co.th/Lego-Star-Wars-Speeder-%E0%B8%A1%E0%B8%B7%E0%B8%AD-2-i.79783609.6532189686?model_id=102549662020,6532189686,Lego Star Wars Speeder มือ 2,0,5.0,0,150.0,150.0,THB,,0,"[""https://down-th.img.susercontent.com/file/2f5ec56b063179d4b81c2161d49a413b_tn"",""https://down-th.img.susercontent.com/file/6613b58f6605ed81d0b4c676546729a5_tn""]",,DK ███cks███,https://shopee.co.th/dk_bricks,"[""แม่และเด็ก"",""ของเล่น"",""บล็อกและของเล่นตัวต่อ""]","[{""name"":""คลัง"",""value"":""6""},{""name"":""เงื่อนไข"",""value"":""สภาพ""},{""name"":""สินค้า"",""value"":""Lego(เลโก้)""},{""name"":""วัสดุ"",""value"":""พลาสติก""},{""name"":""ส่งจาก"",""value"":""จังหวัดสงขลา""}]","Lego Star Wars Speeder 
คันสีน้ำตาล01 มือ 2 used avg. cond. ** ไม่มีกระเป๋าหลัง **
คันสีน้ำตาล02 มือ 2 used avg. cond. ** ไม่มีกระเป๋าหลัง **",4.97,3312,100,0.50 hours,Tue Jul 17 2018 15:06:55 GMT+0000 (Coordinated Universal Time),2682,"[{""name"":""สี"",""variations"":[""สีน้ำตาล01"",""สีเทา"",""สีน้ำตาล02""]}]",https://shopee.co.th,Lego(เลโก้),100632,False,,"[{""name"":""model"",""value"":""สีน้ำตาล01""}]",0,https://shopee.co.th/%E0%B8%82%E0%B8%AD%E0%B8%87%E0%B9%80%E0%B8%A5%E0%B9%88%E0%B8%99%E0%B9%80%E0%B8%AA%E0%B8%A3%E0%B8%B4%E0%B8%A1%E0%B8%9E%E0%B8%B1%E0%B8%92%E0%B8%99%E0%B8%B2%E0%B8%81%E0%B8%B2%E0%B8%A3-cat.11044960.11045227.11046161,,,,
https://shopee.co.th/%F0%9F%8D%91Mookrinstyle%F0%9F%8D%91%E0%B8%81%E0%B8%A3%E0%B8%B0%E0%B9%82%E0%B8%9B%E0%B8%A3%E0%B8%87%E0%B8%AA%E0%B8%B5%E0%B8%9E%E0%B8%B7%E0%B9%89%E0%B8%99-%E0%B9%83%E0%B8%AA%E0%B9%88%E0%B9%84%E0%B8%9B%E0%B8%97%E0%B8%B0%E0%B9%80%E0%B8%A5-%E0%B9%84%E0%B8%9B%E0%B9%80%E0%B8%97%E0%B8%B5%E0%B9%88%E0%B8%A2%E0%B8%A7-%E0%B8%84%E0%B8%B2%E0%B9%80%E0%B8%9F%E0%B9%88-%E0%B9%82%E0%B8%97%E0%B8%99%E0%B8%A1%E0%B8%B4%E0%B8%99%E0%B8%B4%E0%B8%A1%E0%B8%AD%E0%B8%A5%E0%B8%99%E0%B9%88%E0%B8%B2%E0%B8%A3%E0%B8%B1%E0%B8%81%E0%B8%A1%E0%B8%B2%E0%B8%81-%E0%B9%80%E0%B8%AD%E0%B8%A7%E0%B8%A2%E0%B8%B2%E0%B8%87%E0%B8%A2%E0%B8%B7%E0%B8%94%E0%B9%83%E0%B8%AA%E0%B9%88%E0%B8%AA%E0%B8%9A%E0%B8%B2%E0%B8%A2-i.308220841.23682696913?model_id=255702544050,23682696913,🍑Mookrinstyle🍑กระโปรงสีพื้น ใส่ไปทะเล ไปเที่ยว คาเฟ่ โทนมินิมอลน่ารักมาก เอวยางยืดใส่สบาย,0,4.9,0,179.0,179.0,THB,,0,"[""https://down-th.img.susercontent.com/file/th-11134207-7r98t-lwbew77e4m2880_tn"",""https://down-th.img.susercontent.com/file/th-11134207-7r990-lofavfxplplraf_tn"",""https://down-th.img.susercontent.com/file/th-11134207-7r98x-lrqsyc8uawfx8c_tn"",""https://down-th.img.susercontent.com/file/th-11134207-7r98z-lrptyvfeo3b17f_tn"",""https://down-th.img.susercontent.com/file/th-11134207-7r98s-lrqsxvttwb5a6b_tn"",""https://down-th.img.susercontent.com/file/th-11134207-7r98p-lrqryhiequ7iea_tn"",""https://down-th.img.susercontent.com/file/th-11134207-7r98q-lqw6q9t2z9h91e_tn"",""https://down-th.img.susercontent.com/file/th-11134207-7r98o-ls5ilhwoqtta7a_tn"",""https://down-th.img.susercontent.com/file/th-11134207-7r991-lofbgke0xf38de_tn""]",,Moo███nst███ st██████,https://shopee.co.th/mookrinstyle,"[""เสื้อผ้าผู้หญิง"",""กระโปรง""]","[{""name"":""คลัง"",""value"":""168054""},{""name"":""สไตล์เสื้อผ้า"",""value"":""โบฮีเมี่ยน, ย้อนยุค, วินเทจ""},{""name"":""ความสูงเอว"",""value"":""เอวสูง""},{""name"":""ความยาวของกางเกง"",""value"":""อื่่นๆ""},{""name"":""โอกาส"",""value"":""อื่นๆ""},{""name"":""ขนาดใหญ่"",""value"":""ใช่""},{""name"":""เล็กกระทัดรัด"",""value"":""ไม่""},{""name"":""ประเทศต้นกำเนิดสินค้า"",""value"":""ไทย""},{""name"":""ลวดลาย"",""value"":""ปาเต๊ะ""},{""name"":""รูปแบบของเดรส/กระโปรง"",""value"":""ทรงพลีส""},{""name"":""ความยาวขอเดรสหรือกระโปรง"",""value"":""ยาวมาก""},{""name"":""ฤดูกาล"",""value"":""ทุกฤดูกาล""},{""name"":""วัสดุ"",""value"":""Italy fabric""},{""name"":""ส่งจาก"",""value"":""จังหวัดระยอง""}]","mookrinstyle กระโปรงยาวสีพื้น 
งานสวย ใส่ได้ทุกโอกาส สามารถจับขึ้นมาแมทซ์
กับชุดได้หลายแบบค่ะ เรียกได้ว่า ซื้อแล้วคุ้ม 
เพราะ กระโปรงจับใส่กับเสื้อตัว ชุดไหนก็สวย 

เนื้อผ้าที่ร้าน มี 3 แบบนะคะ 

•เนื้อผ้า Italy เนื้อลื่น พริ้วเย็น ใส่สบาย 
ผ้าทิ้งตัว ไม่รีดก็สวย การันตรีจากรีวิว 💝
สไตล์สาวเกาหลี ใส่แมทซ์ได้หลายแบบ
เอวยางยืด 24-44 สะโพกฟรี มีซับใน
มี 2 ความยาว 31-32/38-39 

•เนื้อผ้า คัตตอน ผ้าออกแนวผ้าดิบ วินเทจ
สายมินิมอล วินเทจ แนะนำรุ่นนี้ 
เอวยางยืด 23-42 สพฟรี มีซับใน 
มี 2 ความยาว 30-31/37-38 

•เนื้อผ้า คลัช ผ้าอัดกลีบเบาๆ ไม่หนา 
ผ้าเบาสบาย ใส่ชิวๆได้ ราคาน่ารัก 
งานผ้าคลัช “ ไม่มีซับในนะคะ”
เอวยางยืด 23-40 สพ-44 
ความยาวรุ่นนี้อยู่ที่ 35-36 
💜ผ้าคลัชมีแบบเยอะค่ะ น่ารักทั้งนั้น


ชอบผ้าไหน ความยาวเท่าไร เลือกตามที่ชอบได้เลยนะคะ
จะมีรายละเอียดเพิ่มเติมอยู่ที่ตัวรูปสินค้าค่ะ 💕




",4.72,581,92,3.30 hours,Thu Sep 10 2020 16:28:51 GMT+0000 (Coordinated Universal Time),114455,"[{""name"":""สี"",""variations"":[""Italy ขาว 37-38"",""Italy ดำ 37-38"",""Italy ขาว 31-32"",""Italy ดำ 31-32"",""Italy น้ำตาล 38-39"",""Italy น้ำตาล 31-32"",""Italy ชมพูกะปิ 38-39"",""Italy ชมพูกะปิ 31-32"",""คัตตอน 30-31 - ขาว"",""คัตตอน 30-31 - ครีม"",""ผ้าคลัช 36 : ขาว"",""คัตตอน : ขาว 37-38"",""ผ้าคลัช 36 : ดำ"",""Italyครีม-38"",""Italyครีม-32"",""คัตตอน 38 : ครีม"",""ผ้าคลัช โบว์ - ขาว"",""ผ้าคลัช โบว์ - ดำ"",""คลัช - โบว์ -ชมพู"",""คลัช-ขนมชั้น-ขาว"",""คลัช-2ใส-ขาว""]}]",https://shopee.co.th,,100017,False,,"[{""name"":""model"",""value"":""ผ้าคลัช โบว์ - ขาว""}]",0,https://shopee.co.th/%E0%B8%81%E0%B8%A3%E0%B8%B0%E0%B9%82%E0%B8%9B%E0%B8%A3%E0%B8%87%E0%B8%AA%E0%B8%B2%E0%B8%A7%E0%B8%AD%E0%B8%A7%E0%B8%9A-cat.11044944.11045056.11046358,,,,
"https://shopee.co.th/%E2%99%9D%E2%9D%A1%E2%9C%BEMad-Hippie--Exfoliating-Serum,-30-ml-%E0%B8%82%E0%B8%AD%E0%B8%87%E0%B9%81%E0%B8%97%E0%B9%89-/%E0%B8%9E%E0%B8%A3%E0%B9%89%E0%B8%AD%E0%B8%A1%E0%B8%AA%E0%B9%88%E0%B8%87--%E0%B8%A1%E0%B8%B5%E0%B8%AD%E0%B8%A2.-i.765674544.16363940054",16363940054,"♝❡✾Mad Hippie  Exfoliating Serum, 30 ml ของแท้ /พร้อมส่ง  มีอย.",0,0.0,0,919.0,919.0,THB,,0,"[""https://down-th.img.susercontent.com/file/0ff5d86589f87695409ddd725f80b2b8_tn"",""https://down-th.img.susercontent.com/file/1816a91e1ae3a182c83756c204731728_tn""]",,k0g███a6y███,"https://shopee.co.th/%E2%99%9D%E2%9D%A1%E2%9C%BEMad-Hippie-Exfoliating-Serum,-30-ml-%E0%B8%82%E0%B8%AD%E0%B8%87%E0%B9%81%E0%B8%97%E0%B9%89-/k0g4fpa6yj","[""ผลิตภัณฑ์บำรุงและเสริมความงาม"",""ผลิตภัณฑ์บำรุงบริเวณใบหน้า"",""เซรั่มบำรุงผิวหน้า & น้ำตบ""]","[{""name"":""คลัง"",""value"":""181""},{""name"":""ส่งจาก"",""value"":""จังหวัดกาญจนบุรี""}]","รายละเอียดสินค้า
ชื่อ : Exfoliating Serum

ขนาด : 30 ml

เหมาะสำหรับ : ทุกสภาพผิว/ผู้มีปัญหาฝ้า-กระ

คุณสมบัติ : ซีรั่มช่วยกระตุ้นการผลัดเซลล์ผิว ช่วยให้ผิวกระจ่างใส ปรับสีผิวให้สม่ำเสมอ

วิธีใช้ : ในเวลากลางคืน นวดซีรั่มเบาๆอย่างอ่อนโยน ทิ้งไว้ 10 นาทีก่อนลงครีมในขั้นตอนต่อไป

ส่วนประกอบสำคัญ :

Apple Stem Cells เซลล์ต้นกำเนิดของแอปเปิ้ลสวิส ช่วยปกป้องความเสียหายและการเสื่อมสภาพของเซลล์ผิวหนัง ลดความลึกของริ้วรอย
Matrixyl Synthe ’ 6 ช่วยกระตุ้นการสังเคราะห์ 6 ส่วนประกอบสำคัญของโครงสร้างเนื้อเยื่อผิวหนังและเยื่อบางๆที่เชื่อมระหว่างผิวชั้นในกับผิวชั้นนอก Collagen I, III, IV, Fibronectin, Hyaluronic acid, Laminin 5
Glycolic acid และ Lactic acid เป็น AHA ผลัดเซลล์ผิว ขจัดเซลล์ผิวที่ตายแล้ว ปรับสีผิวให้สม่ำเสมอ ลดเลือนริ้วรอยกระ-ฝ้า
Gigawhite การผสมผสาน Alpine plants 6 ชนิด ยับยั้งการผลิตและการสะสมเมลานิน ลดความเสียหายจาก UV
Mad Hippie Exfoliating Serum
Mad Hippie Exfoliating Serum มีส่วนผสมจาก Gigawhite, Apple Stem Cell, Alpha Hydroxy Acids ที่ ผสมผสานกันช่วยกระตุ้นการผลัดเซลล์ผิว เพื่อเผยให้เห็นความกระจ่างใสและเรียบเนียนสม่ำเสมอ ช่วยทำให้ผิวที่หมองคล้ำกลับมากระจ่างใส และยังสามารถลดรอยเหี่ยวย่นและปรับสีผิวให้สม่ำเสมอ

Ingredients Highlights:


Glycolic Acid – สารสกัดจากอ้อย ถือได้ว่าเป็น Alpha Hydroxy Acid (AHA) ที่มีประสิทธิภาพดีที่สุด เพราะมีโมเลกุลขนาดเล็กจึงสามารถซึมผ่านเข้าสู่ผิวชั้นในได้ ช่วยขจัดเซลล์ผิวที่ตายแล้ว ปรับสีผิวให้สม่ำเสมอ ช่วยลดเลือนริ้วรอยและกระฝ้า

Lactic Acid – ได้มาจากการหมักหัวบีทขาว (sugar beet) AHA กรดแลคติก มีประสิทธิภาพในการผลัดเซลล์ ลดเลือนริ้วรอย ปรับสีผิวให้สม่ำเสมอ และยังมีส่วนช่วยในการเติมความชุ่มชื้นให้กับผิวหนัง

Apple Stem Cells (PhytoCellTec®) - เซลล์ต้นกำเนิด (Stem cells) ของแอปเปิ้ลสวิส ได้รับการพิสูจน์แล้วว่าสามารถปกป้องความเสียหายและการเสื่อมสภาพของผิวหนัง ลดความลึกของริ้วรอย ช่วยปกป้องและชะลอเซลล์ต้นกำเนิดของผิวหนัง

Gigawhite – การผสมผสานของพืชออแกร์นิก Alpine plants 6 ชนิด (พืชที่ขึ้นตามเทือกเข้าสูงและทนต่อสภาพอากาศ) ที่ช่วยยับยั้งการผลิตและการสะสมเมลานินใต้ผิวหนัง ลดปัญหาการเปลี่ยนสีที่เกิดจากความเสียหายของรังสียูวี

Matrixyl Synthe ’6 - ช่วยกระตุ้นการสังเคราะห์ 6 ส่วนประกอบสำคัญ ของโครงสร้างเนื้อเยื่อผิวหนังและเยื่อบางๆ ที่เชื่อมระหว่างผิวชั้นในและผิวชั้นนอก (Collagen I, III, IV, Fibronectin, Hyaluronic acid and Laminin 5)

Sodium Hyaluronate – สามารถแทรกซึมผิวหนังได้ดีว่าการใช้ HA เพียงอย่างเดียว ให้ผิวเปล่งปลั่งและกลับมาอ่อนเยาว์ได้ดังเดิม

White Tea – สารต้านอนุมูลอิสระที่มีคุณสมบัติต้านการก่อมะเร็งตามธรรมชาติ ทำงานเพื่อขจัดอนุมูลอิสระ เพิ่มภูมิคุ้มกันของเซลล์ผิว และป้องกันไม่ให้เกิดความเสียหายจากรังสียูวี

Goji Berry – พึชตระกูลเบอร์รี่ มีสารต้านอนุมูลอิสระที่มีประสิทธิภาพ และอุดมไปด้วยกรดอะมิโน Mineralsand Vitamins C, E, B1, B2 และ B6 เป็นแหล่งเบต้าแคโรทีน (วิตามิน A) ที่มีประโยชน์ในการช่วยรักษาอาการอักเสบของผิวหนัง ทั้งยังช่วยต่อต้านริ้วรอย

Vitamin C วิตามินซี – ตัวช่วยให้การผลิตคอลลาเจนมีประสิทธิภาพดีขึ้น ลบเลือนริ้วรอย และทำให้ผิวกระชับขึ้น ช่วยรักษาผิวที่ถูกทำร้ายจากแสงแดด ฝ้า กระ ในขณะเดียวกันก็ช่วยปกป้องผิวจากรังสี UV ด้วย

Ceramide – ช่วยส่งเสริมการสร้างเยื่อผิวชั้นนอกที่ทำหน้าที่ปกป้องผิวตา",0.0,241,57,,Fri May 06 2022 21:07:44 GMT+0000 (Coordinated Universal Time),0,"[{""variations"":[null]}]",https://shopee.co.th,,100630,False,,"[{""name"":""model"",""value"":null}]",0,https://shopee.co.th/%E0%B8%97%E0%B8%A3%E0%B8%B5%E0%B8%97%E0%B9%80%E0%B8%A1%E0%B9%89%E0%B8%99%E0%B8%97%E0%B9%8C-%E0%B9%80%E0%B8%8B%E0%B8%A3%E0%B8%B1%E0%B9%88%E0%B8%A1-cat.11044959.11045204.11046060,,,,
https://shopee.co.th/%E0%B8%8A%E0%B8%B1%E0%B9%89%E0%B8%99%E0%B8%A7%E0%B8%B2%E0%B8%87%E0%B8%82%E0%B8%AD%E0%B8%87%E0%B8%A3%E0%B8%96%E0%B9%80%E0%B8%82%E0%B9%87%E0%B8%99%E0%B8%9E%E0%B8%A5%E0%B8%B2%E0%B8%AA%E0%B8%95%E0%B8%B4%E0%B8%81-3/4/5%E0%B8%8A%E0%B8%B1%E0%B9%89%E0%B8%99-%E0%B8%9E%E0%B8%A3%E0%B9%89%E0%B8%AD%E0%B8%A1%E0%B8%A5%E0%B9%89%E0%B8%AD%E0%B9%80%E0%B8%A5%E0%B8%B7%E0%B9%88%E0%B8%AD%E0%B8%99+%E0%B8%97%E0%B8%B5%E0%B9%88%E0%B8%88%E0%B8%B1%E0%B8%9A-%E0%B8%A3%E0%B8%96%E0%B9%80%E0%B8%82%E0%B9%87%E0%B8%99%E0%B9%80%E0%B8%81%E0%B9%87%E0%B8%9A%E0%B8%82%E0%B8%AD%E0%B8%87-%E0%B9%80%E0%B8%84%E0%B8%A5%E0%B8%B7%E0%B9%88%E0%B8%AD%E0%B8%99%E0%B8%A2%E0%B9%89%E0%B8%B2%E0%B8%A2%E0%B8%AA%E0%B8%B0%E0%B8%94%E0%B8%A7%E0%B8%81-%E0%B8%A7%E0%B8%B2%E0%B8%87%E0%B8%82%E0%B8%AD%E0%B8%87%E0%B9%83%E0%B8%99%E0%B8%84%E0%B8%A3%E0%B8%B1%E0%B8%A7-%E0%B8%A3%E0%B8%B8%E0%B9%88%E0%B8%99%E0%B8%AE%E0%B8%B4%E0%B8%95-%E0%B8%9E%E0%B8%A3%E0%B9%89%E0%B8%AD%E0%B8%A1%E0%B8%AA%E0%B9%88%E0%B8%87!-i.426933079.14492004224?model_id=146615539768,14492004224,ชั้นวางของรถเข็นพลาสติก 3/4/5ชั้น พร้อมล้อเลื่อน+ที่จับ รถเข็นเก็บของ เคลื่อนย้ายสะดวก วางของในครัว รุ่นฮิต พร้อมส่ง!,0,4.6,0,399.0,289.0,THB,,0,"[""https://down-th.img.susercontent.com/file/th-11134207-7r98v-lss849v16yf1f5_tn"",""https://down-th.img.susercontent.com/file/th-11134207-7qul1-lj0qxi4onu6pcd_tn"",""https://down-th.img.susercontent.com/file/th-11134207-7r992-lqvppa2kh8e5ef_tn"",""https://down-th.img.susercontent.com/file/th-11134207-7r98z-lqvppa2ul1m631_tn"",""https://down-th.img.susercontent.com/file/4a973279428fe41e098f2bdfc582615c_tn"",""https://down-th.img.susercontent.com/file/th-11134207-7r98w-lqvppa2ui8ha17_tn"",""https://down-th.img.susercontent.com/file/th-11134207-7r98t-lqvppa2ujn1q5c_tn"",""https://down-th.img.susercontent.com/file/th-11134207-7r98r-lqvppa2umg6m62_tn"",""https://down-th.img.susercontent.com/file/th-11134207-7r98s-lqvppa2kimyl23_tn""]",,MUL███ALL███,https://shopee.co.th/%E0%B8%8A%E0%B8%B1%E0%B9%89%E0%B8%99%E0%B8%A7%E0%B8%B2%E0%B8%87%E0%B8%82%E0%B8%AD%E0%B8%87%E0%B8%A3%E0%B8%96%E0%B9%80%E0%B8%82%E0%B9%87%E0%B8%99%E0%B8%9E%E0%B8%A5%E0%B8%B2%E0%B8%AA%E0%B8%95%E0%B8%B4%E0%B8%81-3/4/ohukyejcmv,"[""เครื่องใช้ในบ้าน"",""เฟอร์นิเจอร์"",""ชั้นวางของและลิ้นชัก""]","[{""name"":""คลังสินค้าโปรโมชั่น"",""value"":""9033""},{""name"":""คลังอื่น ๆ"",""value"":""3688""},{""name"":""ระยะเวลาการรับประกัน"",""value"":""12 เดือน""},{""name"":""ประเภทการประกัน"",""value"":""ประกันของโรงงาน""},{""name"":""การติดตั้ง"",""value"":""แบบต้องประกอบเอง""},{""name"":""ประเทศต้นกำเนิดสินค้า"",""value"":""ไทย""},{""name"":""รองรับน้ำหนัก"",""value"":""50kg""},{""name"":""ขนาด (ยาว x กว้าง x สูง)"",""value"":""42x29x106cm""},{""name"":""ส่งจาก"",""value"":""จังหวัดสมุทรปราการ""}]","🌼🌼ยินดีต้อนรับเข้าสู่ร้านMULI MALL🌼🌼
🙏 สินค้าชำรุดจากการขนส่ง สามารถเคลมได้ภายใน 2-3 วันทำการ 🙏
👍 บริการหลังการขายอยู่ใน กทม.สามารถติดต่อรับบริการได้ทันที 👍
⭐️ มีการรับประกันจากทางร้าน 

🍎🍎หากคุณต้องการซื้อชั้นวางของพร้อมกล่องแขวนและตะกร้าเก็บของ ต้องเลือกซื้อเป็นชัดค่ะ  A พร้อมกล่องแขวน  B พร้มตะกร้าเก็บของขนาดเล็ก  C พร้อมตะกร้าเก็บของขนาดใหญ่   เลือกตามความต้องการของคุณค่ะ 🍎🍎

- ชั้นวางของมีล้อ
- เเบบ 3 ชั้นเเละ 4 ชั้น
- วัสดุ โครง+ถาดวางพลาสติก ABS
- มี 4สี ขาว ดำ เหลือง น้ำเงิน
- ขนาด 
* 3ชั้น (ย 42x ก 30 x ส 76 ซ.ม)
* 4ชั้น (ย 42x ก 30 x ส 106 ซ.ม)
**ขนาดอาจจะคาดเคลื่อนไป 1-2ซ.ม ตามการวัด
- ตะกร้า  ประกอบเก็บง่าย
- มีช่องระบาย น้ำเเละอากาศ
- เเข็งเเรง รับน้ำหนักได้เยอะ 
- ล้อเคลื่อนย้ายง่าย สามารถล็อคได้

★กรณีใส่ที่อยู่ผิด ✔ ให้กดยกเลิกคำสั่งซื้อ  ✔แล้วกดสั่งซื้อสินค้าเข้ามาใหม่ค่ะ
❓หากคุณมีคำถามใด ๆ คุณสามารถปรึกษาฝ่ายบริการลูกค้าของร้านได้",4.6,269,100,0.03 hours,Tue Apr 20 2021 07:18:14 GMT+0000 (Coordinated Universal Time),222247,"[{""name"":""สี"",""variations"":[""J01สีขาว：3 ชั้น"",""Aสีขาว:3ชั้น"",""Cสีดำ:3ชั้น"",""Cสีดำ:4ชั้น"",""Cสีขาว:4ชั้น"",""Cสีขาว:5ชั้น"",""Cสีดำ:5ชั้น"",""J01สีขาว：4 ชั้น"",""M:ชั้นวาง3ชั้น ดำ"",""M:ชั้นวาง3ชั้น ขาว"",""M:ชั้นวาง4ชั้น ขาว"",""M:ชั้นวาง4ชั้น ดำ"",""สีขาว：5ชั้น"",""สีดำ：5ชั้น"",""Aสีขาว：5 ชั้น"",""Aสีดำ：5 ชั้น"",""M:3ชั้น ขาว+4C"",""M:4ชั้น ขาว+4C"",""M:3ชั้น ขาว+2A"",""M:4ชั้น ขาว+2A"",""M:3ชั้น ขาว+4A"",""M:4ชั้น ขาว+4A"",""M:3ชั้น ขาว+3B"",""M:4ชั้น ขาว+3B"",""M:3ชั้น ขาว+3B+2C"",""M:3ชั้น ขาว+6B""]}]",https://shopee.co.th,,100636,False,,"[{""name"":""model"",""value"":""M:3ชั้น ขาว+3B""}]",0,https://shopee.co.th/%E0%B8%8A%E0%B8%B1%E0%B9%89%E0%B8%99%E0%B8%A7%E0%B8%B2%E0%B8%87%E0%B8%82%E0%B8%AD%E0%B8%87-cat.11044956.11045178.11045817,,,,
https://shopee.co.th/Lenzing-Modal-%E0%B8%81%E0%B8%B2%E0%B8%87%E0%B9%80%E0%B8%81%E0%B8%87%E0%B8%8A%E0%B8%B1%E0%B9%89%E0%B8%99%E0%B9%83%E0%B8%99-%E0%B8%AA%E0%B9%8D%E0%B8%B2%E0%B8%AB%E0%B8%A3%E0%B8%B1%E0%B8%9A%E0%B8%AA%E0%B8%95%E0%B8%A3%E0%B8%B5%E0%B8%97%E0%B8%B5%E0%B9%88%E0%B8%95%E0%B8%B1%E0%B9%89%E0%B8%87%E0%B8%84%E0%B8%A3%E0%B8%A3%E0%B8%A0%E0%B9%8C-%E0%B9%84%E0%B8%A3%E0%B9%89%E0%B8%A3%E0%B8%AD%E0%B8%A2%E0%B8%95%E0%B9%88%E0%B8%AD-%E0%B9%80%E0%B8%81%E0%B8%A3%E0%B8%94-7A-%E0%B8%A3%E0%B8%B9%E0%B8%9B%E0%B8%95%E0%B8%B1%E0%B8%A7-V-%E0%B8%A2%E0%B8%81%E0%B8%81%E0%B8%A3%E0%B8%B0%E0%B8%8A%E0%B8%B1%E0%B8%9A%E0%B8%AB%E0%B8%99%E0%B9%89%E0%B8%B2%E0%B8%97%E0%B9%89%E0%B8%AD%E0%B8%87-%E0%B8%99%E0%B8%B8%E0%B9%88%E0%B8%A1%E0%B8%AA%E0%B8%9A%E0%B8%B2%E0%B8%A2-%E0%B9%80%E0%B8%AB%E0%B8%A1%E0%B8%B2%E0%B8%B0%E0%B8%81%E0%B8%B1%E0%B8%9A%E0%B8%81%E0%B8%B2%E0%B8%A3%E0%B8%95%E0%B8%B1%E0%B9%89%E0%B8%87%E0%B8%84%E0%B8%A3%E0%B8%A3%E0%B8%A0%E0%B9%8C-i.1218193119.24121032227?model_id=222634206203,24121032227,Lenzing Modal กางเกงชั้นใน สําหรับสตรีที่ตั้งครรภ์ ไร้รอยต่อ เกรด 7A รูปตัว V ยกกระชับหน้าท้อง นุ่มสบาย เหมาะกับการตั้งครรภ์,0,0.0,0,111.0,111.0,THB,,0,"[""https://down-th.img.susercontent.com/file/sg-11134201-7rcdx-ltcfgkd7pbnj7d_tn"",""https://down-th.img.susercontent.com/file/sg-11134201-7rccu-ltcfglvvhc2n8c_tn"",""https://down-th.img.susercontent.com/file/sg-11134201-7rcc5-ltcfgp8kkpqdff_tn"",""https://down-th.img.susercontent.com/file/sg-11134201-7rceh-ltcfgskzohhw5b_tn"",""https://down-th.img.susercontent.com/file/sg-11134201-7rcd6-ltcfgtynnt2287_tn"",""https://down-th.img.susercontent.com/file/sg-11134201-7rcc8-ltcfh2vylm0r70_tn"",""https://down-th.img.susercontent.com/file/sg-11134201-7rcef-ltcfh98vamrta0_tn"",""https://down-th.img.susercontent.com/file/sg-11134201-7rcdd-ltcfhhgn9sx08d_tn"",""https://down-th.img.susercontent.com/file/sg-11134201-7rccd-ltcfhpzssbxoa3_tn""]",,yua███ala███6.t███,https://shopee.co.th/yuanjialan666.th,"[""เสื้อผ้าผู้หญิง"",""เสื้อผ้าคนท้อง"",""กางเกงคนท้อง""]","[{""name"":""คลัง"",""value"":""149380""},{""name"":""ประเทศต้นกำเนิดสินค้า"",""value"":""Shantou""},{""name"":""ลวดลาย"",""value"":""สีพื้น""},{""name"":""ฤดูกาล"",""value"":""Universal สําหรับทุกฤดูกาล""},{""name"":""ส่งจาก"",""value"":""ต่างประเทศ""}]","หมายเลขสินค้า: 6276 #
ยี่ห้อ: Xinyi Coco
รูปแบบการบรรจุ: ถุง
สถานที่กำเนิด: ซัวเถา
รูปแบบ: สีทึบ
ไม่ว่าจะนำเข้า: ไม่
หมวดหมู่ฝูงชนที่เกี่ยวข้อง: หญิงตั้งครรภ์
ประเภทเอว: เอวต่ำ
ไม่ว่าจะไร้รอยต่อ: ไม่
รองรับโรงหล่อหรือไม่: ไม่รองรับ
ส่วนประกอบผ้าหลัก: Modal
ส่วนประกอบของซับในเป้า: เส้นใยเหนียว
สี: สีเขียวมัทฉะ, สีขาวน้ำนม, สีม่วง, กาแฟอ่อน, ขมิ้น
ขนาด: M (แนะนำ90-110กก.),L (แนะนำ110-130กก.),XL (แนะนำ130-150กก.)
ไม่ว่าจะเป็นอุปทานเฉพาะ: ไม่
จำนวนผ้า: 80ชิ้น
ชื่อผ้า: Modal
เวลาออกสู่ตลาด: ฤดูร้อนปี2023
วิธีการทอ: ถัก
ฟังก์ชั่น: ไม่มีร่องรอย, ยกสะโพก, ระบายอากาศ, หน้าท้อง, สรีรวิทยา, ต้านเชื้อแบคทีเรีย, พยุงหน้าท้อง
ส่วนประกอบผ้าหลัก: 90% (รวม)-95% (ไม่รวม)
เหมาะสำหรับฤดูกาล: ใช้ได้ทุกฤดูกาล
เนื้อหาของวัสดุซับในเป้า: 30% (รวม)-50% (ไม่รวม)",4.5,51,57,,Tue Mar 26 2024 04:52:13 GMT+0000 (Coordinated Universal Time),4,"[{""name"":""สี"",""variations"":[""มัทฉะกรีน"",""มิลค์ไวท์"",""สีม่วง"",""กาแฟเนื้อเบา"",""ขมิ้นชัน""]},{""name"":""ขนาด"",""variations"":[""M (แนะนํา 90-110 Catties)"",""L (แนะนํา 110-130 Catties)"",""Xl (แนะนํา 130-150 Catties)""]}]",https://shopee.co.th,,100017,False,,"[{""name"":""model"",""value"":""สีม่วง,Xl (แนะนํา 130-150 Catties)""}]",0,https://shopee.co.th/%E0%B8%81%E0%B8%B2%E0%B8%87%E0%B9%80%E0%B8%81%E0%B8%87%E0%B9%83%E0%B8%99%E0%B8%84%E0%B8%99%E0%B8%97%E0%B9%89%E0%B8%AD%E0%B8%87-cat.11044960.11045228.11046176,,,,
https://shopee.co.th/%E0%B8%9E%E0%B8%A3%E0%B9%89%E0%B8%AD%E0%B8%A1%E0%B8%AA%E0%B9%88%E0%B8%87-%F0%9F%92%96-%E0%B8%8A%E0%B8%B8%E0%B8%94%E0%B8%99%E0%B8%AD%E0%B8%99%E0%B9%81%E0%B8%82%E0%B8%99%E0%B8%AA%E0%B8%B1%E0%B9%89%E0%B8%99-%E0%B8%81%E0%B8%B2%E0%B8%87%E0%B9%80%E0%B8%81%E0%B8%87%E0%B8%82%E0%B8%B2%E0%B8%AA%E0%B8%B1%E0%B9%89%E0%B8%99-%E0%B8%9C%E0%B9%89%E0%B8%B2%E0%B8%9D%E0%B9%89%E0%B8%B2%E0%B8%A2-%E0%B8%A5%E0%B8%B2%E0%B8%A2%E0%B8%81%E0%B8%B2%E0%B8%A3%E0%B9%8C%E0%B8%95%E0%B8%B9%E0%B8%99%E0%B8%99%E0%B9%88%E0%B8%B2%E0%B8%A3%E0%B8%B1%E0%B8%81-i.973849925.22873178341?model_id=186926905862,22873178341,พร้อมส่ง 💖 ชุดนอนแขนสั้น กางเกงขาสั้น ผ้าฝ้าย ลายการ์ตูนน่ารัก,0,4.6,0,212.0,138.0,THB,,0,"[""https://down-th.img.susercontent.com/file/sg-11134201-7qvdv-lj1268agx2kpe2_tn"",""https://down-th.img.susercontent.com/file/th-11134207-7qula-ljxu2sro0iee76_tn"",""https://down-th.img.susercontent.com/file/th-11134207-7qul5-ljxu2srpav5213_tn"",""https://down-th.img.susercontent.com/file/th-11134207-7qul5-ljxu2srofynaf6_tn"",""https://down-th.img.susercontent.com/file/th-11134207-7qul5-ljxu2srnl2dl89_tn"",""https://down-th.img.susercontent.com/file/th-11134207-7qul9-ljxu2srnl25i7d_tn"",""https://down-th.img.susercontent.com/file/th-11134207-7qul5-ljxu2srovew63c_tn"",""https://down-th.img.susercontent.com/file/th-11134207-7qul9-ljxu2sro1wyu69_tn"",""https://down-th.img.susercontent.com/file/th-11134207-7qukw-ljxu2sro3bja04_tn""]",,Lzb███15.███,https://shopee.co.th/lzboi_15.th,"[""เสื้อผ้าผู้หญิง"",""ชุดนอน"",""ชุดนอน""]","[{""name"":""คลังสินค้าโปรโมชั่น"",""value"":""638""},{""name"":""คลังอื่น ๆ"",""value"":""106652""},{""name"":""ความยาวของแขนเสื้อ"",""value"":""แขนสั้น""},{""name"":""วัสดุ"",""value"":""ฝ้าย""},{""name"":""ขนาดใหญ่"",""value"":""ใช่""},{""name"":""ส่งจาก"",""value"":""ต่างประเทศ""}]","【รายละเอียดสินค้า】

ขนาดชุดนอน/หน่วยเป็น(นิ้ว)


ผ้านิ่มเด้ง เนื้อผ้านำเข้า
ฟรีไซส์ ยืดได้ถึงอก 40 เอว 38 สะโพก40

ขนาดฟรีไซส์พอดีตัว 60 กก

 หมายเหตุขนาดของสินค้าอาจคลาดเคลื่อนเล็กน้อย  - 1นิ้ว ขึ้นอยู่กับการผลิตในแต่ละล็อต หากบางตัวไซส์ต่างกัน เพราะมาจากหลายโรงงาน ได้โปรดเข้าใจทางร้านและไม่งอแงใส่ทางร้านนะคะ  

ทางร้านมีลิงค์เสื้อผ้าชุดนอนหลายลิ้งสามารถเลือกดูได้ในร้านทั้งแขนขายาว แขนขาสั้น ผ้าซาตินและคอตตอน
ชุดนอนขาสั้นแขนสั้น แขนขายาว สายเดี่ยวขาสั้น ผ้าซาติน
ผ้าเนื้อดีเบาสบาย งานสวย คุณภาพดีรับประกันความน่ารัก
ดีไซน์สวยงาม มีกระเป๋าช่วงอก ลายน่ารักสุด ๆ 

ชุดนอนขาสั้นแขนสั้น แขนขายาว สายเดี่ยวขาสั้น ผ้าซาติน
ผ้าเนื้อดีเบาสบาย งานสวย คุณภาพดีรับประกันความน่ารัก
ดีไซน์สวยงาม มีกระเป๋าช่วงอก ลายน่ารักสุด ๆ 


วิธีการสั่งซื้อ บริษัท หลายแห่ง❓❓❓

💝1.ตามตัวเลือกสี + หมายเลขตะกร้าสินค้า
💝เลขอาหรับคลิกซื้อเลย
💝3.กดลูกศร⬅️หรือกดย้อนกลับเพื่อติดตามประโยคย่อย 1 และ 2
💝4.สมบูรณ์ตามที่ต้องการจากนั้นชำระเงินตามที่ต้องการ
 🌹รายการสินค้าจะรวมอยู่ในคำสั่งซื้อเดียวกันและชำระเงิน 🌹
-------------------------------------------------------------------------------
ยินดีต้อนรับสู่ร้านค้าของเราคะ📣📣📣

🌴รับประกันคุณภาพของผลิตภัณฑ์และจะได้รับการตรวจสอบก่อนจัดส่ง
🌴เรามีประสบการณ์มากมายและผลิตภัณฑ์คุณภาพสูงเน้นคุณภาพและราคาต่ำ!นำประสบการณ์การช็อปปิ้งที่ดีที่สุดมาให้คุณ！
🌴ปรึกษาร้านค้าสำหรับคำถามใด ๆ

🌸 ติดตามร้านค้าเพื่อรับคูปองคะ 🌸
🌸 หากคุณพอใจกับผลิตภัณฑ์และบริการของเรา ขอให้คำชมเชยระดับห้าดาวนะจ๊ะ ⭐⭐⭐⭐⭐

 🚚 สินค้ามาจากประเทศจีนและต้องใช้เวลาในการจัดส่งพอสมควร 🚚💨
---------------------------------------------------------------------------------
💌เนื่องจากอุปกรณ์แสดงผลและแสงที่แตกต่างกัน รูปภาพอาจไม่สะท้อนสีจริงของผลิตภัณฑ์ทั้งหมด ขอขอบคุณสำหรับความเข้าใจของคุณ.
💌การให้คะแนน 1 หรือ 2 ดาว โดยไม่ใส่เหตุผล/รูปภาพประกอบ หรือใส่อะไรที่ไม่เป็นความจริง ทำให้ร้านค้าเสื่อมเสียชื่อเสียง ทางร้านจะไม่ช่วยเหลือใดๆ ทั้งสิ้น เพราะถือว่าท่านเข้ามาเพื่อดิสเครดิตร้านโดยเฉพาะ ขอบคุณค่ะ สนใจสั่งซื้อสินค้าหรือสอบถามเพิ่มเติมได้ค่ะ 💌
 
#ชุดนอนน่ารัก #ชุดนอนแขนสั้นขายาว #ชุดนอนผ้าคอตตอน",4.49,100,100,0.00 hours,Fri Mar 24 2023 06:13:38 GMT+0000 (Coordinated Universal Time),17591,"[{""name"":""สี"",""variations"":[""WG-A"",""WG-B"",""WG-C"",""WG-D"",""WG-E"",""WG-F"",""WG-G"",""WG-H"",""WG-I"",""WG-J"",""WG-K"",""WG-L"",""WG-M"",""WG-N"",""WG-O"",""WG-P"",""WG-Q"",""WG-R"",""WG-S"",""WG-T"",""WG-U"",""WG-V""]},{""name"":""ขนาด"",""variations"":[""ฟรีไซส์（45～70kg）""]}]",https://shopee.co.th,,100017,True,Wed Sep 04 2024 10:59:59 GMT+0000 (Coordinated Universal Time),"[{""name"":""model"",""value"":""WG-H,ฟรีไซส์（45～70kg）""}]",0,https://shopee.co.th/%E0%B8%8A%E0%B8%B8%E0%B8%94%E0%B8%99%E0%B8%AD%E0%B8%99-cat.11044944.11045056.11046353,"[{""claimable"":false,""currency"":""THB"",""discount"":1,""discount_cap"":0,""discount_percentage"":0,""min_spend"":0,""shop_vouncher"":""Lzboi_15.th"",""special_condition"":null,""text_info"":""LZBOVGNHK"",""validity_end"":""2024-09-30T15:59:00.000Z"",""validity_start"":""2024-08-31T16:00:00.000Z""},{""claimable"":false,""currency"":""THB"",""discount"":5,""discount_cap"":0,""discount_percentage"":0,""min_spend"":20000000,""shop_vouncher"":""Lzboi_15.th"",""special_condition"":null,""text_info"":""LZBOHFVKM"",""validity_end"":""2024-09-30T15:59:00.000Z"",""validity_start"":""2024-08-31T16:00:00.000Z""}]",,,
https://shopee.co.th/%F0%9F%94%A5-%E0%B9%83%E0%B8%AB%E0%B8%A1%E0%B9%88%E0%B9%80%E0%B8%AA%E0%B8%B7%E0%B9%89%E0%B8%AD%E0%B8%A2%E0%B8%B7%E0%B8%94%E0%B8%A5%E0%B9%8D%E0%B8%B2%E0%B8%A5%E0%B8%AD%E0%B8%87%E0%B8%AA%E0%B9%8D%E0%B8%B2%E0%B8%AB%E0%B8%A3%E0%B8%B1%E0%B8%9A%E0%B8%9C%E0%B8%B9%E0%B9%89%E0%B8%8A%E0%B8%B2%E0%B8%A2%E0%B8%9C%E0%B8%B9%E0%B9%89%E0%B8%AB%E0%B8%8D%E0%B8%B4%E0%B8%87%E0%B9%81%E0%B8%82%E0%B8%99%E0%B8%AA%E0%B8%B1%E0%B9%89%E0%B8%99%E0%B8%9E%E0%B8%B4%E0%B8%A1%E0%B8%9E%E0%B9%8C%E0%B8%A5%E0%B8%B2%E0%B8%A2-Fear-Of-God-Essentials-Fog0-%E0%B8%AA%E0%B8%AD%E0%B8%87%E0%B8%AA%E0%B8%B2%E0%B8%A2-%F0%9F%94%A5-i.852119262.18640673254?model_id=155633909051,18640673254,🔥 ใหม่เสื้อยืดลําลองสําหรับผู้ชายผู้หญิงแขนสั้นพิมพ์ลาย Fear Of God Essentials Fog0 สองสาย 🔥,0,0.0,0,199.0,199.0,THB,,0,"[""https://down-th.img.susercontent.com/file/931f7a5b11afe7ce894e640c9ce646d0_tn"",""https://down-th.img.susercontent.com/file/534d22ba6256e83b208ad1fd2a6ac7a1_tn"",""https://down-th.img.susercontent.com/file/9fc9326cb7d791d1d98abfde1e0b0f74_tn"",""https://down-th.img.susercontent.com/file/626e99ea4665f69cfceee2c05f78303b_tn"",""https://down-th.img.susercontent.com/file/31384accf9646175d49c67a2e283331a_tn"",""https://down-th.img.susercontent.com/file/0aaaab56305473a795be578a30aae4f5_tn"",""https://down-th.img.susercontent.com/file/872c5f1d524836ec2e9d357b7f3b1334_tn"",""https://down-th.img.susercontent.com/file/e2da3f24549e6918a3b673e4afc2add0_tn"",""https://down-th.img.susercontent.com/file/20f25de47baf5f4f39253701a6554001_tn""]",,nik███azi███,https://shopee.co.th/zw7e64t3rs,"[""เสื้อผ้าผู้ชาย"",""เสื้อ"",""เสื้อยืด""]","[{""name"":""คลัง"",""value"":""12000""},{""name"":""ความยาวของแขนเสื้อ"",""value"":""แขนสั้น""},{""name"":""ลวดลาย"",""value"":""ลายดอกไม้, ลายพิมพ์""},{""name"":""ส่งจาก"",""value"":""จังหวัดขอนแก่น""}]","🔥ผ้า cotton 100 % คุณภาพดี 
🔥เสื้อไม่มีตะเข็บด้านข้าง 
🔥ใส่เท่ห์ๆ สบายๆ สไตล์วินเทจ หรือจะนำไปใส่เป็นทรง OVERSIZE ก็ได้ สายวินเทจต้องมีครับ
🔥ซักเครื่องซักผ้าได้ปกติ ซักไม่หด ไม่เป็นขน ไม่ย้วย คอฟิต
🔥สกรีนชัด ไม่หลุดไม่ลอก
🔥รับรองคุ้มค่า คุ้มราคา 
🔥จัดส่งทุกวัน 
🔥ใส่ได้ทั้ง หญิง และ ชาย Unisex

📍รายละเอียดขนาดไซส์ 
📍Size : M  อก 40 นิ้ว / ยาว 30 นิ้ว
📍Size : L   อก 44 นิ้ว / ยาว 31 นิ้ว
📍Size : XL อก  48 นิ้ว / ยาว 32 นิ้ว
📍Size : 2XL อก  52 นิ้ว / ยาว 33 นิ้ว 
📍Size : 3XL อก 56 นิ้ว / ยาว 33 นิ้ว

🔥🔥🔥เสื้อเป็นไซส์ยุโรป ขนาดจะใหญ่กว่าไซส์ปกติ โปรดวัดขนาดไซส์ให้ดีก่อนทำการสั่งซื้อ🔥🔥🔥

➖➖➖➖➖➖➖➖➖
#เสื้อยืด #เสื้อวง #เสื้อสตรีท #streetwear #เสื้อวินเทจ #overprint #streetstyle #เสื้อยืดผู้ชาย #เสื้อยืดผู้หญิง #เสื้อยืดสีดำ #unisex #เสื้อวงดนตรี #เสื้อยืดไซส์ยุโรป    #เสื้อยืด  tshirt #เสื้อยืดบาสเกตบอล",2.8,81,57,,Mon Aug 29 2022 03:29:22 GMT+0000 (Coordinated Universal Time),91,"[{""name"":""Color"",""variations"":[""khaki"",""White"",""Yellow"",""Black""]},{""name"":""Size"",""variations"":[""S"",""M"",""L"",""XL"",""2XL"",""3XL""]}]",https://shopee.co.th,,100011,False,,"[{""name"":""model"",""value"":""Black,S""}]",0,https://shopee.co.th/%E0%B9%80%E0%B8%AA%E0%B8%B7%E0%B9%89%E0%B8%AD%E0%B8%A2%E0%B8%B7%E0%B8%94%E0%B8%AA%E0%B8%81%E0%B8%A3%E0%B8%B5%E0%B8%99%E0%B8%95%E0%B8%B1%E0%B8%A7%E0%B8%AB%E0%B8%99%E0%B8%B1%E0%B8%87%E0%B8%AA%E0%B8%B7%E0%B8%AD-cat.11044945.11045067.11045424,,,,
https://shopee.co.th/Valentino-women's-rockstud-heeled-flip-flops-caged-sandal-summer-street-footwear-size35-40-i.278015341.23165790192?model_id=118891781585,23165790192,Valentino women's rockstud heeled flip flops caged sandal summer street footwear size35-40,0,0.0,0,2449.0,2449.0,THB,,0,"[""https://down-th.img.susercontent.com/file/th-11134201-7qukz-lfw52z33q03za7_tn"",""https://down-th.img.susercontent.com/file/th-11134201-7qul6-lfw52zgf6ihb14_tn"",""https://down-th.img.susercontent.com/file/th-11134201-7qul0-lfw52zt6p8nj77_tn"",""https://down-th.img.susercontent.com/file/th-11134201-7qul0-lfw5306i4cpab4_tn"",""https://down-th.img.susercontent.com/file/th-11134201-7qul9-lfw530knjn7y77_tn"",""https://down-th.img.susercontent.com/file/th-11134201-7qul5-lfw530wv1s2671_tn"",""https://down-th.img.susercontent.com/file/th-11134201-7quky-lfw531a6ia6n6a_tn"",""https://down-th.img.susercontent.com/file/th-11134201-7qukx-lfw531n7z7f2bc_tn"",""https://down-th.img.susercontent.com/file/th-11134201-7qul4-lfw53209g4emd9_tn""]",,Nan███aut███tic█████████,https://shopee.co.th/fashionbag_shop,"[""รองเท้าผู้หญิง"",""รองเท้าแตะ"",""รองเท้าแตะส้นแบน""]","[{""name"":""คลัง"",""value"":""300""},{""name"":""รูปแบบรองเท้า"",""value"":""รองเท้าแกลดิเอเตอร์""},{""name"":""เดินป่ารองเท้า"",""value"":""ไม่""},{""name"":""ส่งจาก"",""value"":""จังหวัดกรุงเทพมหานคร""}]","product material:smooth calfskin leather

color option :as picture exhibits 

size available :22.5=35 23=36 23.5=37 24=38 24.5=39 25=40 Normal euro size

Notice to clients

1，partial goods in our store are pre-order items and need to be customized ,in order to get around the quantity  limit of item listing caused by high proportion of pre-order listing ,we have set delivery time of all items to two days  ,but this short time isn't enough for us to hand goods to local JT express ,so please inform us alter the delivery time and activate COD service before order placing  ,please don't make arbitrary purchase without any enquiry .

2 partial items in our online shop in watch category attach to half-year maintenance and warranty service whose range is limited to internal movement issues that doesn't include those caused by incorrect usage .daily scratches on metal dial  or normal oxidation on watchband surface are beyond service range ,so you could contact with us to apply for relevant service during valid time.in some circumstance when watch isn't weared ,you could place it on ventilating place to in  turn lonen its lifespan .

3  there maybe slight color difference because of computer monitor and photographing environment,for those clients who have little tolerance to the issue ,in order to avoid something unpleasant ,you should pay more serious thought on  purchase before placing a order .we don't accept any items return and refund caused by color difference problem , seven days appreciation service aren't bound to our online products as well

4 quality inspectors are responsible for the quality of very single merChaneldise and help us discard inferior products at first time,they supervise the whole process from goods purchase ,packing and delivery ,hence you could make a lighthearted purchase without any quality and security concern and meanwhile experience comfortable customer service throughout the whole course 

5 If you are satisfied our product quality and client service ,please give us precious nice rate and light up our stars ,all customers who give us good rate with pictures will be offerd 5% discount off for next purchase ,our store newly open and pursue more support from customer.

6 we only upload small proportion of works in our shop ,if you find the fashion piece what you search for isn't list in store ,please give direct consulting to service staff ,in most case ,we could offer you big pleased surprise .",4.81,40,30,4.23 hours,Thu Jun 25 2020 04:25:16 GMT+0000 (Coordinated Universal Time),648,"[{""name"":""style"",""variations"":[""black"",""beige"",""red"",""cherry"",""purple pink""]},{""name"":""Size"",""variations"":[""35"",""36"",""37"",""38"",""39"",""40""]}]",https://shopee.co.th,,100532,False,,"[{""name"":""model"",""value"":""purple pink,37""}]",0,https://shopee.co.th/%E0%B8%A3%E0%B8%AD%E0%B8%87%E0%B9%80%E0%B8%97%E0%B9%89%E0%B8%B2%E0%B9%81%E0%B8%81%E0%B8%A5%E0%B8%94%E0%B8%B4%E0%B9%80%E0%B8%AD%E0%B9%80%E0%B8%95%E0%B8%AD%E0%B8%A3%E0%B9%8C-cat.11044948.11045093.11045499,,,,
https://shopee.co.th/(%F0%9F%94%A5%E0%B8%9E%E0%B8%A3%E0%B9%89%E0%B8%AD%E0%B8%A1%E0%B8%AA%E0%B9%88%E0%B8%87%E0%B9%80%E0%B8%AA%E0%B8%B7%E0%B9%89%E0%B8%AD%E0%B9%80%E0%B8%AE%E0%B8%B5%E0%B8%A2%F0%9F%94%A5)%E0%B9%80%E0%B8%AA%E0%B8%B7%E0%B9%89%E0%B8%AD-%E0%B8%8A%E0%B9%88%E0%B8%A7%E0%B8%A2%E0%B8%9E%E0%B9%88%E0%B8%AD%E0%B8%A1%E0%B8%B6%E0%B8%87%E0%B9%81%E0%B8%A5%E0%B9%89%E0%B8%A7%E0%B8%AD%E0%B8%A2%E0%B9%88%E0%B8%B2%E0%B8%A5%E0%B8%B7%E0%B8%A1%E0%B8%8A%E0%B9%88%E0%B8%A7%E0%B8%A2%E0%B8%81%E0%B8%B9%E0%B8%94%E0%B9%89%E0%B8%A7%E0%B8%A2-%E0%B8%9C%E0%B9%89%E0%B8%B2%E0%B8%99%E0%B8%B4%E0%B9%88%E0%B8%A1%E0%B9%83%E0%B8%AA%E0%B9%88%E0%B8%AA%E0%B8%9A%E0%B8%B2%E0%B8%A2-cotton-100%-i.22602796.25935056206?model_id=217741166905,25935056206,(🔥พร้อมส่งเสื้อเฮีย🔥)เสื้อ ช่วยพ่อมึงแล้วอย่าลืมช่วยกูด้วย ผ้านิ่มใส่สบาย cotton 100%,0,5.0,0,229.0,229.0,THB,,0,"[""https://down-th.img.susercontent.com/file/th-11134207-7r98t-lz76cr4aoj9d64_tn"",""https://down-th.img.susercontent.com/file/th-11134207-7r98y-lz76cr4aojahf6_tn"",""https://down-th.img.susercontent.com/file/th-11134207-7r98w-lz76cv2mw8ld54_tn""]",,เสื███ฮีย███,https://shopee.co.th/here.tshirts1993,"[""เสื้อผ้าผู้ชาย"",""เสื้อ"",""เสื้อยืด""]","[{""name"":""คลัง"",""value"":""39919""},{""name"":""สไตล์เสื้อผ้า"",""value"":""ธรรมดา""},{""name"":""ความยาวของแขนเสื้อ"",""value"":""แขนสั้น""},{""name"":""ทรงคอเสื้อ"",""value"":""คอกลม""},{""name"":""วัสดุ"",""value"":""ฝ้าย""},{""name"":""ลวดลาย"",""value"":""ลายพิมพ์""},{""name"":""ขนาดใหญ่"",""value"":""ไม่""},{""name"":""ส่งจาก"",""value"":""จังหวัดเชียงใหม่""}]","เสื้อยืดพร้อมสกรีน แบรนด์เสื้อเฮีย เนื้อผ้าเฉพาะของแบรนด์ คุณภาพเยี่ยม มีทั้งขาวและดำ 
🔥ผ้าทอแบบนุ่ม  supersoft ไม่หนามาก ไม่บางมาก ใส่สบาย
🔥ลายสกรีนสวย สีสดมากกก ติดทนนานไม่ลอกแน่นอน
จัดส่งออกจากร้าน ปกติ ออกวันต่อวัน แต่ถ้าหาก วัน 6.6 หรือ 7.7 8.8  อาจจะช้าลงนิดหน่อย
เนื่องจากออเดอร์เยอะครับ

กรณีสินค้ามีตำหนิ ลูกค้าสามารถเปลี่ยนได้ เครมได้ ทางร้าน รับผิดชอบค่าส่งให้ครับ 
ความยาวของเสื้อเป็นการตัดเผื่อหด (เนื่องจากเป็น COTTON 100 %)
ขนาดไซส์  + - ประมาณ 1 นิ้วนะครับ 
รอบอก  
S  32 นิ้ว ยาว 25
M  36 นิ้ว ยาว 27
L   40 นิ้ว ยาว 29
XL  44 นิ้ว  ยาว 30
2XL  48 นิ้ว ยาว 31
3XL   52 นิ้ว ยาว 34
4XL  56 นิ้ว  ยาว 35",4.88,813,91,2.06 hours,Tue May 16 2017 13:06:35 GMT+0000 (Coordinated Universal Time),81798,"[{""name"":""สี"",""variations"":[""ดำ"",""ขาว""]},{""name"":""ไซส์"",""variations"":[""S  32 นิ้ว ยาว 25"",""M  36 นิ้ว ยาว 27"",""L 40 นิ้ว ยาว 29"",""XL44 นิ้ว ยาว 30"",""2XL 48 นิ้ว ยาว 31"",""3XL 52 นิ้ว ยาว 34"",""4XL 56 นิ้ว ยาว 35"",""5XL อก 60"",""OVS อก 42 ยาว 29"",""OVS อก 46 ยาว 30""]}]",https://shopee.co.th,,100011,False,,"[{""name"":""model"",""value"":""ขาว,L 40 นิ้ว ยาว 29""}]",0,https://shopee.co.th/%E0%B9%80%E0%B8%AA%E0%B8%B7%E0%B9%89%E0%B8%AD%E0%B8%A2%E0%B8%B7%E0%B8%94%E0%B8%AA%E0%B8%81%E0%B8%A3%E0%B8%B5%E0%B8%99%E0%B8%95%E0%B8%B1%E0%B8%A7%E0%B8%AB%E0%B8%99%E0%B8%B1%E0%B8%87%E0%B8%AA%E0%B8%B7%E0%B8%AD-cat.11044945.11045067.11045424,,,,
https://shopee.co.th/Lovito-%E0%B8%8A%E0%B8%B8%E0%B8%94%E0%B9%80%E0%B8%94%E0%B8%A3%E0%B8%AA%E0%B8%9C%E0%B8%B9%E0%B9%89%E0%B8%AB%E0%B8%8D%E0%B8%B4%E0%B8%87-%E0%B8%A1%E0%B8%B5%E0%B9%82%E0%B8%84%E0%B8%A3%E0%B8%87-%E0%B9%81%E0%B8%95%E0%B9%88%E0%B8%87%E0%B8%88%E0%B8%B5%E0%B8%9A-%E0%B8%A5%E0%B8%B2%E0%B8%A2%E0%B8%94%E0%B8%AD%E0%B8%81%E0%B9%84%E0%B8%A1%E0%B9%89-%E0%B8%AA%E0%B9%84%E0%B8%95%E0%B8%A5%E0%B9%8C%E0%B8%A5%E0%B8%B3%E0%B8%A5%E0%B8%AD%E0%B8%87--LNE51425-i.446091597.25324108296?model_id=250634368411,25324108296,Lovito ชุดเดรสผู้หญิง มีโครง แต่งจีบ ลายดอกไม้ สไตล์ลำลอง  LNE51425,0,4.6,0,380.0,270.0,THB,,0,"[""https://down-th.img.susercontent.com/file/sg-11134201-7rdyh-lza0e4n1cht46c_tn"",""https://down-th.img.susercontent.com/file/sg-11134201-7rdxg-lz4nptsj02zs60_tn"",""https://down-th.img.susercontent.com/file/sg-11134201-7rdy4-lz4npv5n07u2fd_tn"",""https://down-th.img.susercontent.com/file/sg-11134201-7rdwp-lz4npwhx05kcb7_tn"",""https://down-th.img.susercontent.com/file/sg-11134201-7rdyr-lz4npxrz7k8c84_tn"",""https://down-th.img.susercontent.com/file/sg-11134201-7rdwj-lz4npzeir2yf04_tn"",""https://down-th.img.susercontent.com/file/sg-11134201-7rdxw-lz4nqntj25wabf_tn"",""https://down-th.img.susercontent.com/file/sg-11134201-7rdxu-lyez27s8z9mcce_tn""]",,LOV███ OF███IAL█████████,https://shopee.co.th/lovito.th,"[""เสื้อผ้าผู้หญิง"",""เดรส""]","[{""name"":""คลัง"",""value"":""190""},{""name"":""สินค้า"",""value"":""Lovito""},{""name"":""ความยาวของแขนเสื้อ"",""value"":""เสื้อไม่มีแขน""},{""name"":""โอกาส"",""value"":""ไม่เป็นทางการ""},{""name"":""ขนาดใหญ่"",""value"":""ไม่""},{""name"":""ลวดลาย"",""value"":""ลายดอกไม้""},{""name"":""รูปแบบของเดรส/กระโปรง"",""value"":"" สาย""},{""name"":""ทรงคอเสื้อ"",""value"":"" สายสปาเก็ตตี้""},{""name"":""วัสดุ"",""value"":"" 100%Polyester""},{""name"":""ความยาวขอเดรสหรือกระโปรง"",""value"":"" ยาว""},{""name"":""ส่งจาก"",""value"":""ต่างประเทศ""}]","✅ไฮไลท์
-❤️แต่งเทป 
-❤️มีจีบ
-❤️มีโครง
-❤️นุ่มและสบาย

✅คำอธิบาย
รูปแบบ: ลายดอกไม้
สไตล์: ลำลอง
ประเภทเดรส: ทรงเอ
พลัสไซส์: ไม่ใช่
วัสดุ: โพลีเอสเตอร์
ส่วนประกอบ: โพลีเอสเตอร์ 100%
ประเภททรง: พอดีตัว
ผ้าโปร่ง: ไม่
ยืด: ไม่ยืด
ภูมิภาคแหล่งกำเนิดสินค้า: จีนแผ่นดินใหญ่

✅ แพ็คเกจรวม
1Xเดรส

✅บทนำโลวิโต้
Lovito เป็นแบรนด์เกิดใหม่ที่เชื่อมั่นในพลังของเด็กผู้หญิง โดยมุ่งมั่นที่จะนำเสนอทางเลือกเสื้อผ้าที่ทันสมัยและราคาไม่แพงสำหรับสไตล์ ความต้องการ และอัตลักษณ์ที่แตกต่างกัน
เราเชื่อว่าแฟชั่นควรจะสนุกสนาน ปลดปล่อย และทำให้คุณรู้สึกดี ท้ายที่สุดแล้ว เครื่องประดับที่ดีที่สุดสำหรับทุกลุคคือความมั่นใจในตนเอง

✅หมายเหตุการซื้อ
โปรดดูความสูงของคุณและแผนภูมิขนาดก่อนซื้อ มีความแตกต่าง 2-3% ตามการวัดด้วยตนเอง
รูปภาพสินค้าทั้งหมดในร้านนี้เป็นภาพถ่ายจริง 100% เนื่องจากแสงและหน้าจอที่แตกต่างกัน ความแตกต่างของสีเล็กน้อยและข้อผิดพลาดที่แท้จริงจึงถือเป็นเรื่องปกติ
ติดตามร้านค้าของเราและค้นพบสินค้าใหม่และข้อเสนอที่ดีที่สุดสำหรับคุณ!!


หากคุณมีคำถามใด ๆ พูดคุยกับเราแล้วเราจะตอบกลับโดยเร็วที่สุด😊",4.75,37749,94,1.06 hours,Tue May 18 2021 09:43:36 GMT+0000 (Coordinated Universal Time),2098542,"[{""name"":""สี"",""variations"":[""หลากสี""]},{""name"":""ขนาด"",""variations"":[""M"",""L"",""XL"",""XXL""]}]",https://shopee.co.th,Lovito,100017,False,,"[{""name"":""model"",""value"":""หลากสี,XXL""}]",0,https://shopee.co.th/%E0%B8%AD%E0%B8%B7%E0%B9%88%E0%B8%99%E0%B9%86-cat.11044944.11045060.11046363,"[{""claimable"":false,""currency"":""THB"",""discount"":null,""discount_cap"":3600000,""discount_percentage"":18,""min_spend"":7500000,""shop_vouncher"":""LOVITO OFFICIAL STORE"",""special_condition"":null,""text_info"":""LVT094LOW"",""validity_end"":""2024-09-04T16:59:59.000Z"",""validity_start"":""2024-09-03T17:00:00.000Z""},{""claimable"":false,""currency"":""THB"",""discount"":null,""discount_cap"":20000000,""discount_percentage"":20,""min_spend"":20000000,""shop_vouncher"":""LOVITO OFFICIAL STORE"",""special_condition"":null,""text_info"":""LVT904BAU"",""validity_end"":""2024-09-04T16:59:59.000Z"",""validity_start"":""2024-09-03T17:00:00.000Z""},{""claimable"":false,""currency"":""THB"",""discount"":null,""discount_cap"":8000000,""discount_percentage"":9,""min_spend"":77000000,""shop_vouncher"":""LOVITO OFFICIAL STORE"",""special_condition"":null,""text_info"":""IPOHMTH31"",""validity_end"":""2024-09-30T16:59:59.000Z"",""validity_start"":""2024-08-31T17:00:00.000Z""},{""claimable"":false,""currency"":""THB"",""discount"":null,""discount_cap"":14000000,""discount_percentage"":12,""min_spend"":96000000,""shop_vouncher"":""LOVITO OFFICIAL STORE"",""special_condition"":null,""text_info"":""IPOHMTH32"",""validity_end"":""2024-09-30T16:59:59.000Z"",""validity_start"":""2024-08-31T17:00:00.000Z""},{""claimable"":false,""currency"":""THB"",""discount"":null,""discount_cap"":19000000,""discount_percentage"":14,""min_spend"":120000000,""shop_vouncher"":""LOVITO OFFICIAL STORE"",""special_condition"":null,""text_info"":""IPOHMTH33"",""validity_end"":""2024-09-30T16:59:59.000Z"",""validity_start"":""2024-08-31T17:00:00.000Z""},{""claimable"":false,""currency"":""THB"",""discount"":null,""discount_cap"":28000000,""discount_percentage"":16,""min_spend"":151000000,""shop_vouncher"":""LOVITO OFFICIAL STORE"",""special_condition"":null,""text_info"":""IPOHMTH34"",""validity_end"":""2024-09-30T16:59:59.000Z"",""validity_start"":""2024-08-31T17:00:00.000Z""}]",,,
https://shopee.co.th/%E2%9D%A4%EF%B8%8F-Diiz%E2%80%99s-%E2%9D%A4%EF%B8%8F-View-%F0%9F%8D%93%E0%B9%80%E0%B8%AA%E0%B8%B7%E0%B9%89%E0%B8%AD%E0%B8%84%E0%B8%AD%E0%B9%80%E0%B8%AB%E0%B8%A5%E0%B8%B5%E0%B9%88%E0%B8%A2%E0%B8%A1-%E0%B9%81%E0%B8%95%E0%B9%88%E0%B8%87%E0%B8%A5%E0%B8%B9%E0%B8%81%E0%B9%84%E0%B8%A1%E0%B9%89-%E0%B9%82%E0%B8%9A%E0%B8%A7%E0%B9%8C%E0%B8%AD%E0%B8%81-%E0%B9%81%E0%B8%82%E0%B8%99%E0%B8%AA%E0%B8%B1%E0%B9%89%E0%B8%99-%E0%B8%9C%E0%B9%89%E0%B8%B2%E0%B8%97%E0%B9%87%E0%B8%AD%E0%B8%9B%E0%B8%97%E0%B8%A7%E0%B8%B4%E0%B8%A5-i.8333945.24623518109?model_id=197426199960,24623518109,❤️ Diiz’s ❤️ View 🍓เสื้อคอเหลี่ยม แต่งลูกไม้ โบว์อก แขนสั้น ผ้าท็อปทวิล,0,4.8,0,99.0,69.0,THB,,0,"[""https://down-th.img.susercontent.com/file/th-11134207-7r991-luof2eaynnse46_tn"",""https://down-th.img.susercontent.com/file/th-11134207-7r98o-lx87ke09pyhb57_tn"",""https://down-th.img.susercontent.com/file/th-11134207-7r98w-luvi9co6rvx137_tn"",""https://down-th.img.susercontent.com/file/th-11134207-7r98v-luoexvkkrajy8a_tn"",""https://down-th.img.susercontent.com/file/th-11134207-7r98t-lucyexowp77lbe_tn"",""https://down-th.img.susercontent.com/file/th-11134207-7r98w-lucyc1v6mwi976_tn"",""https://down-th.img.susercontent.com/file/th-11134207-7r98r-ltyrnprdms3l8e_tn"",""https://down-th.img.susercontent.com/file/th-11134207-7r98x-ltyrnprdmryp2d_tn"",""https://down-th.img.susercontent.com/file/th-11134207-7r98q-ltyrnprnmdhd22_tn""]",,Dii███ Ch███Sho█████████zdi██████,https://shopee.co.th/darkiizdizz,"[""เสื้อผ้าผู้หญิง"",""เสื้อ"",""อื่นๆ""]","[{""name"":""คลัง"",""value"":""449""},{""name"":""ขนาดใหญ่"",""value"":""ไม่""},{""name"":""ลวดลาย"",""value"":""ลายทาง""},{""name"":""วัสดุ"",""value"":""ผ้ายืด""},{""name"":""ส่งจาก"",""value"":""จังหวัดปทุมธานี""}]","✅  รูปในหุ่น รูปวางพื้น ถ่ายจากสินค้าจริงจ้า 

✅ ขนาด และ สี อาจมีการคลาดเคลื่อน นิดหน่อยจ้า การตัดเย็บ ความเรียบร้อยตามราคาจ้า
 🙏🏻 
 
❤️ Diiz’s ❤️ View 🍓เสื้อครอป คอเหลี่ยม แต่งลูกไม้ โบว์อก แขนสั้น ผ้าท็อปทวิล ผ้าสวยสุด

🔹 ขนาดเสื้อ 
      - อก 30-34“ (เหมาะดับสาว xs , s)
      - ยาว 15.5” วัดจากบ่า
      - รอบแขน 10-14”
      - บ่ากว้าง 13.5-14“ ก่อนยืด",4.75,469,96,0.97 hours,Thu Jul 28 2016 09:03:12 GMT+0000 (Coordinated Universal Time),374238,"[{""name"":""สี/ลาย"",""variations"":[""ขาว"",""ดำ"",""ครีม"",""ชมพูพีช""]},{""name"":""รุ่น"",""variations"":[""-อกลูกไม้-ท็อปทวิล-""]}]",https://shopee.co.th,,100017,False,,"[{""name"":""model"",""value"":""ขาว,-อกลูกไม้-ท็อปทวิล-""}]",0,https://shopee.co.th/%E0%B8%AD%E0%B8%B7%E0%B9%88%E0%B8%99%E0%B9%86-cat.11044944.11045058.11046359,,,,
https://shopee.co.th/%E0%B8%81%E0%B8%A3%E0%B8%B0%E0%B9%82%E0%B8%9B%E0%B8%A3%E0%B8%87%E0%B8%A2%E0%B8%B2%E0%B8%A73%E0%B8%8A%E0%B8%B1%E0%B9%89%E0%B8%99%E0%B8%A1%E0%B8%B5%E0%B8%8B%E0%B8%B1%E0%B8%9A%E0%B9%83%E0%B8%99-%E0%B9%84%E0%B8%8B%E0%B8%AA%E0%B9%8C%E0%B9%83%E0%B8%AB%E0%B8%8D%E0%B9%88-%E0%B9%80%E0%B8%AD%E0%B8%A7-44-60+-(%E0%B8%8186)-i.791605629.25257062739?model_id=250184772775,25257062739,กระโปรงยาว3ชั้นมีซับใน ไซส์ใหญ่ เอว 44-60+ (ก86),0,4.9,0,239.0,239.0,THB,,0,"[""https://down-th.img.susercontent.com/file/th-11134207-7r98y-lq7fksb49esa28_tn""]",,ฟูฟ███ by███UFF██████,https://shopee.co.th/fluffy88_plus,"[""เสื้อผ้าผู้หญิง"",""กระโปรง""]","[{""name"":""คลัง"",""value"":""11""},{""name"":""ขนาดใหญ่"",""value"":""ใช่""},{""name"":""รูปแบบของเดรส/กระโปรง"",""value"":""ทรงบาน""},{""name"":""ความยาวขอเดรสหรือกระโปรง"",""value"":""ยาวปานกลาง""},{""name"":""วัสดุ"",""value"":""ไหมอิตาลี""},{""name"":""ส่งจาก"",""value"":""จังหวัดสมุทรสาคร""}]","กระโปรงยาว3ชั้นมีซับใน
เอว 44-60+
สพ.70+",4.9,162,68,3.15 hours,Fri Jun 10 2022 04:32:50 GMT+0000 (Coordinated Universal Time),3609,"[{""name"":""สี"",""variations"":[""ดำ"",""ขาว"",""ชมพู"",""เบจ""]}]",https://shopee.co.th,,100017,False,,"[{""name"":""model"",""value"":""เบจ""}]",0,https://shopee.co.th/%E0%B8%81%E0%B8%A3%E0%B8%B0%E0%B9%82%E0%B8%9B%E0%B8%A3%E0%B8%87%E0%B8%AA%E0%B8%B2%E0%B8%A7%E0%B8%AD%E0%B8%A7%E0%B8%9A-cat.11044944.11045056.11046358,,,,
https://shopee.co.th/TP-Link-Archer-NX200-%E0%B9%80%E0%B8%A3%E0%B9%89%E0%B8%B2%E0%B9%80%E0%B8%95%E0%B8%AD%E0%B8%A3%E0%B9%8C%E0%B9%83%E0%B8%AA%E0%B9%88%E0%B8%8B%E0%B8%B4%E0%B8%A15G-%E0%B8%A3%E0%B8%AD%E0%B8%87%E0%B8%A3%E0%B8%B1%E0%B8%9A%E0%B8%84%E0%B8%A7%E0%B8%B2%E0%B8%A1%E0%B9%81%E0%B8%A3%E0%B8%87-5G/LTE-AX1800-Wireless-Dual-Band-Gigabit-Router-%E0%B8%81%E0%B8%A3%E0%B8%B0%E0%B8%88%E0%B8%B2%E0%B8%A2%E0%B8%AA%E0%B8%B1%E0%B8%8D%E0%B8%8D%E0%B8%B2%E0%B8%93%E0%B9%84%E0%B8%94%E0%B9%89%E0%B9%82%E0%B8%94%E0%B8%A2-i.50377350.24033734200,24033734200,TP-Link Archer NX200 เร้าเตอร์ใส่ซิม5G รองรับความแรง 5G/LTE AX1800 Wireless Dual-Band Gigabit Router กระจายสัญญาณได้โดย,0,0.0,0,6690.0,6690.0,THB,,0,"[""https://down-th.img.susercontent.com/file/th-11134207-7r98r-lxxuipvy57m7f3_tn"",""https://down-th.img.susercontent.com/file/th-11134207-7r98v-lxxrwsg8gtrk97_tn"",""https://down-th.img.susercontent.com/file/th-11134207-7r98z-lxxrwvdy64sv36_tn"",""https://down-th.img.susercontent.com/file/th-11134207-7r98v-lxxrwz0muvu85b_tn"",""https://down-th.img.susercontent.com/file/th-11134207-7r98z-lxxrx1quv5jj4d_tn"",""https://down-th.img.susercontent.com/file/th-11134207-7r98r-lxxrx4xq71rk8d_tn"",""https://down-th.img.susercontent.com/file/th-11134207-7r98q-lxxrx8az9m8ff4_tn"",""https://down-th.img.susercontent.com/file/th-11134207-7r991-lxxrxf1heqi8a9_tn"",""https://down-th.img.susercontent.com/file/th-11134207-7r98o-lxxrxlsjj1zj87_tn""]",,Ivo███tsh███,https://shopee.co.th/TP-Link-Archer-NX200-%E0%B9%80%E0%B8%A3%E0%B9%89%E0%B8%B2%E0%B9%80%E0%B8%95%E0%B8%AD%E0%B8%A3%E0%B9%8C%E0%B9%83%E0%B8%AA%E0%B9%88%E0%B8%8B%E0%B8%B4%E0%B8%A15G-%E0%B8%A3%E0%B8%AD%E0%B8%87%E0%B8%A3%E0%B8%B1%E0%B8%9A%E0%B8%84%E0%B8%A7%E0%B8%B2%E0%B8%A1%E0%B9%81%E0%B8%A3%E0%B8%87-5G/ivoryitshop,"[""คอมพิวเตอร์และอุปกรณ์เสริม"",""อุปกรณ์เน็ตเวิร์ก"",""อุปกรณ์ขยายสัญญาณ""]","[{""name"":""คลัง"",""value"":""20""},{""name"":""สินค้า"",""value"":""TP Link(ทีพี ลิงค์)""},{""name"":""ระยะเวลาการรับประกัน"",""value"":""3 ปี""},{""name"":""ประเภทการประกัน"",""value"":""ประกันจากผู้ผลิต""},{""name"":""ส่งจาก"",""value"":""จังหวัดกรุงเทพมหานคร""}]","Product details of TP-Link Archer NX200 เร้าเตอร์ใส่ซิม5G รองรับความแรง 5G/LTE AX1800 Wireless Dual-Band Gigabit Router กระจายสัญญาณได้โดยไม่ต้องเดินสาย ใช้ได้ทันทีแค่เสียบซิม
1 Boost Your 5G Speed - ให้คุณได้ใช้งานเครือข่าย 5G ขั้นสูงได้อย่างเต็มประสิทธิภาพ ด้วยความเร็วดาวน์โหลดสูงถึง 4.67 Gbps ให้คุณแชร์เครือข่าย 5G ของคุณกับอุปกรณ์ต่าง ๆ ผ่านสัญญาณ Wi-Fi เพื่อการรับชมภาพยนตร์ความละเอียดสูง, ดาวน์โหลดไฟล์ได้อย่างรวดเร็ว, และวิดีโอคอลหรือประชุมออนไลน์ได้อย่างไหลลื่น
2 AX1800 Dual-Band Wi-Fi 6 Speed - ความเร็วรับส่งข้อมูลสูงถึง 1201 Mbps (บนคลื่น 5 GHz) + 574 Mbps (บนคลื่น 2.4 GHz)
3 Plug & Play - เพียงเสียบซิมการ์ดและเปิดเครือง อุปกรณ์ก็พร้อมให้คุณใช้งานเครือข่าย 5G/LTE ได้ทันที ไม่ต้องตั้งค่าให้ยุ่งยาก
4 EasyMesh-Compatible - รองรับการใช้งานร่วมกับผลิตภัณฑ์ที่รองรับ EasyMesh เพื่อสร้างเครือข่าย Mesh Wi-Fi ที่ครอบคลุมบ้านทั้งหลังด้วยชื่อและรหัสผ่านเดียว ให้ความยืดหยุ่นในการใช้งานและช่วยลดต้นทุนในการวางระบบเครือข่ายได้เป็นอย่างดี
5 Gigabit WAN/LAN Port - อุปกรณ์มาพร้อมพอร์ตกิกะบิต WAN/LAN ช่วยให้ NX200 สามารถใช้งานเป็นอุปกรณ์เราเตอร์ผ่านสาย ซึ่งรองรับการใช้งานร่วมกับอุปกรณ์โมเด็มสายเคเบิล, สายไฟเบอร์ และสายโทรศัพท์ (DSL)",4.88,344,72,4.96 hours,Sat Dec 30 2017 10:43:12 GMT+0000 (Coordinated Universal Time),1998,"[{""variations"":[null]}]",https://shopee.co.th,TP Link(ทีพี ลิงค์),100644,False,,"[{""name"":""model"",""value"":null}]",0,https://shopee.co.th/Repeaters-cat.11044958.11045193.11045993,,,,
https://shopee.co.th/%E0%B8%81%E0%B8%B2%E0%B8%87%E0%B9%80%E0%B8%81%E0%B8%87%E0%B8%84%E0%B8%B2%E0%B8%A3%E0%B9%8C%E0%B9%82%E0%B8%81%E0%B9%89%E0%B8%9C%E0%B8%B9%E0%B9%89%E0%B8%8A%E0%B8%B2%E0%B8%A2-%E0%B8%81%E0%B8%B2%E0%B8%87%E0%B9%80%E0%B8%81%E0%B8%87%E0%B8%82%E0%B8%B2%E0%B8%A2%E0%B8%B2%E0%B8%A7%E0%B8%84%E0%B8%B2%E0%B8%A3%E0%B9%8C%E0%B9%82%E0%B8%81%E0%B9%89%E0%B8%AA%E0%B9%84%E0%B8%95%E0%B8%A5%E0%B9%8C%E0%B8%AD%E0%B9%80%E0%B8%A1%E0%B8%A3%E0%B8%B4%E0%B8%81%E0%B8%B1%E0%B8%99%E0%B8%A5%E0%B8%B3%E0%B8%A5%E0%B8%AD%E0%B8%87%E0%B8%97%E0%B8%B5%E0%B9%88%E0%B8%A1%E0%B8%B5%E0%B8%81%E0%B8%A3%E0%B8%B0%E0%B9%80%E0%B8%9B%E0%B9%8B%E0%B8%B2%E0%B8%AB%E0%B8%A5%E0%B8%B2%E0%B8%A2%E0%B8%8A%E0%B9%88%E0%B8%AD%E0%B8%87%E0%B8%82%E0%B8%99%E0%B8%B2%E0%B8%94%E0%B8%9A%E0%B8%A7%E0%B8%81%E0%B8%AD%E0%B8%A2%E0%B9%88%E0%B8%B2%E0%B8%87%E0%B8%A1%E0%B8%B5%E0%B8%AA%E0%B9%84%E0%B8%95%E0%B8%A5%E0%B9%8C-%E0%B8%81%E0%B8%B2%E0%B8%87%E0%B9%80%E0%B8%81%E0%B8%87%E0%B8%82%E0%B8%B2%E0%B8%A2%E0%B8%B2%E0%B8%A7%E0%B8%9C%E0%B8%B9%E0%B9%89%E0%B8%8A%E0%B8%B2%E0%B8%A2-i.1211981261.26300994070?model_id=246455249434,26300994070,กางเกงคาร์โก้ผู้ชาย กางเกงขายาวคาร์โก้สไตล์อเมริกันลำลองที่มีกระเป๋าหลายช่องขนาดบวกอย่างมีสไตล์ กางเกงขายาวผู้ชาย,0,4.7,0,400.0,175.0,THB,,0,"[""https://down-th.img.susercontent.com/file/cn-11134207-7r98o-lw02jkvl6xwje1_tn"",""https://down-th.img.susercontent.com/file/cn-11134207-7r98o-lw02jkvl5jc3e5_tn"",""https://down-th.img.susercontent.com/file/sg-11134201-7rd69-lvrdoaaxplpr86_tn"",""https://down-th.img.susercontent.com/file/sg-11134201-7rd4r-lvrdoaaxpl66e3_tn"",""https://down-th.img.susercontent.com/file/cn-11134207-7r98o-lw02jkvkzx2b23_tn"",""https://down-th.img.susercontent.com/file/cn-11134207-7r98o-lw02jkvl1bmr3c_tn"",""https://down-th.img.susercontent.com/file/cn-11134207-7r98o-lw02jkvl44rn63_tn"",""https://down-th.img.susercontent.com/file/sg-11134201-7rd66-lvrdoa71vafn97_tn"",""https://down-th.img.susercontent.com/file/cn-11134207-7r98o-lwuw6in8oqw300_tn""]",,Fun███Stu███,https://shopee.co.th/funky668.th,"[""เสื้อผ้าผู้ชาย"",""กางเกงขายาว"",""กางเกงคาร์โก้""]","[{""name"":""คลังสินค้าโปรโมชั่น"",""value"":""928""},{""name"":""คลังอื่น ๆ"",""value"":""31""},{""name"":""วัสดุ"",""value"":""ผ้าสังเคราะห์""},{""name"":""ลวดลาย"",""value"":""เรียบๆ""},{""name"":""ขนาดใหญ่"",""value"":""ใช่""}]","กางเกงคาร์โก้ผู้ชาย กางเกงขายาวคาร์โก้สไตล์อเมริกันลำลองที่มีกระเป๋าหลายช่องขนาดบวกอย่างมีสไตล์ กางเกงขายาวผู้ชาย
🚚 ระยะเวลาในการจัดส่งโดยทั่วไป 2-3 วัน
😊หากคุณมีคำถามใด ๆ โปรดติดต่อเราผ่านห้องแชทฝ่ายบริการลูกค้ามืออาชีพของเราจะช่วยเหลือคุณด้วยความจริงใจและรับผิดชอบและให้คำแนะนำแก่คุณ!
😊หากคุณพอใจกับผลิตภัณฑ์และบริการของเราโปรดยกย่องขอบคุณสำหรับการสนับสนุนและขอให้คุณมีความสุขในชีวิต
สำหรับรูปแบบอื่น ๆ โปรดคลิกที่รูปแบบอื่น ๆ 👉 ร้านค้า",4.63,384,79,3.38 hours,Mon Mar 18 2024 12:30:58 GMT+0000 (Coordinated Universal Time),601,"[{""name"":""สี"",""variations"":[""สีเขียว"",""สีกากี"",""สีดํา"",""สีเขียวทหาร""]},{""name"":""ขนาด"",""variations"":[""M"",""L"",""XL"",""2XL"",""3XL""]}]",https://shopee.co.th,,100011,True,Wed Sep 04 2024 04:59:59 GMT+0000 (Coordinated Universal Time),"[{""name"":""model"",""value"":""สีเขียวทหาร,2XL""}]",0,https://shopee.co.th/%E0%B8%AD%E0%B8%B7%E0%B9%88%E0%B8%99%E0%B9%86-cat.11044945.11045074.11046378,,,,
https://shopee.co.th/(%E0%B8%A3%E0%B8%B8%E0%B9%88%E0%B8%99%E0%B9%82%E0%B8%A5%E0%B8%AB%E0%B8%B0%E0%B9%80%E0%B8%AB%E0%B8%A5%E0%B9%87%E0%B8%81)-%E0%B8%9E%E0%B8%A3%E0%B9%89%E0%B8%AD%E0%B8%A1%E0%B8%82%E0%B8%AD%E0%B8%87%E0%B9%81%E0%B8%96%E0%B8%A1-%E0%B9%81%E0%B8%81%E0%B8%9B%E0%B8%82%E0%B8%AD%E0%B8%87%E0%B9%80%E0%B8%A5%E0%B9%88%E0%B8%99-%E0%B8%A1%E0%B8%B5%E0%B9%80%E0%B8%AA%E0%B8%B5%E0%B8%A2%E0%B8%87-%E0%B9%81%E0%B8%81%E0%B8%9B%E0%B8%A2%E0%B8%B4%E0%B8%87%E0%B9%80%E0%B8%AA%E0%B8%B5%E0%B8%A2%E0%B8%87-%E0%B8%A5%E0%B8%B9%E0%B8%81%E0%B8%9B%E0%B8%A5%E0%B9%88%E0%B8%AD%E0%B8%A2%E0%B8%95%E0%B8%B1%E0%B8%A7%E0%B8%99%E0%B8%B1%E0%B8%81%E0%B8%81%E0%B8%B5%E0%B8%AC%E0%B8%B2-%E0%B8%A5%E0%B8%B9%E0%B8%81%E0%B8%82%E0%B8%AD%E0%B8%87%E0%B9%80%E0%B8%A5%E0%B9%88%E0%B8%99-%E0%B9%84%E0%B8%A5%E0%B9%88%E0%B8%AB%E0%B8%A1%E0%B8%B2-%E0%B9%84%E0%B8%A5%E0%B9%88%E0%B8%99%E0%B8%81-%E0%B9%84%E0%B8%A5%E0%B9%88%E0%B9%81%E0%B8%A1%E0%B8%A7-i.205156641.28251819988?model_id=245959284510,28251819988,(รุ่นโลหะเหล็ก) พร้อมของแถม แกปของเล่น มีเสียง แกปยิงเสียง ลูกปล่อยตัวนักกีฬา ลูกของเล่น ไล่หมา ไล่นก ไล่แมว,0,0.0,0,449.0,449.0,THB,0.0,0,"[""https://down-th.img.susercontent.com/file/th-11134207-7r991-lw5ib5k14xbkcb_tn"",""https://down-th.img.susercontent.com/file/th-11134207-7r98t-lw5ib5ix6jsg3e_tn"",""https://down-th.img.susercontent.com/file/th-11134207-7r98v-lw5ib5j765e7ac_tn"",""https://down-th.img.susercontent.com/file/th-11134207-7r98r-lw5ib5j7lln3c4_tn"",""https://down-th.img.susercontent.com/file/th-11134207-7r98w-lw5ib5ix6k0fa6_tn""]",,Hon███,https://shopee.co.th/honieb,"[""แม่และเด็ก"",""ของเล่น"",""ของเล่นกลางแจ้งและอุปกรณ์กีฬา"",""ปืนของเล่น""]","[{""name"":""วัสดุ"",""value"":""โลหะ""},{""name"":""ส่งจาก"",""value"":""จังหวัดกรุงเทพมหานคร""}]","แบบโลหะเหล็ก) พร้อมของแถมทุกออเดอร์ ของเล่น มีเสียง ของเล่นยิงเสียง แกปปล่อยตัวนักกีฬา ลูกของเล่น ไล่หมา ไล่นก ไล่แมวได้ 

อ่านรายละเอียดเพิ่มเติม 

อ่านรายละเอียดเพิ่มเติม
1. กรณีสั่งสินค้าผิดรุ่น ผิดสี ทางร้านขอสงวนสิทธิ์ไม่รับเปลี่ยนหรือคืนสินค้า รบกวนตรวจสอบให้ถี่ถ้วนก่อนกดสั่งนะคะ
2.กรณีสินค้ามีรอยบุบ / แตก หรือเสียหายจากการขนส่งต้องแจ้งภายใน 24 ชม.(อ้างอิงเวลาจัดส่งสำเร็จจากขนส่ง) ** พร้อมภาพถ่าย วิดีโอตอนแกะกล่องสินค้า ** หากไม่มีหลักฐาน ข้อมูลตามที่ทางร้านแจ้งไปข้างต้น ทางร้านขอสงวนสิทธิ์ในการ เคลมสินค้า/เปลี่ยนสินค้าใหม่ ทุกกรณีค่ะ ！！
3.กรณีใส่ที่อยู่ผิด ทางร้านไม่สามารถแก้ไขให้ได้ ลูกค้าต้องยกเลิกแล้วสั่งสินค้าเข้ามาใหม่
4.ผู้ซื้อต้องเก็บกล่องบรรจุภัณฑ์เพื่อใช้ในการยืนยันในการซื้อสินค้ากับทางร้าน กรณีที่อยู่ในการรับประกัน หากไม่มีกล่อง หรือ เอกสารของทางร้าน ทางร้านขอสงวนสิทธิ์ ถือเป็นที่สิ้นสุดการรับประกันสินค้า
5.การรับประกันสินค้าไม่ครอบคลุมถึงสินค้าที่เป็นของแถม ในช่วงระยะเวลารับประกันคุณต้องจ่ายค่าขนส่งด้วยตัวเอง
6.สภาพสินค้าที่เกิดความเสียหายจากผู้ใช้ เช่น แตก ชำรุดบุบ ไหม้ มีคราบน้ำ คราบสนิม เป็นต้นถือว่าสิ้นสุดการรับประกัน
7.ไม่รับเปลี่ยนหรือคืนสินค้าที่เกิดจากการใช้งานที่ผิดวิธี หรือการสั่งซื้อที่เกิดความผิดพลาดของลูกค้า ไม่ว่ากรณีใด
8.กรณีสินค้ามีปัญหาด้านการจัดส่งหรือสูญหาย รบกวนแจ้งทางร้านทันที
9.การเคลมสินค้าลูกค้าต้องออกค่าจัดส่งเองทั้งไปและกลับ
10. กรณแตกหัก เสียหาย จากการใช้งานแล้ว งดเคลม/คืนสินค้าทุกกรณี",4.69,8,67,3.06 hours,Mon Dec 02 2019 09:23:46 GMT+0000 (Coordinated Universal Time),75,"[{""name"":""1 กระบอก"",""variations"":[""ไม่เพิ่มลูก"",""เพิ่มลูก 20 วง"",""เพิ่มลูก 1 กล่อง""]}]",https://shopee.co.th,,100632,False,,"[{""name"":""model"",""value"":""เพิ่มลูก 1 กล่อง""}]",0,https://shopee.co.th/%E0%B8%82%E0%B8%AD%E0%B8%87%E0%B9%80%E0%B8%A5%E0%B9%88%E0%B8%99%E0%B8%AA%E0%B8%99%E0%B8%B2%E0%B8%A1-cat.11044960.11045227.11046162,,,,
https://shopee.co.th/%E0%B8%81%E0%B8%B2%E0%B8%A3%E0%B9%8C%E0%B8%94%E0%B8%88%E0%B8%AD-VGA-RX-580-570-8GB/4GB-%E0%B8%A1%E0%B8%B7%E0%B8%AD%E0%B8%AA%E0%B8%AD%E0%B8%87-%E0%B8%AA%E0%B8%A0%E0%B8%B2%E0%B8%9E%E0%B8%AA%E0%B8%A7%E0%B8%A2-i.237870887.3655613587?model_id=241106605232,3655613587,การ์ดจอ VGA RX 580-570 8GB/4GB มือสอง สภาพสวย,0,4.8,0,3555.0,2599.0,THB,0.0,0,"[""https://down-th.img.susercontent.com/file/th-11134207-7r98r-lwwsgdgisz3k3a_tn"",""https://down-th.img.susercontent.com/file/th-11134207-7r98s-lv0pikx9rc37db_tn"",""https://down-th.img.susercontent.com/file/th-11134207-7r992-lwx2p4rqf99se1_tn"",""https://down-th.img.susercontent.com/file/th-11134207-7r98x-lwx2p4rpzt0wad_tn"",""https://down-th.img.susercontent.com/file/th-11134207-7r98y-lwx2p4rpzt8v07_tn"",""https://down-th.img.susercontent.com/file/th-11134207-7r98o-lwx2p4sjyle717_tn"",""https://down-th.img.susercontent.com/file/th-11134207-7r98u-lwx2p4sjyl68d3_tn""]",,TKT███2 ,https://shopee.co.th/%E0%B8%81%E0%B8%B2%E0%B8%A3%E0%B9%8C%E0%B8%94%E0%B8%88%E0%B8%AD-VGA-RX-580-570-8GB/tktcomshop,"[""คอมพิวเตอร์และอุปกรณ์เสริม"",""อุปกรณ์คอมพิวเตอร์"",""การ์ดจอ""]","[{""name"":""คลัง"",""value"":""5""},{""name"":""เงื่อนไข"",""value"":""สภาพ""},{""name"":""สินค้า"",""value"":""AMD(เอเอ็มดี)""},{""name"":""ผู้ผลิตการ์ดจอ"",""value"":""AMD""},{""name"":""ประเภทหน่วยความจำวีดีโอ"",""value"":""GDDR5""},{""name"":""หน่วยความจำกราฟิก"",""value"":""8GB""},{""name"":""ระยะเวลาการรับประกัน"",""value"":""1 สัปดาห์""},{""name"":""ประเภทการประกัน"",""value"":""ผู้ขาย""},{""name"":""กราฟิกการ์ดรุ่น"",""value"":""RX570 580""},{""name"":""ส่งจาก"",""value"":""จังหวัดปทุมธานี""}]","RX 580-570 8GB/4GB มือสอง
สภาพ : มือสอง 
อุปกรณ์ : มีแต่ตัว ไม่มีกล่อง
ประกัน : รับประกัน 7 วัน
รับได้ที่ : รังสิต
มีบริการเก็บเงินปลายทาง
เบอร์โทร : 0804311125",4.81,120,91,0.75 hours,Sat Mar 21 2020 10:45:43 GMT+0000 (Coordinated Universal Time),759,"[{""name"":""VGA"",""variations"":[""RX 570 4GB GAMING"",""RX 570 4GB AORUS"",""RX 570 4GB MSI ARMOR"",""RX 570 4GB RED DEVIL"",""RX 570 4GB ASROCK"",""RX 570 4GB STRIX"",""RX 570 4GB GAMING X"",""RX 580 4GB GAMING"",""RX 480 8GB RED DEVIL"",""RX 580 8GB GAMING"",""RX 580 8GB AORUS"",""RX 580 8GB REDDEVILL"",""RX 580 8GB MSI ARMOR"",""RX 580 8GB NITRO"",""RX 570 4GB NITRO"",""RX 580 8GB SAPPHIRE"",""RX 580 8GB GAMING X"",""RX 570 8GB NITRO""]}]",https://shopee.co.th,AMD(เอเอ็มดี),100644,False,,"[{""name"":""model"",""value"":""RX 580 8GB REDDEVILL""}]",0,https://shopee.co.th/%E0%B8%81%E0%B8%A3%E0%B8%B2%E0%B8%9F%E0%B8%9F%E0%B8%B4%E0%B8%84%E0%B8%81%E0%B8%B2%E0%B8%A3%E0%B9%8C%E0%B8%94-cat.11044958.11045198.11046026,,,,
https://shopee.co.th/%F0%9F%94%86%E0%B8%9B%E0%B9%89%E0%B8%B2%E0%B8%A2%E0%B9%84%E0%B8%97%E0%B8%A2%F0%9F%94%86-%E0%B9%80%E0%B8%88%E0%B8%A5%E0%B8%AD%E0%B8%B2%E0%B8%9A%E0%B8%99%E0%B9%89%E0%B8%B3-%E0%B8%9A%E0%B8%B3%E0%B8%A3%E0%B8%B8%E0%B8%87%E0%B8%9C%E0%B8%B4%E0%B8%A7%E0%B8%8A%E0%B8%B8%E0%B9%88%E0%B8%A1%E0%B8%8A%E0%B8%B7%E0%B9%89%E0%B8%99-Clarins-Tonic-Bath-&-Shower-concentrate-200-ml%F0%9F%94%86-i.2437991.7351678027?model_id=71096529533,7351678027,🔆ป้ายไทย🔆 เจลอาบน้ำ บำรุงผิวชุ่มชื้น Clarins Tonic Bath & Shower concentrate 200 ml🔆,0,5.0,0,260.0,260.0,THB,0.0,0,"[""https://down-th.img.susercontent.com/file/th-11134207-7qul2-liifyxlyj3zc45_tn"",""https://down-th.img.susercontent.com/file/th-11134207-7qul8-liifyxlyj3wx75_tn""]",,ban███g,https://shopee.co.th/bannong,"[""ผลิตภัณฑ์บำรุงและเสริมความงาม"",""สบู่อาบน้ำและผลิตภัณฑ์ดูแลผิวกาย"",""สบู่ชำระผิวกาย""]","[{""name"":""คลัง"",""value"":""4""},{""name"":""สินค้า"",""value"":""Clarins(คาแรงส์)""},{""name"":""ส่งจาก"",""value"":""จังหวัดนครราชสีมา""}]","
❌200 ml ผลิต 08/2565❌
❌100 ml ผลิต 08/2564❌
เจลอาบน้ำ บำรุงผิวชุ่มชื้น Clarins Tonic Bath & Shower With Essential Oils 200 ml

😍แค่อาบก็เหมือนยก Spa ของ Clarins มาไว้ในห้องน้ำ!!!😍

  Clarins  Tonic Bath & Shower Concentrate 200ml ( 1,100บาท)นี้คือ Bath & Shower ที่หอมผ่อนคลายและสารบำรุงจากน้ำมัน Rosemary, Mint และ Geranium ทั้ง 3 กลิ่นนี้พอรวมกันแล้ว กลิ่นคือสวรรค์มากที่สำคัญคืออาบแล้วผิวไม่แห้งเหมือนถูกบำรุงไปในตัวด้วย 
     

เครื่องสำอางแบรนด์ CLARINS รุ่น Tonic Bath & Shower Concentrate Batch Code #0924068 ผลิตเมื่อช่วงเดือนพฤษภาคม 2019 เช่นเดียวกันค่ะ",4.96,477,93,0.64 hours,Thu Dec 24 2015 14:59:28 GMT+0000 (Coordinated Universal Time),15435,"[{""name"":""ขนาด"",""variations"":[""100 ml no box"",""200 ml กล่องซีล"",""30 ml*4 ชิ้น""]}]",https://shopee.co.th,Clarins(คาแรงส์),100630,False,,"[{""name"":""model"",""value"":""100 ml no box""}]",0,https://shopee.co.th/%E0%B8%9C%E0%B8%A5%E0%B8%B4%E0%B8%95%E0%B8%A0%E0%B8%B1%E0%B8%93%E0%B8%91%E0%B9%8C%E0%B8%AD%E0%B8%B2%E0%B8%9A%E0%B8%99%E0%B9%89%E0%B8%B3-cat.11044959.11045201.11046042,,,,
https://shopee.co.th/%E0%B8%A7%E0%B8%B4%E0%B8%97%E0%B8%A2%E0%B8%B2%E0%B8%A8%E0%B8%A3%E0%B8%A1-%E0%B8%A1%E0%B8%AB%E0%B8%B2%E0%B8%AB%E0%B8%B4%E0%B8%87%E0%B8%84%E0%B9%8C-%E0%B8%81%E0%B8%A5%E0%B8%B4%E0%B9%88%E0%B8%99%E0%B8%AB%E0%B8%AD%E0%B8%A1-%E0%B8%A5%E0%B8%94%E0%B8%AD%E0%B8%B2%E0%B8%81%E0%B8%B2%E0%B8%A3%E0%B8%97%E0%B9%89%E0%B8%AD%E0%B8%87%E0%B8%AD%E0%B8%B7%E0%B8%94-%E0%B9%81%E0%B8%9A%E0%B8%9A%E0%B8%A5%E0%B8%B9%E0%B8%81%E0%B8%81%E0%B8%A5%E0%B8%B4%E0%B9%89%E0%B8%87-%E0%B9%80%E0%B8%88%E0%B8%A5%E0%B8%AA%E0%B8%A1%E0%B8%B8%E0%B8%99%E0%B9%84%E0%B8%9E%E0%B8%A3-%E0%B9%83%E0%B8%8A%E0%B9%89%E0%B9%84%E0%B8%94%E0%B9%89%E0%B8%95%E0%B8%B1%E0%B9%89%E0%B8%87%E0%B9%81%E0%B8%95%E0%B9%88%E0%B9%80%E0%B8%94%E0%B9%87%E0%B8%81%E0%B9%81%E0%B8%A3%E0%B8%81%E0%B9%80%E0%B8%81%E0%B8%B4%E0%B8%94-%E0%B8%82%E0%B8%AD%E0%B8%87%E0%B9%83%E0%B8%AB%E0%B8%A1%E0%B9%88-i.106772427.21852511227?model_id=217331129022,21852511227,วิทยาศรม มหาหิงค์ กลิ่นหอม ลดอาการท้องอืด แบบลูกกลิ้ง เจลสมุนไพร ใช้ได้ตั้งแต่เด็กแรกเกิด ของใหม่,0,4.9,0,179.0,99.0,THB,,0,"[""https://down-th.img.susercontent.com/file/th-11134207-7r98o-lxxsnvtn4m33ab_tn"",""https://down-th.img.susercontent.com/file/th-11134207-7r991-ls5v0v84wwoe72_tn"",""https://down-th.img.susercontent.com/file/th-11134207-7r991-ls5v0v84yb8u42_tn"",""https://down-th.img.susercontent.com/file/th-11134207-7r98v-ls5var3rryyl54_tn"",""https://down-th.img.susercontent.com/file/3bbd4f4b9c6be8bf6e27d8805b064f11_tn"",""https://down-th.img.susercontent.com/file/th-11134207-7r98p-ls5var3rtdj16f_tn"",""https://down-th.img.susercontent.com/file/sg-11134201-22100-9m03annjgciv7f_tn"",""https://down-th.img.susercontent.com/file/0e69858eb6cbad7c017a82b2685c5b5c_tn""]",,เบบ███าสเ███201███,https://shopee.co.th/babypastelshop,"[""แม่และเด็ก"",""ผลิตภัณฑ์ดูแลสุขภาพเด็ก"",""สินค้าอื่นๆ""]","[{""name"":""คลัง"",""value"":""1553212""},{""name"":""สินค้า"",""value"":""Vidhyasom(วิทยาศรม)""},{""name"":""ประเภทการห่อ"",""value"":""ห่อรวมกัน""},{""name"":""อายุการเก็บรักษา"",""value"":""24 เดือน""},{""name"":""หมายเลขใบอนุญาต/อย."",""value"":""10-1-6200038246""},{""name"":""ส่งจาก"",""value"":""จังหวัดกรุงเทพมหานคร""}]","วิทยาศรม มหาหิงค์ กลิ่นหอม ลดอาการท้องอืดปวดท้อง แบบลูกกลิ้ง และแบบใหม่เจลสมุนไพร ใช้ได้ตั้งแต่เด็กแรกเกิด ของใหม่

วิทยาศรมมี 2 สูตร
1. มหาหิงค์ ลูกกลิ้งฝาสีนํ้าเงิน45G. เป็นสูตรดั้งเดิม นํ้าสีนํ้าตาล มีกลิ่นเป็นเอกลักษณ์ สกัดมาจากชันยางของต้นมหาหิงค์
2. Baby natural gel เป็นเจลสมุนไพรทางเลือกกลิ่นเปเปอร์มิ้น เป็นเจลสีขาว ไม่เปื้อนเสื้อผ้า

ของลอตใหม่ล่าสุด ใช้ได้อีกนาน",4.86,207,99,3.76 hours,Wed Nov 21 2018 10:56:29 GMT+0000 (Coordinated Universal Time),124449,"[{""name"":""ตัวเลือก"",""variations"":[""วิทยาศรม ลูกกลิ้ง"",""วิทยาศรม เจล"",""ปุ๋งปุ๋ง เจลลูกกลิ้ง"",""น้ำมันหอมแดงวิทยาศรม""]}]",https://shopee.co.th,Vidhyasom(วิทยาศรม),100632,False,,"[{""name"":""model"",""value"":""น้ำมันหอมแดงวิทยาศรม""}]",0,https://shopee.co.th/%E0%B8%AD%E0%B8%B7%E0%B9%88%E0%B8%99%E0%B9%86-cat.11044960.11045212.11046510,"[{""claimable"":false,""currency"":""THB"",""discount"":9,""discount_cap"":0,""discount_percentage"":0,""min_spend"":79900000,""shop_vouncher"":""เบบี้พาสเท็ล2019"",""special_condition"":null,""text_info"":""BABYSEP09"",""validity_end"":""2024-09-30T16:59:00.000Z"",""validity_start"":""2024-08-31T17:59:00.000Z""}]",,,
https://shopee.co.th/%E0%B8%94%E0%B8%B2%E0%B8%A3%E0%B9%8C%E0%B8%A5%E0%B8%B5%E0%B9%88-%E0%B8%A2%E0%B8%B2%E0%B8%AA%E0%B8%B5%E0%B8%9F%E0%B8%B1%E0%B8%99-%E0%B8%97%E0%B8%B5%E0%B9%81%E0%B8%84%E0%B8%A3%E0%B9%8C-%E0%B8%81%E0%B8%A3%E0%B8%B5%E0%B8%99%E0%B8%97%E0%B8%B5-160-%E0%B8%81%E0%B8%A3%E0%B8%B1%E0%B8%A1-[%E0%B9%81%E0%B8%9E%E0%B9%87%E0%B8%84%E0%B8%84%E0%B8%B9%E0%B9%88]-i.438282802.10606494462,10606494462,ดาร์ลี่ ยาสีฟัน ทีแคร์ กรีนที 160 กรัม [แพ็คคู่],0,4.9,0,99.0,89.0,THB,,0,"[""https://down-th.img.susercontent.com/file/th-11134207-7r98v-ltgg3wo6h0n337_tn"",""https://down-th.img.susercontent.com/file/th-11134201-7quky-lhn08goaocnn41_tn"",""https://down-th.img.susercontent.com/file/th-11134201-7qul0-lhn08gueff6rf5_tn"",""https://down-th.img.susercontent.com/file/th-11134201-7qul8-lhzudzpgdbqb09_tn"",""https://down-th.img.susercontent.com/file/th-11134201-7qul7-lhh4kfy1uexf73_tn"",""https://down-th.img.susercontent.com/file/th-11134201-7qul8-lhzudzqac3rne0_tn"",""https://down-th.img.susercontent.com/file/th-11134201-7quky-lhh4kf8svd7na6_tn""]",,Dar███ Of███ial█████████,https://shopee.co.th/darlie_officialshop,"[""กลุ่มผลิตภัณฑ์เพื่อสุขภาพ"",""ของใช้ส่วนตัว"",""ผลิตภัณฑ์ดูแลช่องปาก"",""ยาสีฟัน""]","[{""name"":""คลัง"",""value"":""189""},{""name"":""สินค้า"",""value"":""Darlie(ดาร์ลี่)""},{""name"":""ส่งจาก"",""value"":""จังหวัดสมุทรปราการ""}]","ยาสีฟันดาร์ลี่ ทีแคร์ กรีน ที

ยาสีฟันสูตรชาเขียวสกัดจากธรรมชาติ 



สูตรผสานสารยอดใบชาออร์แกนิค ที โพลีฟีนอลส์ ช่วยรักษาความสมดุลในช่องปาก pH Balance ป้องกันฟันผุและคราบพลัค เพื่อสุขภาพเหงือกและฟันแข็งแรง ลมหายใจหอมสดชื่น



- เสริมสร้างความแข็งแกร่งของเคลือบฟัน#

- ลมหายใจหอมสดชื่น

- ขจัดคราบพลัค+

- ป้องกันฟันผุ 

- สุขภาพฟันแข็งแรง



#สารเคลือบฟันแข็งแรงจากการกัดกร่อนของกรด

+เมื่อแปรงฟันอย่างถูกวิธี",4.91,70,98,0.15 hours,Thu May 06 2021 05:19:40 GMT+0000 (Coordinated Universal Time),115594,"[{""variations"":[null]}]",https://shopee.co.th,Darlie(ดาร์ลี่),100001,False,,"[{""name"":""model"",""value"":null}]",0,https://shopee.co.th/%E0%B8%94%E0%B8%B9%E0%B9%81%E0%B8%A5%E0%B8%8A%E0%B9%88%E0%B8%AD%E0%B8%87%E0%B8%9B%E0%B8%B2%E0%B8%81-cat.11044959.11045210.11046509,"[{""claimable"":false,""currency"":""THB"",""discount"":29,""discount_cap"":0,""discount_percentage"":0,""min_spend"":23900000,""shop_vouncher"":""Darlie Official Store"",""special_condition"":null,""text_info"":""DARLSP01"",""validity_end"":""2024-09-08T12:59:00.000Z"",""validity_start"":""2024-08-31T17:00:00.000Z""},{""claimable"":false,""currency"":""THB"",""discount"":59,""discount_cap"":0,""discount_percentage"":0,""min_spend"":39900000,""shop_vouncher"":""Darlie Official Store"",""special_condition"":null,""text_info"":""DARLSP02"",""validity_end"":""2024-09-08T12:59:00.000Z"",""validity_start"":""2024-08-31T17:00:00.000Z""},{""claimable"":false,""currency"":""THB"",""discount"":119,""discount_cap"":0,""discount_percentage"":0,""min_spend"":69900000,""shop_vouncher"":""Darlie Official Store"",""special_condition"":null,""text_info"":""DARLSP03"",""validity_end"":""2024-09-08T12:59:00.000Z"",""validity_start"":""2024-08-31T17:00:00.000Z""},{""claimable"":false,""currency"":""THB"",""discount"":null,""discount_cap"":99900000,""discount_percentage"":10,""min_spend"":119900000,""shop_vouncher"":""Darlie Official Store"",""special_condition"":null,""text_info"":""DARLSP04"",""validity_end"":""2024-09-08T12:59:00.000Z"",""validity_start"":""2024-08-31T17:00:00.000Z""}]",,,
"https://shopee.co.th/%E0%B8%99%E0%B8%B9-%E0%B8%AA%E0%B8%81%E0%B8%B4%E0%B8%99-%E0%B8%AD%E0%B8%B8%E0%B8%9B%E0%B8%81%E0%B8%A3%E0%B8%93%E0%B9%8C%E0%B8%AB%E0%B8%B1%E0%B8%A7%E0%B8%AA%E0%B8%B1%E0%B8%A1%E0%B8%9C%E0%B8%B1%E0%B8%AA-%E0%B9%80%E0%B8%AD%E0%B8%88%E0%B8%A5%E0%B9%87%E0%B8%AD%E0%B8%84-%E0%B8%A5%E0%B8%B9%E0%B8%A1%E0%B8%B4%E0%B8%AA%E0%B8%9B%E0%B8%B2-%E0%B9%84%E0%B8%AD%E0%B9%82%E0%B8%AD-%E0%B9%81%E0%B8%9A%E0%B8%9A%E0%B9%80%E0%B8%88%E0%B8%99%E0%B9%80%E0%B8%97%E0%B8%B4%E0%B8%A5,-Nu-Skin-ageLOC-LumiSpa-iO-Head---Gentle-i.376369546.6979455090",6979455090,"นู สกิน อุปกรณ์หัวสัมผัส เอจล็อค ลูมิสปา ไอโอ แบบเจนเทิล, Nu Skin ageLOC LumiSpa iO Head - Gentle",0,4.8,0,1250.0,1250.0,THB,,0,"[""https://down-th.img.susercontent.com/file/sg-11134201-22110-oz0jzm7o67jv5c_tn"",""https://down-th.img.susercontent.com/file/sg-11134201-22110-8ra5ao0o67jv56_tn"",""https://down-th.img.susercontent.com/file/sg-11134201-22110-1so15hcp67jv20_tn"",""https://down-th.img.susercontent.com/file/sg-11134201-22110-eqqx6zrd77jvbb_tn""]",,Nu ███n T███,https://shopee.co.th/nuskinth,"[""กลุ่มผลิตภัณฑ์เพื่อสุขภาพ"",""ของใช้ส่วนตัว"",""อุปกรณ์สำหรับนวดและกายภาพบำบัด""]","[{""name"":""คลัง"",""value"":""20""},{""name"":""สินค้า"",""value"":""Nu Skin""},{""name"":""ส่งจาก"",""value"":""จังหวัดสมุทรปราการ""}]","ผ่อนคลายง่ายๆใน 1 ขั้นตอน 2 นาที. ประโยชน์ในการดูแลผิว 7 ประการ
ageLOC LumiSpa iO Treatment Head ได้รับการพัฒนาโดยเฉพาะสำหรับใช้กับ ageLOC LumiSpa iO การเคลื่อนไหวแบบหมุนวนของศีรษะได้รับการออกแบบมาเพื่อทำงานร่วมกันกับ Activating Cleanser เพื่อเพิ่มประสิทธิภาพการกระจายตัวของส่วนผสมต่อต้านริ้วรอยสู่ผิวในขณะที่ทำความสะอาดและผลัดเซลล์ผิวเพื่อส่งเสริมผิวที่แข็งแรงและดูอ่อนเยาว์
หัวทรีตเมนต์ Gentle เป็นตัวเลือกที่อ่อนโยนที่สุดและเหมาะสำหรับผู้ที่มีผิวบอบบางหรือเป็นสิวง่าย
การใช้งาน
ขอแนะนำให้คุณเปลี่ยนหัวทรีตเมนต์ทุกๆสามเดือนเพื่อให้แน่ใจว่าผิวของคุณจะได้รับประโยชน์สูงสุดอย่างสม่ำเสมอ

เฉพาะหัวสัมผัส จำนวน 1 ชิ้น (ไม่รวมตัวเครื่อง)

Simple Indulgences in 1 step. 2 minutes. 7 skincare benefits. 
The ageLOC LumiSpa iO Treatment Head is developed specifically for use with ageLOC LumiSpa iO. The counter-rotating motion of the head is designed to work synergistically with the Activating Cleanser  to optimize distribution of anti-aging ingredients onto the skin while cleansing and exfoliating to promote healthy, youthful looking skin.
The Gentle treatment head is the gentlest choice and is great for those with sensitive or blemish-prone skin.
Usage
It is recommended that you replace your Treatment Head every three months to ensure your skin will receive optimal benefits on a consistent basis.",4.9,104,50,2.41 hours,Thu Jan 21 2021 04:15:50 GMT+0000 (Coordinated Universal Time),2819,"[{""name"":""LumiSpa iO"",""variations"":[""Head - Gentle""]}]",https://shopee.co.th,Nu Skin,100001,False,,"[{""name"":""model"",""value"":""Head - Gentle""}]",0,https://shopee.co.th/%E0%B8%AD%E0%B8%B8%E0%B8%9B%E0%B8%81%E0%B8%A3%E0%B8%93%E0%B9%8C%E0%B8%99%E0%B8%A7%E0%B8%94%E0%B9%81%E0%B8%A5%E0%B8%B0%E0%B8%9A%E0%B8%B3%E0%B8%9A%E0%B8%B1%E0%B8%94-cat.11044942.11045039.11045291,,,,
https://shopee.co.th/(STW306)%E0%B8%9B%E0%B8%A3%E0%B8%B0%E0%B9%81%E0%B8%88%E0%B8%9B%E0%B8%AD%E0%B8%99%E0%B8%94%E0%B9%8C%E0%B8%94%E0%B8%B4%E0%B8%88%E0%B8%B4%E0%B8%95%E0%B8%AD%E0%B8%A5-1/2%22Sq-Drive-%E0%B8%9E%E0%B8%A3%E0%B9%89%E0%B8%AD%E0%B8%A1%E0%B9%83%E0%B8%9A-Certificate-SEALEY-(Made-in-UK)-i.53465451.9932276850,9932276850,"(STW306)ประแจปอนด์ดิจิตอล 1/2""Sq Drive พร้อมใบ Certificate SEALEY (Made in UK)",0,0.0,0,14038.0,14038.0,THB,0.0,0,"[""https://down-th.img.susercontent.com/file/ee3d0b084475c297d1044e1b5c7f0b0a_tn"",""https://down-th.img.susercontent.com/file/7d7ef16bd35f522525c547421269d51a_tn"",""https://down-th.img.susercontent.com/file/efb62d377f7cf02293f1541998a294d5_tn""]",,บริ███ ไท███ฒนส█████████็ง)███,https://shopee.co.th/(STW306)%E0%B8%9B%E0%B8%A3%E0%B8%B0%E0%B9%81%E0%B8%88%E0%B8%9B%E0%B8%AD%E0%B8%99%E0%B8%94%E0%B9%8C%E0%B8%94%E0%B8%B4%E0%B8%88%E0%B8%B4%E0%B8%95%E0%B8%AD%E0%B8%A5-1/thaiphatanasin_chinseng,"[""เครื่องใช้ในบ้าน"",""เครื่องมือและอุปกรณ์ปรับปรุงบ้าน"",""เครื่องมือช่าง"",""ประแจ""]","[{""name"":""ส่งจาก"",""value"":""จังหวัดกรุงเทพมหานคร""}]","Drive 	
	- 1/2""
Range	
	- Nm 20-200
	- lb-ft 14.7-147.5
	- lb.in 176.5-1770
	- kg.m 2-20.4
Length
	- 610mm
Angle Rangez 	
	- 360°
Battery 			
	- 4 x AAA (supplied)

• One of a comprehensive range of Premier Hand Tools, suitable for daily professional use.
• Rugged and resilient digital torque wrench suitable for workshop and factory use.
• LCD read-out with LED, vibration and audible alarms to indicate achieved and target torque levels.
• Features angle mode, eliminating the need for angle gauges and protractors providing an accurate and fast way to measure torque plus angle tightening sequences.
• Will also accumulate angle measurement when multiple turns are required, ideal for use where access is limited.
• Selectable track or peak modes and up to five user preset memories available.
• Read-outs in Nm, lb.in, lb.ft, kgf.m or degrees.
• Reversible Chrome Vanadium 72-tooth ratchet allows torque reading in either direction.
• Accurate to ±2% wrench’s stated capacity.
• Supplied with test certificate and storage case.
",4.78,427,84,0.73 hours,Mon Jan 22 2018 06:29:03 GMT+0000 (Coordinated Universal Time),457,"[{""variations"":[null]}]",https://shopee.co.th,,100636,False,,"[{""name"":""model"",""value"":null}]",0,https://shopee.co.th/%E0%B8%AD%E0%B8%B8%E0%B8%9B%E0%B8%81%E0%B8%A3%E0%B8%93%E0%B9%8C%E0%B9%80%E0%B8%84%E0%B8%A3%E0%B8%B7%E0%B9%88%E0%B8%AD%E0%B8%87%E0%B8%A1%E0%B8%B7%E0%B8%AD%E0%B8%8A%E0%B9%88%E0%B8%B2%E0%B8%87-cat.11044956.11045181.11045839,,,,
https://shopee.co.th/%E0%B9%80%E0%B8%AA%E0%B8%B7%E0%B9%89%E0%B8%AD%E0%B8%A2%E0%B8%B7%E0%B8%94%E0%B8%A1%E0%B8%B7%E0%B8%AD%E0%B8%AA%E0%B8%AD%E0%B8%87-ANTI-SOCIAL--SOCIAL--CLUB-i.890428663.22821194485?model_id=167746455157,22821194485,เสื้อยืดมือสอง ANTI SOCIAL  SOCIAL  CLUB,0,0.0,0,211.0,211.0,THB,,0,"[""https://down-th.img.susercontent.com/file/th-11134207-7qul0-lj3ocpdb8p9k3b_tn"",""https://down-th.img.susercontent.com/file/th-11134207-7qul9-lj3ocpdba3u00a_tn"",""https://down-th.img.susercontent.com/file/th-11134207-7qul7-lj3ocpdbh4o871_tn"",""https://down-th.img.susercontent.com/file/th-11134207-7qul7-lj3ocpdbbieg5a_tn"",""https://down-th.img.susercontent.com/file/th-11134207-7qul4-lj3ocpdbcwywa0_tn"",""https://down-th.img.susercontent.com/file/th-11134207-7qukx-lj3ocpdbebjcd0_tn"",""https://down-th.img.susercontent.com/file/th-11134207-7qula-lj3ocpdbfq3sb7_tn""]",,3pz███yw6███,https://shopee.co.th/3pzuelyw6i,"[""เสื้อผ้าผู้ชาย"",""เสื้อ"",""เสื้อยืด""]","[{""name"":""คลัง"",""value"":""15968""},{""name"":""ความยาวของแขนเสื้อ"",""value"":""แขนสั้น""},{""name"":""ทรงคอเสื้อ"",""value"":""คอกลม""},{""name"":""ลวดลาย"",""value"":""ลายพิมพ์""},{""name"":""ส่งจาก"",""value"":""จังหวัดกรุงเทพมหานคร""}]","Size: S-5XL
Please refer the size chart for details
ขนาด: S - 5 XL
โปรดอ้างอิงแผนภูมิขนาดสำหรับรายละเอียด

👕Size S อก 34.6"" ยาว 25.6""
👕Size M อก 36.2"" ยาว 26""
👕Size L อก 37.8"" ยาว 26.4""
👕Size XL อก 39.4"" ยาว 26.8""
👕Size XXL อก 40.9"" ยาว 27.2""
👕Size 3XL อก 42.5"" ยาว 27.6""
👕Size 4XL อก 44.5"" ยาว 28""
👕Size 5XL อก 46.5"" ยาว 28.3""
ขนาดไซส์ +-1ถึง2 นิ้ว*****
",3.45,50,57,,Wed Oct 26 2022 12:28:07 GMT+0000 (Coordinated Universal Time),21,"[{""name"":""Color"",""variations"":[""Black"",""White""]},{""name"":""Size"",""variations"":[""S"",""M"",""L"",""XL"",""2XL"",""3XL"",""4XL"",""5XL""]}]",https://shopee.co.th,,100011,False,,"[{""name"":""model"",""value"":""Black,3XL""}]",0,https://shopee.co.th/%E0%B9%80%E0%B8%AA%E0%B8%B7%E0%B9%89%E0%B8%AD%E0%B8%A2%E0%B8%B7%E0%B8%94%E0%B8%AA%E0%B8%81%E0%B8%A3%E0%B8%B5%E0%B8%99%E0%B8%95%E0%B8%B1%E0%B8%A7%E0%B8%AB%E0%B8%99%E0%B8%B1%E0%B8%87%E0%B8%AA%E0%B8%B7%E0%B8%AD-cat.11044945.11045067.11045424,,,,
https://shopee.co.th/(%E0%B8%A5%E0%B8%B9%E0%B8%81%E0%B8%84%E0%B9%89%E0%B8%B2%E0%B9%83%E0%B8%AB%E0%B8%A1%E0%B9%88-1-%E0%B8%9A%E0%B8%B2%E0%B8%97)%E0%B9%80%E0%B8%AA%E0%B8%B7%E0%B9%89%E0%B8%AD%E0%B8%A2%E0%B8%B7%E0%B8%94+%E0%B8%81%E0%B8%B2%E0%B8%87%E0%B9%80%E0%B8%81%E0%B8%87%E0%B8%82%E0%B8%B2%E0%B8%AA%E0%B8%B1%E0%B9%89%E0%B8%99-%E0%B8%9C%E0%B9%89%E0%B8%B2%E0%B9%80%E0%B8%9A%E0%B8%B2-%E0%B9%84%E0%B8%A1%E0%B9%88%E0%B8%AB%E0%B8%94-%E0%B9%84%E0%B8%A1%E0%B9%88%E0%B8%A2%E0%B9%89%E0%B8%A7%E0%B8%A2-%E0%B9%80%E0%B8%AA%E0%B8%B7%E0%B9%89%E0%B8%AD%E0%B8%A2%E0%B8%B7%E0%B8%94%E0%B8%84%E0%B8%AD%E0%B8%81%E0%B8%A5%E0%B8%A1%E0%B8%AA%E0%B8%B5%E0%B8%9E%E0%B8%B7%E0%B9%89%E0%B8%99-%E0%B8%8A%E0%B8%B8%E0%B8%94%E0%B8%81%E0%B8%B5%E0%B8%AC%E0%B8%B2%E0%B8%9C%E0%B8%B9%E0%B9%89%E0%B8%8A%E0%B8%B2%E0%B8%A2-%E0%B8%8A%E0%B8%B8%E0%B8%94-i.291462510.10782047527?model_id=114914950634,10782047527,(ลูกค้าใหม่ 1 บาท)เสื้อยืด+กางเกงขาสั้น ผ้าเบา ไม่หด ไม่ย้วย เสื้อยืดคอกลมสีพื้น ชุดกีฬาผู้ชาย ชุด,0,4.3,0,488.0,169.0,THB,,0,"[""https://down-th.img.susercontent.com/file/94f8af0358239676d0a68ec7fe28907c_tn"",""https://down-th.img.susercontent.com/file/fa8523ddec6e55ab5e1523d4f75c519d_tn"",""https://down-th.img.susercontent.com/file/c1f174c7b5c9c3eb9bc8a37e3ce065d0_tn"",""https://down-th.img.susercontent.com/file/17c13bcab586e1ef1035ba1a305b5d6b_tn"",""https://down-th.img.susercontent.com/file/c512529833e5133e5ec4d17b6c090fb4_tn"",""https://down-th.img.susercontent.com/file/0571135cb31bea8268fc509f0941d72f_tn""]",,(FU███ SH███,https://shopee.co.th/fufu8088,"[""เสื้อผ้าผู้ชาย"",""ชุดเซ็ต""]","[{""name"":""คลัง"",""value"":""7995""},{""name"":""ฤดูกาล"",""value"":""ฤดูร้อน""},{""name"":""ประเทศต้นกำเนิดสินค้า"",""value"":""ไทย""},{""name"":""วัสดุ"",""value"":""ฝ้าย""},{""name"":""ลวดลาย"",""value"":""ตาหมากรุก / ลายสก๊อต, ลายดอกไม้, อื่นๆ, เรียบๆ, ลายจุด""},{""name"":""ทรงคอเสื้อ"",""value"":""คอกลม""},{""name"":""ส่งจาก"",""value"":""จังหวัดกรุงเทพมหานคร""}]",✅【สินค้าทั้งหมดมีพร้อมส่งทุกชิ้น】【เราจัดส่งภายใน 24 ชั่วโมง ส่งสินค้าทุกวันไม่เว้นวันหยุด】【ลูกค้าในกรุงเทพรอรับสินค้า1-2วัน ต่างจังหวัด2-3วัน】【ทางร้านมีการตรวจสภาพสินค้าก่อนจัดส่งทุกชิ้น,4.35,23,78,5.07 hours,Sat Aug 01 2020 12:07:24 GMT+0000 (Coordinated Universal Time),11143,"[{""name"":""COLOUR"",""variations"":[""Black(D)"",""White(D)"",""Yellow(D)"",""Grey(D)""]},{""name"":""SIZW"",""variations"":[""M"",""L"",""XL"",""2XL"",""3XL"",""4XL""]}]",https://shopee.co.th,,100011,False,,"[{""name"":""model"",""value"":""White(D),4XL""}]",0,https://shopee.co.th/%E0%B8%AD%E0%B8%B7%E0%B9%88%E0%B8%99%E0%B9%86-cat.11044945.11045011,,,,
https://shopee.co.th/Magnolia-Ginkgo-Choc-X2-(96-Pcs.)-i.623656300.16945356445,16945356445,Magnolia Ginkgo Choc X2 (96 Pcs.),0,4.8,0,1200.0,1020.0,THB,,0,"[""https://down-th.img.susercontent.com/file/ea786c41f100aeb4d3322a2da8f782d9_tn"",""https://down-th.img.susercontent.com/file/781c74a7e1f2bc8c0ad1a91acc4c9c80_tn"",""https://down-th.img.susercontent.com/file/9712f69449190d483256a1e5d5285f00_tn"",""https://down-th.img.susercontent.com/file/e8fbe0e61d7813d0cdce03811034f267_tn"",""https://down-th.img.susercontent.com/file/cdc3a74db16170551a0fc40aff3a071a_tn""]",,F&N███iri███,https://shopee.co.th/fndairies_officialstore,"[""อาหารและเครื่องดื่ม"",""ผลิตภัณฑ์นม เนย และไข่"",""นม"",""นม UHT""]","[{""name"":""คลัง"",""value"":""5""},{""name"":""สินค้า"",""value"":""Magnolia(แมกโนเลีย)\t""},{""name"":""ส่งจาก"",""value"":""จังหวัดสมุทรปราการ""}]","""นมปรุงแต่งยูเอชทีรสช็อกโกแลต สูตรผสมสารสกัดจากใบแปะก๊วย (ตราแมกโนเลีย พลัส) รสชาติอร่อย หอมมัน เข้มข้น ไม่คาว ได้รับเครื่องหมายทางเลือกสุขภาพ (Heathier Choice) มีกิงโกะ (สารสกัดจากใบแปะก๊วยสูงถึง 2,700 ไมโครกรัม) และวิตามินบี 12 สูงถึง 35% ที่มีส่วนช่วยในการบำรุงประสาทและสมอง แคลเซียมสูง 30% ช่วยในการบำรุงกระดูกและฟันให้แข็งแรง""",4.9,74,100,0.16 hours,Mon Dec 13 2021 04:02:33 GMT+0000 (Coordinated Universal Time),38186,"[{""variations"":[null]}]",https://shopee.co.th,Magnolia(แมกโนเลีย)	,100629,False,,"[{""name"":""model"",""value"":null}]",0,https://shopee.co.th/%E0%B8%99%E0%B8%A1%E0%B8%A2%E0%B8%B9%E0%B9%80%E0%B8%AD%E0%B8%8A%E0%B8%97%E0%B8%B5-(UHT)-cat.11044960.11045222.11046142,,,,
https://shopee.co.th/%E2%9C%B7%E3%80%90%F0%9F%9A%9A%E0%B8%9E%E0%B8%A3%E0%B9%89%E0%B8%AD%E0%B8%A1%E0%B8%AA%E0%B9%88%E0%B8%87%E3%80%91CLARINS-Double-Serum-Complete-Age-Control-50ml-i.761734931.10394878435?model_id=162476377334,10394878435,✷【🚚พร้อมส่ง】CLARINS Double Serum Complete Age Control 50ml,0,0.0,0,1280.0,1280.0,THB,,0,"[""https://down-th.img.susercontent.com/file/831c4ea13bd7f49ab2a03be30283bdb1_tn"",""https://down-th.img.susercontent.com/file/f2e137c5dfbabab335683cb33ab752dc_tn"",""https://down-th.img.susercontent.com/file/9ab672cf4569dd30c21362d0f1603b8c_tn"",""https://down-th.img.susercontent.com/file/80c2706a45c868b87ca0651daa178587_tn"",""https://down-th.img.susercontent.com/file/5e8dcbec0d43ef2a457b86d56e8e0a40_tn"",""https://down-th.img.susercontent.com/file/135991e0b13e73b3fce55ce7cf7b8ebf_tn"",""https://down-th.img.susercontent.com/file/a33fe5b383562b8a860046a9f77d029a_tn""]",,uav███bpl███,https://shopee.co.th/uavuf4bplb,"[""ผลิตภัณฑ์บำรุงและเสริมความงาม"",""ผลิตภัณฑ์บำรุงบริเวณใบหน้า"",""เซรั่มบำรุงผิวหน้า & น้ำตบ""]","[{""name"":""คลัง"",""value"":""100""},{""name"":""ส่งจาก"",""value"":""จังหวัดชัยภูมิ""}]","CLARINS Double Serum Complete Age Control 50ml 
รายละเอียด:
Clarins Double Serum [ระบบ Hydric   Lipidic] ควบคุมความเข้มข้นของอายุอย่างสมบูรณ์มีคุณสมบัติดังต่อไปนี้:
- ผสมด้วยสารสกัดขมิ้นที่มีศักยภาพและสารสกัดจากพืชต่อต้านริ้วรอย 20 ชนิดช่วยลดสัญญาณของริ้วรอยอย่างเห็นได้ชัด
- อัตราส่วนทองคำของน้ำ   น้ำมันช่วยเพิ่มสกิน 5 ฟังก์ชั่นที่สำคัญ: การฟื้นฟูโภชนาการการป้องกันออกซิเจนและความชุ่มชื้น
- เนื้อบางเบาและซึมลงสู่ผิวได้ทันทีโดยไม่ทิ้งความมัน
- เนื้อบางเบาได้รับการตอบรับอย่างดีจากผู้หญิงเอเชีย
- ผลหลังจาก 7 วัน: ผิวกระจ่างใสทันทีลดรูขุมขนและปรับริ้วรอยผิวดูอ่อนเยาว์อย่างเห็นได้ชัด
- เหมาะสำหรับทุกสภาพผิว

วิธีใช้:
หมุนปุ่มหมุนเพื่อเลือกขนาดที่ถูกต้องตามความต้องการของผิวของคุณแล้วกดปั๊ม ผสมทั้งสองเฟสไว้ในฝ่ามือของคุณ ใช้ตอนเช้าและ / หรือเย็นบนใบหน้าและลำคอ ตามด้วยการดูแลผิวปกติของคุณ
#CLARINS #Double #Serum #Hydric #Lipidic #Skincare #Anti-Age #AgeControl",0.0,769,57,,Sun May 01 2022 20:36:20 GMT+0000 (Coordinated Universal Time),0,"[{""name"":""Variation"",""variations"":[""50ml บรรจุภัณฑ์ปกติ"",""50ml×2"",""50ml with gift box""]}]",https://shopee.co.th,,100630,False,,"[{""name"":""model"",""value"":""50ml บรรจุภัณฑ์ปกติ""}]",0,https://shopee.co.th/%E0%B8%97%E0%B8%A3%E0%B8%B5%E0%B8%97%E0%B9%80%E0%B8%A1%E0%B9%89%E0%B8%99%E0%B8%97%E0%B9%8C-%E0%B9%80%E0%B8%8B%E0%B8%A3%E0%B8%B1%E0%B9%88%E0%B8%A1-cat.11044959.11045204.11046060,,,,
https://shopee.co.th/Anmum-%E0%B9%81%E0%B8%AD%E0%B8%99%E0%B8%A1%E0%B8%B1%E0%B8%A1-%E0%B8%A1%E0%B8%B2%E0%B9%80%E0%B8%97%E0%B8%AD%E0%B8%A3%E0%B9%8C%E0%B8%99%E0%B9%88%E0%B8%B2-%E0%B8%99%E0%B8%A1%E0%B8%81%E0%B8%A5%E0%B9%88%E0%B8%AD%E0%B8%87%E0%B8%A2%E0%B8%B9%E0%B9%80%E0%B8%AD%E0%B8%8A%E0%B8%97%E0%B8%B5%E0%B8%AA%E0%B8%B3%E0%B8%AB%E0%B8%A3%E0%B8%B1%E0%B8%9A%E0%B8%84%E0%B8%99%E0%B8%97%E0%B9%89%E0%B8%AD%E0%B8%87-%E0%B8%84%E0%B8%B8%E0%B8%93%E0%B9%81%E0%B8%A1%E0%B9%88%E0%B8%95%E0%B8%B1%E0%B9%89%E0%B8%87%E0%B8%84%E0%B8%A3%E0%B8%A3%E0%B8%A0%E0%B9%8C-%E0%B8%A3%E0%B8%AA%E0%B8%88%E0%B8%B7%E0%B8%94-%E0%B9%81%E0%B8%9E%E0%B9%87%E0%B8%84-12-(12-%E0%B8%81%E0%B8%A5%E0%B9%88%E0%B8%AD%E0%B8%87):%E0%B8%88%E0%B8%B7%E0%B8%94--%E0%B8%9B%E0%B8%A3%E0%B8%B4%E0%B8%A1%E0%B8%B2%E0%B8%93-180%E0%B8%A1%E0%B8%A5-i.125810160.9987019690,9987019690,Anmum แอนมัม มาเทอร์น่า นมกล่องยูเอชทีสำหรับคนท้อง คุณแม่ตั้งครรภ์ รสจืด แพ็ค 12 (12 กล่อง):จืด  ปริมาณ 180มล,0,4.8,0,220.0,220.0,THB,,0,"[""https://down-th.img.susercontent.com/file/th-11134207-23020-c2svjs3tsbnv29_tn"",""https://down-th.img.susercontent.com/file/291da19a2e2b383010dafac23597d57e_tn"",""https://down-th.img.susercontent.com/file/0120e02af625b09051bd989e4f924a0d_tn""]",,Fon███ra ███ici█████████,https://shopee.co.th/fonterra_official_store,"[""แม่และเด็ก"",""ผลิตภัณฑ์ดูแลสุขภาพคุณแม่"",""นมสำหรับคุณแม่""]","[{""name"":""คลัง"",""value"":""323""},{""name"":""สินค้า"",""value"":""Anmum""},{""name"":""ส่งจาก"",""value"":""จังหวัดสมุทรปราการ""}]","""""""แอนมัม มาเทอร์น่า นมยูเอชทีสำหรับสตรีมีครรภ์และสตรีให้นมบุตร

ส่วนประกอบหลัก
น้ำนมโค นมผงขาดมันเนย บัตเตอร์มิลค์ผง วิตามินและเกลือแร่ ใยอาหารจากธรรมชาติ น้ำมันคาโนล่า น้ำมันถั่วเหลือง อิมัลซิไฟออร์ 
ข้อมูลสำหรับผู้แพ้อาหาร มีลซิตินจากถั่วเหลือง""
FDA 30-1-10244-1-0050

หมดอายุหลังจากวันผลิต 6 เดือน",4.88,189,97,1.06 hours,Mon Feb 11 2019 07:03:08 GMT+0000 (Coordinated Universal Time),169504,"[{""name"":""รส"",""variations"":[""จืด""]}]",https://shopee.co.th,Anmum,100632,False,,"[{""name"":""model"",""value"":""จืด""}]",0,https://shopee.co.th/%E0%B8%99%E0%B8%A1%E0%B8%AA%E0%B8%B3%E0%B8%AB%E0%B8%A3%E0%B8%B1%E0%B8%9A%E0%B8%84%E0%B8%B8%E0%B8%93%E0%B9%81%E0%B8%A1%E0%B9%88-cat.11044960.11045228.11046168,"[{""claimable"":false,""currency"":""THB"",""discount"":null,""discount_cap"":5000000,""discount_percentage"":12,""min_spend"":29900000,""shop_vouncher"":""Fonterra Official Store"",""special_condition"":null,""text_info"":""FONTNBYM9"",""validity_end"":""2024-09-30T16:59:59.000Z"",""validity_start"":""2024-08-31T17:00:00.000Z""}]",,,
"https://shopee.co.th/%E2%98%8C%E0%B8%99%E0%B8%B9-%E0%B8%AA%E0%B8%81%E0%B8%B4%E0%B8%99-%E0%B9%80%E0%B8%AD%E0%B8%88%E0%B8%A5%E0%B9%87%E0%B8%AD%E0%B8%84-%E0%B8%A5%E0%B8%B9%E0%B8%A1%E0%B8%B4%E0%B8%AA%E0%B8%9B%E0%B8%B2-%E0%B9%81%E0%B8%AD%E0%B8%84%E0%B8%95%E0%B8%B4%E0%B9%80%E0%B8%A7%E0%B8%95%E0%B8%B4%E0%B9%89%E0%B8%87-%E0%B8%84%E0%B8%A5%E0%B8%B5%E0%B8%99%E0%B9%80%E0%B8%8B%E0%B8%AD%E0%B8%A3%E0%B9%8C-(%E0%B8%AA%E0%B8%B3%E0%B8%AB%E0%B8%A3%E0%B8%B1%E0%B8%9A%E0%B8%9C%E0%B8%B4%E0%B8%A7%E0%B9%81%E0%B8%AB%E0%B9%89%E0%B8%87),-Nu-Skin-ageLOC%C2%AE-LumiSpa%C2%AE-Activating-Cleanser-(Dry)-i.771792439.15784340386",15784340386,"☌นู สกิน เอจล็อค ลูมิสปา แอคติเวติ้ง คลีนเซอร์ (สำหรับผิวแห้ง), Nu Skin ageLOC® LumiSpa® Activating Cleanser (Dry)",0,0.0,0,907.0,907.0,THB,,0,"[""https://down-th.img.susercontent.com/file/ccea593d193842f6aa98a0a032916e1f_tn"",""https://down-th.img.susercontent.com/file/b1fe40a1407be10c27c53ccdb9a816e9_tn"",""https://down-th.img.susercontent.com/file/0a147bc59c9d4a2bd523c32a844e48f7_tn"",""https://down-th.img.susercontent.com/file/4a0f7b0473c9333cb69841bb347a14ed_tn"",""https://down-th.img.susercontent.com/file/daa4ecf8196e177f1b7e810a1c042a58_tn""]",,yge███oo3███,https://shopee.co.th/ygem8too3c,"[""ผลิตภัณฑ์บำรุงและเสริมความงาม"",""ผลิตภัณฑ์บำรุงบริเวณใบหน้า"",""ผลิตภัณฑ์ทำความสะอาดใบหน้า""]","[{""name"":""คลัง"",""value"":""9""},{""name"":""ส่งจาก"",""value"":""จังหวัดชลบุรี""}]","ผ่อนคลายง่ายๆใน 1 ขั้นตอน 2 นาที. ประโยชน์ในการดูแลผิว 7 ประการ
ageLOC LumiSpa Activating Cleanser Dry เป็นสูตรที่ใช้ส่วนผสม ageLOC อันเป็นลิขสิทธิ์เฉพาะของนูสกินเพื่อปลอบประโลมผิวและปกป้องและรักษาความชุ่มชื้นของผิวตามธรรมชาติ ออกแบบมาอย่างเหมาะสมสำหรับ LumiSpa Activating Cleanser ได้รับการพิสูจน์แล้วว่าช่วยเพิ่มประสิทธิภาพในการทำความสะอาดและทำความสะอาดผิวของอุปกรณ์ให้สูงสุดเผยให้เห็นผิวที่มีสุขภาพดีสดใสและดูอ่อนเยาว์เพียงใช้เวลาสองนาทีวันละสองครั้งเพื่อเพลิดเพลินกับผิวที่มีสุขภาพดีและดูอ่อนเยาว์ในสองอย่าง สัปดาห์.
ปริมาณ 100 มล.
จำนวน 1 หลอด

Simple Indulgences in 1 step. 2 minutes. 7 skincare benefits. 
ageLOC LumiSpa Activating Cleanser Dry is formulated using Nu Skin's proprietary ageLOC ingredient blend to soothe the skin and to protect and maintain the skin's natural moisture. Optimally designed for LumiSpa, the Activating Cleanser is proven to maximize the skin perfecting and cleansing benefits of the device - revealing healthy, bright, youthful looking skin.Simply spend two minutes twice a day to enjoy healthier, youthful looking skin in as little as two weeks.",0.0,450,57,,Sat May 14 2022 21:47:03 GMT+0000 (Coordinated Universal Time),1,"[{""name"":""Variation"",""variations"":[""Cleanser (Dry)""]}]",https://shopee.co.th,,100630,False,,"[{""name"":""model"",""value"":""Cleanser (Dry)""}]",0,https://shopee.co.th/%E0%B8%97%E0%B8%B3%E0%B8%84%E0%B8%A7%E0%B8%B2%E0%B8%A1%E0%B8%AA%E0%B8%B0%E0%B8%AD%E0%B8%B2%E0%B8%94%E0%B8%9C%E0%B8%B4%E0%B8%A7%E0%B8%AB%E0%B8%99%E0%B9%89%E0%B8%B2-cat.11044959.11045204.11046059,,,,
https://shopee.co.th/%E0%B8%81%E0%B8%B2%E0%B8%87%E0%B9%80%E0%B8%81%E0%B8%87%E0%B8%82%E0%B8%B2%E0%B8%A2%E0%B8%B2%E0%B8%A7-VANQUISH-?model_id=90566878495#13-/-Gym-Fashion-%E0%B8%9C%E0%B9%89%E0%B8%B2%E0%B8%84%E0%B8%AD%E0%B8%95%E0%B8%95%E0%B8%AD%E0%B8%99%E0%B8%9C%E0%B8%AA%E0%B8%A1%E0%B9%82%E0%B8%9E%E0%B8%A5%E0%B8%B5%E0%B8%AF-%E0%B8%97%E0%B8%A3%E0%B8%87%E0%B8%AA%E0%B8%A7%E0%B8%A2%E0%B9%83%E0%B8%AA%E0%B9%88%E0%B9%81%E0%B8%A5%E0%B9%89%E0%B8%A7%E0%B8%82%E0%B8%B2%E0%B8%94%E0%B8%B9%E0%B8%A2%E0%B8%B2%E0%B8%A7-%E0%B9%83%E0%B8%AA%E0%B9%88%E0%B9%84%E0%B8%94%E0%B9%89%E0%B8%97%E0%B8%B1%E0%B9%89%E0%B8%87%E0%B8%A2%E0%B8%B4%E0%B8%A1%E0%B9%81%E0%B8%A5%E0%B8%B0%E0%B9%80%E0%B8%97%E0%B8%B5%E0%B9%88%E0%B8%A2%E0%B8%A7%E0%B8%9C%E0%B9%89%E0%B8%B2%E0%B8%99%E0%B8%B4%E0%B9%88%E0%B8%A1%E0%B9%83%E0%B8%AA%E0%B9%88%E0%B8%AA%E0%B8%9A%E0%B8%B2%E0%B8%A2%E0%B9%84%E0%B8%A1%E0%B9%88%E0%B8%84%E0%B8%B1%E0%B8%99-i.262988516.8207571137,8207571137,กางเกงขายาว VANQUISH #13 / Gym Fashion ผ้าคอตตอนผสมโพลีฯ ทรงสวยใส่แล้วขาดูยาว ใส่ได้ทั้งยิมและเที่ยวผ้านิ่มใส่สบายไม่คัน,0,5.0,0,550.0,550.0,THB,,0,"[""https://down-th.img.susercontent.com/file/th-11134207-7r98q-loi7dwfhg3hg8a_tn"",""https://down-th.img.susercontent.com/file/th-11134207-7r992-loi7dwfhhi1w5a_tn"",""https://down-th.img.susercontent.com/file/th-11134207-7r98w-loi7dwfhzra7e2_tn"",""https://down-th.img.susercontent.com/file/th-11134207-7r98x-loi7dwfi15un75_tn"",""https://down-th.img.susercontent.com/file/th-11134207-7r992-loi7dwfi2kf3ae_tn"",""https://down-th.img.susercontent.com/file/th-11134207-7r98t-loi7dwfi3yzj5c_tn"",""https://down-th.img.susercontent.com/file/5dcec1cac064a02a5da7c5d6c6c94001_tn"",""https://down-th.img.susercontent.com/file/8c7d058426ab60ad6ca1715c545d5c03_tn"",""https://down-th.img.susercontent.com/file/2e8eef9867812ff4d8c6dc43a160a6fd_tn""]",,MR.███YFI███เสื█████████ำเข███,https://shopee.co.th/mrbodyfit,"[""เสื้อผ้าผู้ชาย"",""กางเกงขายาว"",""กางเกงขายาว""]","[{""name"":""คลัง"",""value"":""1999""},{""name"":""ความยาวของกางเกง"",""value"":""เต็มความยาว""},{""name"":""วัสดุ"",""value"":""ฝ้าย""},{""name"":""ลวดลาย"",""value"":""ลายพิมพ์""},{""name"":""ประเภทของกางเกง"",""value"":""ขากระบอกเล็ก""},{""name"":""ส่งจาก"",""value"":""จังหวัดเชียงใหม่""}]","** สินค้านำเข้า รอของประมาณ 2-3 สัปดาห์ หลังทำการสั่งซื้อ **
** งดยกเลิกออเดอร์ ทุกกรณี!!! **

กางเกงขายาว VANQUISH #13 เป็นผ้าคอตตอนผสมโพลีเอสเตอร์
ผ้านิ่มใส่สบายไม่คันเวลาเหงื่อออกครับ และผ้าระบายเหงื่อได้ดีไม่เหม็นอับครับ
 
มี 4 สี สีดำ, สีเทา, สีน้ำเงินกรม, สีกากี
Size M : รอบเอว 28""-32"" / ยาว 96 ซม.
Size L : รอบเอว 30""-34"" / ยาว 98 ซม.
Size XL : รอบเอว 32""-36"" / ยาว 100 ซม.
Size XXL : รอบเอว 34""-38"" / ยาว 102 ซม.

*****************************************
▲ ปล.รบกวนคุณลูกค้าดูขนาดไซส์ และสีก่อนทำการสั่งซื้อสินค้า
▲ หากสั่งสินค้าไปแล้วและเกิดการผิดพลาด โดยที่ไม่ใช่ความผิดของทางร้าน
▲ "" ทางร้านไม่รับ เปลี่ยน หรือ คืนสินค้า ทุกกรณี ""

★ สินค้านำเข้าจากโรงงานผลิต ที่ประเทศจีนและประเทศเวียดนาม
★ อาจเกิดความล่าช้าทางการขนส่งได้ ทั้งจากทางสภาพอากาศ และระบบขนส่งข้ามแดน
★ ซึ่งเป็นปัจจัยที่ทางร้านควบคุมไม่ได้ ได้โปรดเข้าใจในความล่าช้าที่เกิดขึ้นด้วยนะครับ 

สอบถามรายละเอียดเพิ่มเติมได้ทาง แชทใน shopee ได้เลยนะครับ

#กางเกงผู้ชาย #กางเกงขายาว #กางเกงออกกำลังกาย #กางเกงออกกำลังกายผู้ชาย #กางเกงขายาวผู้ชาย #กางเกงยิม #กางเกงจ็อกเกอร์ #joggerpants #jogger #gym #gymshark #gymsharkvest #mrbodyfit",4.51,204,38,1.51 hours,Sat May 16 2020 10:37:09 GMT+0000 (Coordinated Universal Time),677,"[{""name"":""Color"",""variations"":[""Black"",""Gray"",""Navy"",""Khaki"",""Red""]},{""name"":""Size"",""variations"":[""M"",""L"",""XL"",""XXL""]}]",https://shopee.co.th,,100011,False,,"[{""name"":""model"",""value"":""Navy,L""}]",0,https://shopee.co.th/%E0%B8%81%E0%B8%B2%E0%B8%87%E0%B9%80%E0%B8%81%E0%B8%87%E0%B8%82%E0%B8%B2%E0%B9%80%E0%B8%94%E0%B8%9F-cat.11044945.11045074.11045441,,,,
https://shopee.co.th/%E0%B8%9E%E0%B8%A3%E0%B9%89%E0%B8%AD%E0%B8%A1%E0%B8%AA%E0%B9%88%E0%B8%87-%E0%B8%81%E0%B8%B2%E0%B8%87%E0%B9%80%E0%B8%81%E0%B8%87%E0%B8%82%E0%B8%B2%E0%B8%A2%E0%B8%B2%E0%B8%A7%E0%B8%A5%E0%B9%8D%E0%B8%B2%E0%B8%A5%E0%B8%AD%E0%B8%87-%E0%B8%97%E0%B8%A3%E0%B8%87%E0%B8%AB%E0%B8%A5%E0%B8%A7%E0%B8%A1-%E0%B8%97%E0%B8%A3%E0%B8%87%E0%B8%95%E0%B8%A3%E0%B8%87-%E0%B9%81%E0%B8%9F%E0%B8%8A%E0%B8%B1%E0%B9%88%E0%B8%99%E0%B8%AA%E0%B9%8D%E0%B8%B2%E0%B8%AB%E0%B8%A3%E0%B8%B1%E0%B8%9A%E0%B8%9C%E0%B8%B9%E0%B9%89%E0%B8%8A%E0%B8%B2%E0%B8%A2-%E0%B9%80%E0%B8%AB%E0%B8%A1%E0%B8%B2%E0%B8%B0%E0%B8%81%E0%B8%B1%E0%B8%9A%E0%B8%81%E0%B8%B2%E0%B8%A3%E0%B9%80%E0%B8%A5%E0%B9%88%E0%B8%99%E0%B8%81%E0%B8%B5%E0%B8%AC%E0%B8%B2-i.1224107600.24173520227?model_id=89543167135,24173520227,พร้อมส่ง กางเกงขายาวลําลอง ทรงหลวม ทรงตรง แฟชั่นสําหรับผู้ชาย เหมาะกับการเล่นกีฬา,0,4.3,0,296.0,158.0,THB,,0,"[""https://down-th.img.susercontent.com/file/sg-11134201-7rd6q-ltyr1oeamgxsbd_tn"",""https://down-th.img.susercontent.com/file/sg-11134201-7rd4p-ltyr1qbnsyos43_tn"",""https://down-th.img.susercontent.com/file/sg-11134201-7rd5a-ltyr1s5f4qo9e2_tn"",""https://down-th.img.susercontent.com/file/sg-11134201-7rd5y-ltyr1u2sb7xt8a_tn"",""https://down-th.img.susercontent.com/file/sg-11134201-7rd6n-ltyr1vubq8lyd4_tn"",""https://down-th.img.susercontent.com/file/sg-11134201-7rd6u-ltyr1xzqkyfb2a_tn"",""https://down-th.img.susercontent.com/file/sg-11134201-7rd6c-ltyr1zvpuw3wa4_tn"",""https://down-th.img.susercontent.com/file/sg-11134201-7rd6r-ltyr26jg2nwr21_tn"",""https://down-th.img.susercontent.com/file/sg-11134201-7rd3o-ltyr280zwazxaa_tn""]",,hgf███ion███,https://shopee.co.th/hgfashion.th,"[""เสื้อผ้าผู้ชาย"",""กางเกงขายาว"",""กางเกงขายาว""]","[{""name"":""คลัง"",""value"":""535""},{""name"":""ความยาวของกางเกง"",""value"":""เต็มความยาว""},{""name"":""วัสดุ"",""value"":""ฝ้าย""},{""name"":""ลวดลาย"",""value"":""เรียบๆ""},{""name"":""ประเภทของกางเกง"",""value"":""กางเกงทรงกระบอก""},{""name"":""ขนาดใหญ่"",""value"":""ใช่""}]","ยินดีต้อนรับสู่ร้านค้า
เรียนลูกค้าเราเป็นผู้ผลิตเสื้อผ้าผู้ชายอินเทรนด์ราคาของเราเป็นที่ชื่นชอบมากโปรดติดตามเรา!
โดยทั่วไปทั้งหมดในสต็อกจัดส่งภายใน2-3วัน!
💕หากคุณชอบสินค้าของเรา กรุณาใส่ตะกร้าสินค้า ขอบคุณมาก! !
🍻เราหวังว่าจะได้รับการประเมินระดับห้าดาวของคุณ
ส่วนสูง: 155 cm -165 M .weight: 45G-53 SEP ขนาดที่แนะนำ [M]
ส่วนสูง: 160 cm -170 M .weight: 53g-SEP 60ขนาดที่แนะนำ [L]
ส่วนสูง: 165 cm -175 m .weight: 60g -66 SEP ขนาดที่แนะนำ [XL]
ส่วนสูง: 170 cm -180 M .weight: 66g -73 SEP ขนาดที่แนะนำ [2XL]
ส่วนสูง: 175 cm -185 M .weight: 73G-80 SEP ขนาดที่แนะนำ [3XL]
﻿",4.49,27,96,3.43 hours,Tue Apr 02 2024 08:35:42 GMT+0000 (Coordinated Universal Time),130,"[{""name"":""สี"",""variations"":[""สีกากี"",""สีฟ้า"",""สีดํา"",""สะพานสั้นสีดํา""]},{""name"":""ขนาด"",""variations"":[""M"",""L"",""XL"",""2XL"",""3XL""]}]",https://shopee.co.th,,100011,False,,"[{""name"":""model"",""value"":""สีดํา,3XL""}]",0,https://shopee.co.th/%E0%B8%81%E0%B8%B2%E0%B8%87%E0%B9%80%E0%B8%81%E0%B8%87%E0%B8%82%E0%B8%B2%E0%B8%81%E0%B8%A3%E0%B8%B0%E0%B8%9A%E0%B8%AD%E0%B8%81-cat.11044945.11045074.11045442,,,,
https://shopee.co.th/Soundcard-V8-Plus-%E0%B9%84%E0%B8%A1%E0%B9%82%E0%B8%84%E0%B8%A3%E0%B9%82%E0%B8%9F%E0%B8%99-Shure-sm58-%E0%B8%81%E0%B8%B2%E0%B8%A3%E0%B9%8C%E0%B8%94%E0%B9%80%E0%B8%AA%E0%B8%B5%E0%B8%A2%E0%B8%87%E0%B8%9A%E0%B8%A5%E0%B8%B9%E0%B8%97%E0%B8%B9%E0%B8%98-%E0%B8%AA%E0%B9%8D%E0%B8%B2%E0%B8%AB%E0%B8%A3%E0%B8%B1%E0%B8%9A-HP-PC-Mac-Live-%E0%B8%84%E0%B8%B2%E0%B8%A3%E0%B8%B2%E0%B9%82%E0%B8%AD%E0%B9%80%E0%B8%81%E0%B8%B0-i.395701752.22243777707?model_id=186774648740,22243777707,Soundcard V8 Plus ไมโครโฟน Shure sm58 การ์ดเสียงบลูทูธ สําหรับ HP PC Mac Live คาราโอเกะ,0,0.0,0,1172.0,1172.0,THB,,0,"[""https://down-th.img.susercontent.com/file/id-11134207-7qukz-lha4pgcnvr02dc_tn"",""https://down-th.img.susercontent.com/file/id-11134207-7qul6-lha4pgcnzype76_tn"",""https://down-th.img.susercontent.com/file/id-11134207-7qul3-lha4pgcnx5kia2_tn"",""https://down-th.img.susercontent.com/file/id-11134207-7qul1-lha4pgco1d9u64_tn"",""https://down-th.img.susercontent.com/file/id-11134207-7qula-lha4pgco2rua94_tn"",""https://down-th.img.susercontent.com/file/id-11134207-7qul5-lha4pgkfhkmrf7_tn""]",,loo███ath███tor██████,https://shopee.co.th/loorinatha.store.th,"[""คอมพิวเตอร์และอุปกรณ์เสริม"",""อุปกรณ์คอมพิวเตอร์"",""การ์ดเสียง""]","[{""name"":""คลัง"",""value"":""100""},{""name"":""ส่งจาก"",""value"":""อินโดนีเซีย""}]","ชุดการ์ดเสียงแบบไดนามิกราคา V8Plus Mic Dynamic Shure sm58

ฟังก์ชั่นที่สมบูรณ์และการสตรีมสด:
Tiktok, facebook, smule, youtube, บันทึก, ฝาครอบเพลง, คาราโอเกะและการออกอากาศ
เสียง USB External Soundcard External Soundcard นี้มีประโยชน์ในการสร้างเอฟเฟกต์เสียงอิเล็กทรอนิกส์เทียมและเอฟเฟกต์เสียงที่มีชีวิตชีวาของไมโครโฟนของคุณ นิยมใช้สําหรับการถ่ายทอดสดและการสตรีมสดแพลตฟอร์มต่างๆเช่น youtube, twitch และอื่น ๆ V8 Plus Card Sound นี้ใช้การเชื่อมต่อบลูทู ธ เพื่อให้สามารถเชื่อมต่อกับคอมพิวเตอร์แล็ปท็อปและสมาร์ทโฟนได้โดยไม่ต้องใช้สายเพิ่มเติม

คุณสมบัติของคุณสมบัติ
เสียงไฟฟ้า 112 ชนิดเอฟเฟกต์เสียง 18 แบบและโหมดเอฟเฟกต์ 6 โหมด
External Soundcard USB Audio นี้สามารถผลิตเสียงอิเล็กทรอนิกส์ได้มากถึง 112 ชนิดเอฟเฟกต์เสียง 18 แบบคละแบบและเอฟเฟกต์แฟชั่น 6 ชิ้น ตัวเลือกเสียงที่หลากหลายเหล่านี้ทําให้คุณภาพการออกอากาศของคุณน่าสนใจยิ่งขึ้นเพื่อให้ผู้ชมของคุณมีความสุขมากขึ้นในการรับชมคุณ

การควบคุมจํานวนมาก
ในการ์ดเสียงนี้ยังมีการควบคุมเสียงบางอย่างรวมถึงเสียงสะท้อนเสียงแหลมเบสการบันทึกการควบคุมระดับเสียงการควบคุมระดับเสียงการตรวจสอบเพลงและการควบคุมระดับเสียง (ฟังก์ชั่นหูฟัง)

การเชื่อมต่อบลูทู ธ
V8 Plus Card Sound นี้ใช้การเชื่อมต่อบลูทู ธ เพื่อให้สามารถเชื่อมต่อกับคอมพิวเตอร์แล็ปท็อปและสมาร์ทโฟนได้โดยไม่ต้องใช้สายเพิ่มเติม นี่ทําให้การ์ดเสียงนี้มีอิสระมากขึ้นในการวางบนโต๊ะคอมพิวเตอร์ของคุณ

ใช้มือถือหรือคอมพิวเตอร์รองรับการใช้งานมือถือหรือคอมพิวเตอร์
สามารถใช้กับแพลตฟอร์มต่างๆเช่นคอมพิวเตอร์แล็ปท็อปไปยังสมาร์ทโฟน ด้วยสิ่งนี้คุณสามารถใช้ชีวิตผ่านตัวเลือกอุปกรณ์ที่หลากหลาย

สิ่งของในบรรจุภัณฑ์สําหรับบรรจุภัณฑ์
ของที่คุณได้รับในกล่องผลิตภัณฑ์:

สายเคเบิล Dynamic Shure sm58 1 x ไมโครโฟน Dynamic Shure sm58
การ์ดเสียง 1 x V8 Plus
สายสัญญาณเสียง 2 x สายสัญญาณเสียง
สาย USB 1 เส้น
คู่มือการใช้งาน 1 x คู่มือการใช้งาน",0.0,8,57,,Tue Mar 02 2021 13:26:13 GMT+0000 (Coordinated Universal Time),0,"[{""name"":""ขนาด"",""variations"":[""Soundcard V8-Plus-Plus|V8-"",""V8 + ไมค์ Shure sm58V8""]}]",https://shopee.co.th,,100644,False,,"[{""name"":""model"",""value"":""V8 + ไมค์ Shure sm58V8""}]",0,https://shopee.co.th/%E0%B8%81%E0%B8%B2%E0%B8%A3%E0%B9%8C%E0%B8%94%E0%B9%80%E0%B8%AA%E0%B8%B5%E0%B8%A2%E0%B8%87-cat.11044958.11045198.11046025,,,,
https://shopee.co.th/%F0%9D%91%A8%F0%9D%92%8F%F0%9D%92%88%F0%9D%92%86%F0%9D%92%8D%F0%9D%92%94.%F0%9D%92%87%F0%9D%92%82%F0%9D%92%97-%E2%99%A5%EF%B8%8E-|-%F0%9F%8D%8B%E0%B9%83%E0%B8%8A%E0%B9%89%E0%B9%82%E0%B8%84%E0%B9%89%E0%B8%94%E0%B9%83%E0%B8%99%E0%B9%84%E0%B8%A5%E0%B8%9F%E0%B9%8C%E0%B9%80%E0%B8%AB%E0%B8%A5%E0%B8%B7%E0%B8%AD374.-%F0%9F%8D%8B-%E0%B8%81%E0%B8%A3%E0%B8%B0%E0%B9%82%E0%B8%9B%E0%B8%A3%E0%B8%87%E0%B9%80%E0%B8%AD%E0%B8%A7%E0%B8%95%E0%B9%88%E0%B8%B3-%E0%B8%AA%E0%B8%B5%E0%B8%99%E0%B9%89%E0%B8%B3%E0%B8%95%E0%B8%B2%E0%B8%A5-y2k-%E0%B8%A3%E0%B8%B8%E0%B9%88%E0%B8%99-%F0%9D%91%A9%F0%9D%92%93%F0%9D%92%90%F0%9D%92%98%F0%9D%92%8F%F0%9D%92%8A%F0%9D%92%86-%F0%9F%A7%BA%F0%9F%A4%8E-%E0%B8%99%E0%B9%88%E0%B8%B2%E0%B8%A3%E0%B8%B1%E0%B8%81%E0%B8%A1%E0%B8%B2%E0%B8%81-(%E0%B8%A1%E0%B8%B5%E0%B8%8B%E0%B8%B1%E0%B8%9A%E0%B9%83%E0%B8%99)%F0%9F%A7%B8%E2%9C%A8-i.850100430.22973641926?model_id=204534542470,22973641926,𝑨𝒏𝒈𝒆𝒍𝒔.𝒇𝒂𝒗 ♥︎ | 🍋ใช้โค้ดในไลฟ์เหลือ374.-🍋 กระโปรงเอวต่ำ สีน้ำตาล y2k รุ่น 𝑩𝒓𝒐𝒘𝒏𝒊𝒆 🧺🤎 น่ารักมาก (มีซับใน)🧸✨,0,4.9,0,429.0,429.0,THB,,0,"[""https://down-th.img.susercontent.com/file/th-11134207-7qul1-lj7e450s74ywca_tn"",""https://down-th.img.susercontent.com/file/th-11134207-7r98z-ly0kkjt4uiswf5_tn"",""https://down-th.img.susercontent.com/file/th-11134207-7r98o-lkuy1zgjwtpme4_tn"",""https://down-th.img.susercontent.com/file/th-11134207-7r98o-lkuxu6hv3uqy23_tn"",""https://down-th.img.susercontent.com/file/th-11134207-7r98o-lkuxu6hvjbak57_tn"",""https://down-th.img.susercontent.com/file/th-11134207-7r98o-lkuy10zqe12k91_tn"",""https://down-th.img.susercontent.com/file/th-11134207-7qul4-lj7ecx2rotxta9_tn""]",,Ang███.fa███,https://shopee.co.th/angelsfav.store,"[""เสื้อผ้าผู้หญิง"",""กระโปรง""]","[{""name"":""คลัง"",""value"":""26""},{""name"":""ความสูงเอว"",""value"":""เอวต่ำ""},{""name"":""วัสดุ"",""value"":""ผ้าสังเคราะห์""},{""name"":""ขนาดใหญ่"",""value"":""ไม่""},{""name"":""ลวดลาย"",""value"":""ตาหมากรุก / ลายสก๊อต""},{""name"":""รูปแบบของเดรส/กระโปรง"",""value"":""ทรงพลีส""},{""name"":""ความยาวขอเดรสหรือกระโปรง"",""value"":""สั้น""},{""name"":""ส่งจาก"",""value"":""จังหวัดอุบลราชธานี""}]","**พร้อมส่ง**
นางแบบเอวบน 24 เอวล่าง 27.5 สพ 34 ใส่ S ค่ะ 

Mini skirt ลายสก๊อตสีน้ำตาล เอวต่ำ ซิปข้าง 
มีกางเกงซับในกันโป๊ 

ใส่แล้วน่ารักแน่นอนค่ะ ☺️💖💖

- เลือกไซส์จากส่วนที่กว้างที่สุดของเอว (วัดเอวล่าง)
- ใส่เป็นเอวต่ำได้อย่างเดียวน้า
 ถ้าใส่เป็นเอวสูง ด้านหลังเห็นแก้มก้นค่ะ 🥹🙏",4.9,56,91,2.78 hours,Fri Aug 26 2022 06:06:16 GMT+0000 (Coordinated Universal Time),10124,"[{""name"":""สี"",""variations"":[""น้ำตาลสก็อต🧸""]},{""name"":""ขนาด"",""variations"":[""S"",""M"",""L"",""XL""]}]",https://shopee.co.th,,100017,False,,"[{""name"":""model"",""value"":""น้ำตาลสก็อต🧸,S""}]",0,https://shopee.co.th/%E0%B8%81%E0%B8%A3%E0%B8%B0%E0%B9%82%E0%B8%9B%E0%B8%A3%E0%B8%87%E0%B8%AA%E0%B8%B1%E0%B9%89%E0%B8%99%E0%B9%80%E0%B8%AB%E0%B8%99%E0%B8%B7%E0%B8%AD%E0%B9%80%E0%B8%82%E0%B9%88%E0%B8%B2-cat.11044944.11045066.11045419,,,,
https://shopee.co.th/LOCTITE-%E0%B8%99%E0%B9%89%E0%B8%B3%E0%B8%A2%E0%B8%B2%E0%B8%A5%E0%B9%87%E0%B8%AD%E0%B8%84%E0%B9%80%E0%B8%81%E0%B8%A5%E0%B8%B5%E0%B8%A2%E0%B8%A7-%E0%B9%81%E0%B8%A5%E0%B8%B0-%E0%B8%95%E0%B8%A3%E0%B8%B6%E0%B8%87%E0%B9%80%E0%B8%9E%E0%B8%A5%E0%B8%B2%E0%B9%81%E0%B8%A3%E0%B8%87%E0%B8%A2%E0%B8%B6%E0%B8%94%E0%B8%AA%E0%B8%B9%E0%B8%87-%E0%B9%80%E0%B8%9A%E0%B8%AD%E0%B8%A3%E0%B9%8C-243-263-638-%E0%B8%82%E0%B8%99%E0%B8%B2%E0%B8%94-50ML.-%E0%B8%81%E0%B8%B2%E0%B8%A7%E0%B8%A5%E0%B9%87%E0%B8%AD%E0%B8%84%E0%B9%84%E0%B8%97%E0%B8%97%E0%B9%8C-%E0%B8%82%E0%B8%AD%E0%B8%87%E0%B9%81%E0%B8%97%E0%B9%89-100%-toolssupplies-i.68893687.25361845161?model_id=147193116205,25361845161,LOCTITE น้ำยาล็อคเกลียว และ ตรึงเพลาแรงยึดสูง เบอร์ 243 263 638 ขนาด 50ML. กาวล็อคไทท์ ของแท้ 100% toolssupplies,0,0.0,0,1690.0,845.0,THB,,0,"[""https://down-th.img.susercontent.com/file/sg-11134201-7rce5-lr71555ra72q07_tn"",""https://down-th.img.susercontent.com/file/sg-11134201-7rcc3-lr7155cf0gc221_tn"",""https://down-th.img.susercontent.com/file/sg-11134201-7rccz-lr7155iirioud4_tn"",""https://down-th.img.susercontent.com/file/sg-11134201-7rcf4-lr7155ocj076e4_tn"",""https://down-th.img.susercontent.com/file/sg-11134201-7rce4-lr7155qufcmi79_tn""]",,Too███upp███s,https://shopee.co.th/toolssupplies,"[""เครื่องใช้ในบ้าน"",""เครื่องมือและอุปกรณ์ปรับปรุงบ้าน"",""เทปและกาว""]","[{""name"":""คลัง"",""value"":""3000""},{""name"":""สินค้า"",""value"":""Loctite(ล็อคไทท์)""},{""name"":""ส่งจาก"",""value"":""จังหวัดนนทบุรี""}]","คุณภาพดี toolssupplies
LOCTITE น้ำยาล็อคเกลียว สีน้ำเงิน ขนาด 50 มล. รุ่น 243 แรงยึดปานกลาง
รายละเอียดสินค้า
- น้ำยาล็อคเกลียว แรงปานกลาง ใช้ได้กับสลักเกลียวโลหะทุกชนิด
- เพิ่มประสิทธิภาพ ทนทานต่อน้ำมัน
- ป้องกันการคลายตัวสำหรับชิ้นส่วนที่ต้องทนการสั่นสะเทือน
- ขนาดสลักเกลียว : ใหญ่ถึง 1/4"" ถึง 3/4""
- เวลาในการยึดติด : 5 นาที/ 24 ชม.
- แรงยึด Breakaway / Prevail (lb.in.) : 180/62
- อุณหภูมิที่ใช้งานสำหรับการใช้งานอย่างต่อเนื่อง : 300˚F (150˚C)

LOCTITE น้ำยาล็อคเกลียว รุ่น 263 แรงยึดสูง 50 มล.
รายละเอียดสินค้า
- Loctite 263 ฉลากแถบสีแดงเป็นกาวที่มีความหนืดต่ำ มีแรงยึดสูง ออกแบบมาสำหรับล็อคและซีลเกลียวถาวร
- ผลิตภัณฑ์นี้ถูกออกแบบมาสำหรับการใช้งานได้กับหลากหลายวัสดุ เช่น เหล็ก แสตนเลสสตีล ตัวยึดต่างๆ
สามารถใช้ได้ถึงแม้จะมีการปนเปื้อนบนพื้นผิวเล็กน้อย
- Loctite 263 ทนสารเคมีจำพวก น้ำมันหล่อลื่น น้ำยากันกัดกร่อน หรือสารปกป้องต่างๆได้ดี และใช้ความร้อนใน
การทำความสะอาด
- ใช้ได้กับเกลียวโลหะขนาด ถึง 3/4""""
- เวลาในการยึดติด : 5 นาที/ 24 ชม.
- แรงยึดสูง 220/290ปอนด์.นิ้ว
- อุณหภูมิใช้งานต่อเนื่องสูงสุด 180˚C

LOCTITE น้ำยาตรึงเพลาแรงยึดติดสูง 50 มล. รุ่น 638
รายละเอียดสินค้า
- ให้แรงยึดสูง เหมาะสำหรับงานที่ต้องใช้น้ำหนัก ต้องมีการเคลื่อนที่หรือส่งถ่ายกำลังสุง
- ใช้สำหรับตึงเพลาเกียร์มู่เล่ย์ หรือส่วนที่มีรูปทรงกระบอกอื่นๆ
- ได้รับการรับรอง NSF และ ABS
- ความเค้นเฉือน 2,800 psi
- เวลาในการยึดติด 10 นาที / 24 ชม.
- ช่องว่าง ขนาดถึง .015"" (0.4 มม.)
- อุณหภูมิใช้งาน 300 °F (150 °C)",4.61,1833,87,1.13 hours,Thu May 10 2018 08:14:55 GMT+0000 (Coordinated Universal Time),1843,"[{""name"":""เบอร์"",""variations"":[""263 น้ำยาล็อคเกลียว"",""243 น้ำยาล็อคเกลียว"",""638 น้ำยาตรึงเพลา""]}]",https://shopee.co.th,Loctite(ล็อคไทท์),100636,False,,"[{""name"":""model"",""value"":""638 น้ำยาตรึงเพลา""}]",0,https://shopee.co.th/%E0%B9%80%E0%B8%97%E0%B8%9B%E0%B9%81%E0%B8%A5%E0%B8%B0%E0%B8%81%E0%B8%B2%E0%B8%A7-cat.11044956.11045172.11045768,,,,
https://shopee.co.th/Aclium-Air-Dryer-%E0%B9%80%E0%B8%84%E0%B8%A3%E0%B8%B7%E0%B9%88%E0%B8%AD%E0%B8%87%E0%B9%80%E0%B8%9B%E0%B9%88%E0%B8%B2%E0%B8%82%E0%B8%99-i.1150962305.25425102757,25425102757,Aclium Air Dryer เครื่องเป่าขน,0,5.0,0,11900.0,11290.0,THB,,0,"[""https://down-th.img.susercontent.com/file/th-11134207-7r98t-lx0eovu0yx1ree_tn"",""https://down-th.img.susercontent.com/file/th-11134207-7r98w-lx0eovu0rvzkae_tn"",""https://down-th.img.susercontent.com/file/th-11134207-7r98v-lx0eovu0qhf426_tn"",""https://down-th.img.susercontent.com/file/th-11134207-7r98v-lx0eovu0upcf62_tn"",""https://down-th.img.susercontent.com/file/th-11134207-7r992-lx0eovu0w3wvee_tn"",""https://down-th.img.susercontent.com/file/th-11134207-7r98t-lx0eovu0xihb6a_tn"",""https://down-th.img.susercontent.com/file/th-11134207-7r98p-lx0eovu0p2uoe0_tn""]",,meo███rks███ion███,https://shopee.co.th/meowbarkstation,"[""สัตว์เลี้ยง"",""อุปกรณ์สำหรับสัตว์เลี้ยง"",""อื่นๆ""]","[{""name"":""คลัง"",""value"":""20""},{""name"":""สินค้า"",""value"":""Aclium(แอคเลี่ยม)""},{""name"":""ประเภทการประกัน"",""value"":""ประกันจากผู้ผลิต""},{""name"":""ขนาดบรรจุ"",""value"":""60ML""},{""name"":""ส่งจาก"",""value"":""จังหวัดสมุทรสาคร""}]","⭐️Aclium Air Dryerเครื่องเป่าขนสัตว์เลี้ยง 
ใช้งานง่ายเพิ่มความสะดวกสบาย ทำให้สัตว์เลี้ยงของคุณขนนุ่มสวยเงางาม เครื่องรูปทรงสวยทันสมัยเข้ากับทุกมุมบ้าน💖

⭐️ช่วงอายุการรับประกัน 2 ปี⭐️

⭐️จุดเด่นของ Aclium Air Dryer
✅ มีรูปทรงสูงโปร่ง และกว้างขวาง  รับน้ำหนักได้ถึง 10 kg. และสามารถรองรับน้องหมาและน้องแมว
✅ มีระบบ Negative ion  ลดการเกิดไฟฟ้าสถิตย์ ทำให้ขนสวยเงางาม  มีระบบฆ่าเชื้อจากโอโซน สามารถฆ่าเชื้อตัวเครื่องและของใช้
✅ เครื่องทำงานเงียบ (เริ่มต้นเพียง 40 dB) ลดความหวาดกลัว ใช้งานง่าย สวยทันสมัยเข้าได้กับทุกมุมบ้าน 
✅ มีการไหลเวียนของอากาศที่ดีและทั่วถึง ทำให้ขนแห้งทุกส่วน ใช้เวลาเป่าขนไม่นาน
✅ มีระบบกรองอากาศเข้า เพื่อให้ได้อากาศที่บริสุทธิ์ และป้องกันขนน้องไม่ให้ฝุ้งกระจายออกมาข้างนอก
✅ กระจกเป็นกระจกนิรภัย แข็งแรงทนทาน มีกระจก 3 ด้าน เพื่อเพิ่มมุมมองให้กับสัตว์เลี้ยง
✅ มีประตูด้านบน เปิดเล่นกับน้องเพื่อความผ่อนคลาย และประตูด้านหน้าเปิดอัตโนมัติเมื่อจบการทำงาน
✅ มีระบบตั้งค่าอุณภูมิ เวลา  ระดับลม ด้วยหน้าจอทัชกรีน และสามารถล็อคปุ่มได้ 

⭐️ขนาดสินค้า 460 x 470 x 562 mm.
🌟เงื่อนไขเป็นไปตามที่บริษัทกำหนด🌟

#Aclium #Acliumthailand #Meowbarkstation #Meowbark #CatAutomaticToilet #อุปกรณ์สัตว์เลี้ยง #สินค้าสัตว์เลี้ยง #ทาสหมา #ทาสแมว #กระบะทรายเเมว #น้ำพุไร้สาย #น้ำพุแมวไร้สาย #น้ำพุแมว #น้ำพุหมาไร้สาย #น้ำพุหมา #ห้องน้ำแมว #ห้องน้ำแมวอัตโนมัติ #ตู้เป่า #ของเล่นแมว #แคปซูลแมว ",4.87,55,100,0.11 hours,Tue Dec 26 2023 11:58:42 GMT+0000 (Coordinated Universal Time),88,"[{""variations"":[null]}]",https://shopee.co.th,Aclium(แอคเลี่ยม),100631,False,,"[{""name"":""model"",""value"":null}]",0,https://shopee.co.th/%E0%B8%AD%E0%B8%B7%E0%B9%88%E0%B8%99%E0%B9%86-cat.11044947.11045084.11046385,,,,
https://shopee.co.th/Hyperice-Normatec-3-Full-Body-(Leg-+-Hip-+-Arm)-%E0%B8%9B%E0%B8%A3%E0%B8%B0%E0%B8%81%E0%B8%B1%E0%B8%99%E0%B8%A8%E0%B8%B9%E0%B8%99%E0%B8%A2%E0%B9%8C%E0%B9%84%E0%B8%97%E0%B8%A2-By-Aquapro-i.365220271.23876938076,23876938076,Hyperice Normatec 3 Full Body (Leg + Hip + Arm) ประกันศูนย์ไทย By Aquapro,0,0.0,0,62999.0,62999.0,THB,,0,"[""https://down-th.img.susercontent.com/file/th-11134207-7qul1-lkhukf6xrczf25_tn"",""https://down-th.img.susercontent.com/file/th-11134207-7qukz-lkhukf6xpyez3f_tn"",""https://down-th.img.susercontent.com/file/th-11134207-7qul5-lkhukf6xu64b15_tn"",""https://down-th.img.susercontent.com/file/th-11134207-7qukx-lkhukf6xvkor50_tn"",""https://down-th.img.susercontent.com/file/th-11134207-7qukz-lkhv0voq0hobc7_tn"",""https://down-th.img.susercontent.com/file/th-11134207-7qul9-lkhv0voq1w8r4e_tn"",""https://down-th.img.susercontent.com/file/th-11134207-7qukw-lkhv0voq3at7f4_tn"",""https://down-th.img.susercontent.com/file/th-11134207-7qukw-lkhv0voq4pdnc9_tn"",""https://down-th.img.susercontent.com/file/th-11134207-7qul7-lkhv0voq7iijb0_tn""]",,aqu███o_o███cia███,https://shopee.co.th/goproofficial,"[""กลุ่มผลิตภัณฑ์เพื่อสุขภาพ"",""ของใช้ส่วนตัว"",""อุปกรณ์สำหรับนวดและกายภาพบำบัด""]","[{""name"":""คลัง"",""value"":""10""},{""name"":""สินค้า"",""value"":""Hyperice(ไฮเปอร์ไรซ์)""},{""name"":""ประเภทอุปกรณ์นวด"",""value"":""ปืนนวด""},{""name"":""ส่งจาก"",""value"":""จังหวัดระยอง""}]","Hyperice Normatec 3 Full Body (Leg + Hip + Arm) ประกันศูนย์ไทย



 Normatec 3 is the next evolution of the iconic Normatec series, using dynamic air compression to advance your wellness, recover faster, improve your training, and maximize your performance. Normatec’s patented precision pulse technology helps to increase circulation, revive muscles, and reduce swelling and has long been the choice of elite athletes and consumers throughout the globe.

 The ultimate massage experience

 Warm up and recover like never before. The Normatec 3 uses dynamic air compression to create a restorative massage that helps you feel refreshed faster. 7 levels of compression, ZoneBoost™ technology, and our patented Pulse technology deliver precise treatment to 5 overlapping zones in the legs and 2 overlapping zones in the hips.

 --

 

Hyperice Normatec 3 Leg Attachment อุปกรณ์ฟื้นฟูกล้ามเนื้อด้วยแรงอัดอากาศส่วนขาอุปกรณ์สวมใส่ที่ช่วยเพิ่มการไหลเวียน ประกันศูนย์ไทย



 The next evolution of the iconic Normatec series, using dynamic air compression to advance your wellness, recover faster, improve your training, and maximize your performance. Normatec’s patented precision pulse technology helps to increase circulation, revive muscles, and reduce swelling and has long been the choice of elite

 athletes and consumers throughout the globe. A refreshed system design with an intuitive interface reduced weight, and the ability to unlock next-level features and customization through the Bluetooth® connected

 Hyperice App makes Normatec 3 the ultimate massage experience for all.





 Key Feature / คุณสมบัติเด่น (EN)



 The Short Boot will move from 4 zones to 5 zones, standardizing our Leg Attachments to all be 5 zones...that’s

 one more than the competition

 • No need to figure out how to disable Zone 5 when using Normatec 3 device: “Plug & Play”

 • Premium Soft Touch painted finish on the control device, as well as attachment and hose connectors to elevate the

 design and feel across the entire Hyperice ecosystem

 • First Normatec system to adopt the Hyperice branding #ONEHYPERICE





 Packaging Contains / อุปกรณ์ในกล่อง (EN)



 1. Normatec 3 Leg Attachments

 2. Hosing

 3. Power Supply



 การพัฒนาของซีรีส์ Normatec ที่เป็นสัญลักษณ์ โดยใช้การบีบอัดอากาศแบบไดนามิกเพื่อดูแลสุขภาพของผู้ใช้ ฟื้นตัวเร็วขึ้น ปรับปรุงการฝึกของคุณ และเพิ่มประสิทธิภาพการฟื้นฟูให้สูงสุด เทคโนโลยีพัลส์ที่แม่นยำที่ได้รับการจดสิทธิบัตรของ Normatec ช่วยเพิ่มการไหลเวียน ฟื้นฟูกล้ามเนื้อ และลดอาการบวม และเป็นทางเลือกของนักกีฬาและผู้บริโภคทั่วโลก การออกแบบระบบด้วยอินเทอร์เฟซที่ใช้งานง่าย พร้อมน้ำหนักที่ลดลง และความสามารถในการปรับคุณสมบัติให้ตรงกับผู้ใช้แต่ละคนได้มากขื้น รวมถึงสามารถปรับแต่งผ่าน Bluetooth® ที่เชื่อมต่อ



 Hyperice App ทำให้ Normatec 3 เป็นประสบการณ์การนวดที่ดีที่สุดสำหรับทุกคน



 1. Normatec 3 Leg attatchments

 2. Hosing

 3. อุปกรณ์ควบคุมการจ่ายไฟ

 --

 Normatec 3.0 Hip Attachment เครื่องนวดพกพา อุปกรณ์สำหรับกล้ามเนื้อสะโพก อุปกรณ์ฟื้นฟูกล้ามเนื้อด้วยแรงอัดอากาศส่วนเอว ประกันศูนย์ไทย

 The Normatec Hip Attachment provides next-level compression to your lower back and hip area so you can warm up and recover faster.

 Normatec Hip Attachment does not include the control unit, includes Hip Attachment only. Attachments compatible with Normatec 3, Normatec 2.0, and Normatec 2.0 Pro control units.

 Relief where you need it most

 Two overlapping zones create compression massage that covers the quads, hamstrings, IT bands, glutes, and lower back, and two adjustable buckles ensure a snug and secure fit that's just right for you.

 --



 Hyperice Normatec 3.0 Arm Attachment Set อุปกรณ์สำหรับกล้ามเนื้อแขน ประกันศูนย์ไทย



 ประกอบด้วยอุปกรณ์ยึดแขนขวาและซ้าย

 ประโยชน์ที่จะได้รับ

 เพิ่มการไหลเวียนของโลหิต ความยืดหยุ่น และระยะของการเคลื่อนไหว

 บรรเทา

 อาการปวดเมื่อยหรือตึงของกล้ามเนื้อ

 เร่งความเร็ว

 ระยะเวลาของการอบอุ่นร่างกาย และการฟื้นฟูหลังออกกำลังกาย

 ดูแลรักษาง่าย

 เพียงทำความสะอาดหลังใช้งานด้วยผ้าชุบน้ำหมาด ๆ

 



 **มีเฉพาะปลอกแขนไม่มี controller มาให้ ต้องซื้อเซ็ทขาก่อน แล้วค่อยซื้อส่วนอื่นๆเสริม",4.92,1914,92,1.72 hours,Tue Dec 29 2020 10:15:14 GMT+0000 (Coordinated Universal Time),1449,"[{""variations"":[null]}]",https://shopee.co.th,Hyperice(ไฮเปอร์ไรซ์),100001,False,,"[{""name"":""model"",""value"":null}]",0,https://shopee.co.th/%E0%B8%AD%E0%B8%B8%E0%B8%9B%E0%B8%81%E0%B8%A3%E0%B8%93%E0%B9%8C%E0%B8%99%E0%B8%A7%E0%B8%94%E0%B9%81%E0%B8%A5%E0%B8%B0%E0%B8%9A%E0%B8%B3%E0%B8%9A%E0%B8%B1%E0%B8%94-cat.11044942.11045039.11045291,,,,
https://shopee.co.th/%E0%B8%99%E0%B9%89%E0%B8%B3%E0%B8%A2%E0%B8%B2%E0%B8%82%E0%B8%B1%E0%B8%94%E0%B9%84%E0%B8%9F%E0%B8%AB%E0%B8%99%E0%B9%89%E0%B8%B2%E0%B8%A3%E0%B8%96-%E0%B8%82%E0%B8%B1%E0%B8%94%E0%B9%84%E0%B8%9F%E0%B8%AB%E0%B8%99%E0%B9%89%E0%B8%B2%E0%B8%A3%E0%B8%96%E0%B8%A2%E0%B8%99%E0%B8%95%E0%B9%8C-%E0%B8%99%E0%B9%89%E0%B8%B3%E0%B8%A2%E0%B8%B2%E0%B8%82%E0%B8%B1%E0%B8%94%E0%B9%84%E0%B8%9F%E0%B8%AB%E0%B8%99%E0%B9%89%E0%B8%B2%E0%B8%A3%E0%B8%96%E0%B8%A2%E0%B8%99%E0%B8%95%E0%B9%8C-%E0%B8%84%E0%B8%A3%E0%B8%B5%E0%B8%A1%E0%B8%82%E0%B8%B1%E0%B8%94%E0%B9%84%E0%B8%9F%E0%B8%AB%E0%B8%99%E0%B9%89%E0%B8%B2%E0%B8%A3%E0%B8%96%E0%B8%A2%E0%B8%99%E0%B8%95%E0%B9%8C--%E0%B8%8A%E0%B8%B8%E0%B8%94%E0%B8%82%E0%B8%B1%E0%B8%94%E0%B9%84%E0%B8%9F%E0%B8%AB%E0%B8%99%E0%B9%89%E0%B8%B2%E0%B8%A3%E0%B8%96%E0%B8%A2%E0%B8%99%E0%B8%95%E0%B9%8C-%E0%B8%82%E0%B8%B1%E0%B8%94%E0%B9%84%E0%B8%9F%E0%B8%AB%E0%B8%99%E0%B9%89%E0%B8%B2-%E0%B8%82%E0%B8%B1%E0%B8%94%E0%B9%84%E0%B8%9F%E0%B8%AB%E0%B8%99%E0%B9%89%E0%B8%B2%E0%B8%A3%E0%B8%96200ML-i.478804283.11177387208,11177387208,น้ำยาขัดไฟหน้ารถ ขัดไฟหน้ารถยนต์ น้ำยาขัดไฟหน้ารถยนต์ ครีมขัดไฟหน้ารถยนต์  ชุดขัดไฟหน้ารถยนต์ ขัดไฟหน้า ขัดไฟหน้ารถ200ML,0,4.5,0,190.0,35.0,THB,,0,"[""https://down-th.img.susercontent.com/file/3f141e932641b2fe9cc96498f70a64b7_tn"",""https://down-th.img.susercontent.com/file/089273e8bcc1862409139e7b128ccf03_tn"",""https://down-th.img.susercontent.com/file/73778c8728e8a40f20bcf7dd1780130d_tn"",""https://down-th.img.susercontent.com/file/4fe6c05b0c6788f883432e88f4012d95_tn"",""https://down-th.img.susercontent.com/file/073a4669fcbf7c90ae4fc8248d4fd6b3_tn"",""https://down-th.img.susercontent.com/file/39aa5defd6f0eb72c91307102e413549_tn"",""https://down-th.img.susercontent.com/file/918a96bb6cfacf48e1b90321bad63ca5_tn"",""https://down-th.img.susercontent.com/file/bb20eccebc8779ffaf18dc8341634042_tn"",""https://down-th.img.susercontent.com/file/397c9baaf8aff9753bf59d5c0f26186d_tn""]",,Zhu███ngr███rie███,https://shopee.co.th/zhuomangroceries1,"[""รถยนต์ อะไหล่และอุปกรณ์เสริมรถยนต์"",""ผลิตภัณฑ์ดูแลรถยนต์"",""ผลิตภัณฑ์ขัดและซ่อมสีรถยนต์""]","[{""name"":""คลัง"",""value"":""1870""},{""name"":""รูปแบบสินค้า"",""value"":""ของเหลว""},{""name"":""ประเภทการประกัน"",""value"":""ประกันจากผู้ผลิต""},{""name"":""ประเภทอุปกรณ์ขัดเงา"",""value"":""น้ำยาขัดไฟหน้ารถ""},{""name"":""ส่งจาก"",""value"":""จังหวัดกรุงเทพมหานคร""}]","สินค้าพร้อมส่งทุกตัวเลย!!!

📣ขอความกรุณา อ่านก่อนทำการกดสั่งซื้อ

******อย่าใจร้านรีบรีวิว/หักดาวทางร้านนะคะ*****

*ตอนเปิดกล่องดูให้ลูกค้าถ่ายวีดีโอไว้ด้วยนะคะ 
📌สินค้าเช็คจากโรงงาน หากสินค้าไม่ครบ อะไหล่ไม่ครบ ได้รับชิ้นส่วนชำรุด ทักแชทแจ้งได้เลย ถ่ายรูปสินค้าที่ได้รับและใบปะหน้า แจ้งทางช่องแชท ทางร้านยินดีรับผิดชอบค่ะ  

👨‍🚒 ขนส่งมีให้เลือกเองในระบบค่ะ  **ติดตามพัสดุเองทุกกรณี กับขนส่งได้โดยตรงนะคะ**
👉 Standard Delivery สำหรับคนที่ไม่รีบ  สายชิว ได้รับ หรือไม่ได้รับก็ได้  แต่ถ้าไม่สะดวกตามของเอง ช่วงโปร 🙅‍♀️🙅‍♂️งดเลือกนะจ๊ะ  รอรับของ 2-10กว่าวันทำการ ร้านอยู่ในไทยนะจ๊ะ ไม่ได้ส่งจากจีน
👉 Shopee Express ช้าก็ได้ เร็วก็มี แล้วแต่เขตพื้นที่ของขนส่ง รอรับของ 2-7 วันทำการ
👉 Best Express ช้าก็ได้ เร็วก็มี แล้วแต่เขตพื้นที่ของขนส่ง รอรับของ 2-7 วันทำการ
👉 KERRY Express ราคาสูงหน่อยได้ของชัวร์  ไม่ต้องตามจนเสียค่าโทรศัพท์เป็นพัน  ไม่เสียสุขภาพจิต รอรับของใน 1-3 วันทำการ

😍 สินค้าราคาถูก ให้คะแนน โปรดคำนึงถึงราคาด้วยนะคะ 🙏

👌 ทางร้านตัดรอบเวลา 08.30น. และ จัดเตรียมส่ง 1-3 วันทำการ  หยุดวันอาทิตย์

👉 ไม่แน่ใจในลายละเอียด /สี /ขนาดสินค้า โปรดติดต่อช่องแชทได้เลย ขอบคุณที่ใช้บริการค่ะ
—————————————————————————————————

*****ขัดไฟหน้า ไฟท้าย*****
- น้ำยา 1 กระป๋อง 200 ML
- ขัดเคลือบโคมไฟหน้าที่เหลือง และหมอง จากการใช้งานอันยาวนาน คืนความสดใส

คุณสมบัติ 
เนื้อของน้ำยา ซึ่งเปรียบเสมือนโลชั่น เบา และ บาง มีความละเอียด และ นุ่ม ไม่ก่อให้เกิดอันตรากับผิววัสดุ สามารถลบรอยขีดข่วน รอยขนแมว รอยบาง รอยลึก และ สามารถขจัด

1การเตรียมการ
 ทำความสะอาดไฟรถยนต์อย่างทั่วถึงเพื่อขจัดสิ่งสกปรก จากนั้นใช้เทปกาวปิดบริเวณรอบไฟรถเพื่อป้องกันความเสียหายต่อสีรถโดยไม่ได้ตั้งใจ
 2 ขัดไฟรถ ใส่ใจขั้นตอนนี้ ซึ่งส่งผลต่อกุญแจสู่ความสำเร็จหรือความล้มเหลว
 ต้องฉีดพ่นน้ำตลอดเวลาขณะขัด
หมายเหตุ: ขัดต่อไปจนเนียนเหมือนกระจกเงาเพื่อให้ได้ผลดีที่สุด จากนั้นทำความสะอาดพื้นผิวของไฟรถยนต์และรอให้แห้งสนิท
 3 ขั้นตอนสุดท้าย
 หยดน้ำยาซ่อมแซม 2-3 หยดลงบนผ้าไร้ฝุ่น ครั้งละ 2-3 หยด
 ป้ายไฟรถ ทาทางเดียว ห้ามทาไป-มา
 หากมีเนื้อด้านหรือซึมผ่านไม่ได้หลังจากใช้ครั้งแรก คุณสามารถทาบริเวณนี้ซ้ำได้ทันที

*ใช้กระดาษทราย 320 ขัดต่อเนื่องนานกว่า 5 นาที *ใช้กระดาษทรายเบอร์ 600 ขัดต่อนานกว่า 5 นาที *ใช้กระดาษทรายเบอร์ 1000 ขัดต่อนานกว่า 5 นาที *ใช้กระดาษทรายเบอร์ 2000 ขัดต่อเนื่องนานกว่า 5 นาที

 หมายเหตุ : 
หลังจากทาแล้ว ให้รอประมาณ 1 ชั่วโมง ให้แห้งก่อนที่จะสัมผัสพื้นผิวหลอดไฟ อย่างน้อย 8 ชั่วโมง ก่อนสัมผัสฝนหรือล้างรถ
คำแนะนำในการซ่อมไฟหน้า ห้ามทำงานกลางแดดระหว่างการก่อสร้าง เมื่อขั้นตอนสุดท้ายเสร็จสิ้น ให้ย้ายรถไปตากแดดและตากแดดประมาณ 10 นาที

—————————————————————————————————
>>> เงื่อนไขการจัดส่งสินค้า <<<

1. สินค้าอยู่ที่กรุงเทพ จะจัดส่งภายใน 1-3 วันทำการ (ตัดรอบส่งสินค้าบ่ายสองของทุกวัน)
2. ขนส่งมีให้เลือกเอง  ติดตามสถานะการจัดส่งกับขนส่งได้โดยตรงนะคะ ไม่งอแงใส่ร้านนะคะ
———————————————————————————
>>>การรับประกันสินค้า <<<

1. หากทางร้านส่งสินค้าผิด เรารับผิดชอบจัดส่งให้ใหม่ (ร้านจ่ายค่าส่งทั้งหมดแต่สินค้าต้องไม่เคยนำใช้นะคะ)

2. กรณีจะเปลี่ยนเพราะลูกค้าไม่ชอบสินค้าหรือ สั่งผิดไซส์ / สี/ รุ่น (ลูกค้าออกค่าส่ง) 
—————————————————————————
>>>ตอบแชทภายในช่วงเวลา 08.30-17.30 น<<<



",4.6,479,100,0.02 hours,Thu Jul 01 2021 04:18:33 GMT+0000 (Coordinated Universal Time),339183,"[{""name"":""จำนวน"",""variations"":[""C193""]}]",https://shopee.co.th,,100640,False,,"[{""name"":""model"",""value"":""C193""}]",0,https://shopee.co.th/%E0%B8%9C%E0%B8%A5%E0%B8%B4%E0%B8%95%E0%B8%A0%E0%B8%B1%E0%B8%93%E0%B8%91%E0%B9%8C%E0%B8%82%E0%B8%B1%E0%B8%94%E0%B9%81%E0%B8%A5%E0%B8%B0%E0%B8%8B%E0%B9%88%E0%B8%AD%E0%B8%A1%E0%B8%AA%E0%B8%B5%E0%B8%A3%E0%B8%96%E0%B8%A2%E0%B8%99%E0%B8%95%E0%B9%8C-cat.11044950.11045107.11045556,"[{""claimable"":false,""currency"":""THB"",""discount"":5,""discount_cap"":0,""discount_percentage"":0,""min_spend"":29900000,""shop_vouncher"":""Zhuomangroceries1"",""special_condition"":null,""text_info"":""ZHUOKFJTA"",""validity_end"":""2024-12-02T15:59:00.000Z"",""validity_start"":""2024-09-02T06:15:00.000Z""}]",,,
https://shopee.co.th/%E3%8D%BF%F0%9F%94%A5%E0%B8%9C%E0%B9%89%E0%B8%B2%E0%B8%99%E0%B8%B8%E0%B9%88%E0%B8%A1%E0%B8%A1%E0%B8%B2%E0%B8%81%F0%9F%94%A5-%E0%B8%81%E0%B8%B2%E0%B8%87%E0%B9%80%E0%B8%81%E0%B8%87%E0%B9%83%E0%B8%99-Andrew-christian-Tanga-%E0%B8%9C%E0%B9%89%E0%B8%B2%E0%B8%99%E0%B8%B8%E0%B9%88%E0%B8%A1%E0%B8%A2%E0%B8%B7%E0%B8%94%E0%B8%AB%E0%B8%A2%E0%B8%B8%E0%B9%88%E0%B8%99%E0%B8%94%E0%B8%B5-i.540978569.12826209954?model_id=57503192345,12826209954,㍿🔥ผ้านุ่มมาก🔥 กางเกงใน Andrew christian Tanga ผ้านุ่มยืดหยุ่นดี,0,0.0,0,798.0,798.0,THB,,0,"[""https://down-th.img.susercontent.com/file/934ddee5691436c0813edb75a53a9e74_tn"",""https://down-th.img.susercontent.com/file/9e7a59d848f9602564c1aeb6774ba359_tn"",""https://down-th.img.susercontent.com/file/63074aaedff7e71a17319d35db75ca3b_tn""]",,yyd███,https://shopee.co.th/p5qsla33xk,"[""เสื้อผ้าผู้ชาย"",""ชุดชั้นในชาย"",""กางเกงใน""]","[{""name"":""คลัง"",""value"":""50""},{""name"":""ประเภทชุดชั้นใน"",""value"":""กางเกงชั้นใน""}]","Andrew Christian Tanga
เนื้อผ้านุ่มมาก เนื้อผ้าพื้นที่เป้าเยอะ กระชับ สวมใส่สบาย
ใส่ออกกำลังกายคล่องตัว
ลูกค้าส่วนให้เฟิร์มเป็นเสียงเดียวกันว่าผ้านิ่มจริง
กลับมาซื้อซ้ำเยอะมาก

เอว
28-31 M
32-34 L
35-37 XL",0.0,851,57,,Sat Sep 18 2021 01:49:58 GMT+0000 (Coordinated Universal Time),2,"[{""name"":""Variation"",""variations"":[""ขาว"",""ดำ"",""แดง""]},{""name"":""Size"",""variations"":[""M28-31"",""L32-34"",""XL35-37""]}]",https://shopee.co.th,,100011,False,,"[{""name"":""model"",""value"":""ดำ,M28-31""}]",0,https://shopee.co.th/%E0%B8%81%E0%B8%B2%E0%B8%87%E0%B9%80%E0%B8%81%E0%B8%87%E0%B9%83%E0%B8%99%E0%B8%9C%E0%B8%B9%E0%B9%89%E0%B8%8A%E0%B8%B2%E0%B8%A2-cat.11044945.11045070.11046376,,,,
https://shopee.co.th/%E0%B9%80%E0%B8%AA%E0%B8%B7%E0%B9%89%E0%B8%AD%E0%B8%A2%E0%B8%B7%E0%B8%94%E0%B9%81%E0%B8%82%E0%B8%99%E0%B8%AA%E0%B8%B1%E0%B9%89%E0%B8%99%E0%B9%82%E0%B8%AD%E0%B9%80%E0%B8%A7%E0%B8%AD%E0%B8%A3%E0%B9%8C%E0%B9%84%E0%B8%8B%E0%B8%AA%E0%B9%8C-Absolute-Siam-x-Timo-&-Tintin-%22Coffee-Wanted%22-i.368648940.18383473597,18383473597,"เสื้อยืดแขนสั้นโอเวอร์ไซส์ Absolute Siam x Timo & Tintin ""Coffee Wanted""",0,5.0,0,990.0,990.0,THB,,0,"[""https://down-th.img.susercontent.com/file/th-11134207-7r98o-lkytt5wlkp62f3_tn"",""https://down-th.img.susercontent.com/file/th-11134207-7r98o-lkytt5wlghgqa3_tn"",""https://down-th.img.susercontent.com/file/th-11134207-7r98o-lkytt5wljalm1c_tn""]",,Abs███te ███m S██████,https://shopee.co.th/absolutesiamstore,"[""เสื้อผ้าผู้หญิง"",""เสื้อ"",""เสื้อยืด""]","[{""name"":""คลัง"",""value"":""3""},{""name"":""ทรงคอเสื้อ"",""value"":""คอกลม""},{""name"":""ความยาวของแขนเสื้อ"",""value"":""แขนสั้น""},{""name"":""ขนาดใหญ่"",""value"":""ใช่""},{""name"":""เสื้อครอบตัด"",""value"":""ไม่""},{""name"":""ส่งจาก"",""value"":""จังหวัดกรุงเทพมหานคร""}]","ผ้าฝ้าย 100%_x000D_

_x000D_

อก 44""  / ความยาว 30"" / แขน 21"" / ไหล่ 7""



Cotton 100%_x000D_

_x000D_

Chest 44""  / Length 30"" / Sleeve 21"" / Shoulder 7""",4.85,834,27,3.44 hours,Wed Jan 06 2021 02:58:41 GMT+0000 (Coordinated Universal Time),13418,"[{""variations"":[null]}]",https://shopee.co.th,,100017,False,,"[{""name"":""model"",""value"":null}]",0,https://shopee.co.th/%E0%B9%80%E0%B8%AA%E0%B8%B7%E0%B9%89%E0%B8%AD%E0%B8%AA%E0%B8%B2%E0%B8%A7%E0%B8%AD%E0%B8%A7%E0%B8%9A-cat.11044944.11045056.11046352,,,,
https://shopee.co.th/%E2%9C%8E%E0%AE%90%E2%98%8A%E3%80%90AA-Lady%E3%80%91CLARINS-Double-Serum-Complete-Age-Control-Concentrate-100ml-%E0%B8%84%E0%B8%A3%E0%B8%9A%E0%B9%84%E0%B8%8B%E0%B8%AA%E0%B9%8C-i.894238984.17089236971,17089236971,✎ஐ☊【AA-Lady】CLARINS Double Serum Complete Age Control Concentrate 100ml ครบไซส์,0,0.0,0,986.0,986.0,THB,,0,"[""https://down-th.img.susercontent.com/file/sg-11134201-22110-s4c08xnxtkjvf5_tn"",""https://down-th.img.susercontent.com/file/sg-11134201-22110-7yuv5toxtkjvd5_tn"",""https://down-th.img.susercontent.com/file/sg-11134201-22110-idrkbqpxtkjvc4_tn"",""https://down-th.img.susercontent.com/file/sg-11134201-22110-1wf9bnqxtkjvad_tn"",""https://down-th.img.susercontent.com/file/sg-11134201-22110-j0vp8csxtkjve8_tn"",""https://down-th.img.susercontent.com/file/sg-11134201-22110-io3b3ryxtkjv7a_tn""]",,xmt███89o███,https://shopee.co.th/xmtc9x89ok,"[""ผลิตภัณฑ์บำรุงและเสริมความงาม"",""ผลิตภัณฑ์บำรุงบริเวณใบหน้า"",""เซรั่มบำรุงผิวหน้า & น้ำตบ""]","[{""name"":""คลัง"",""value"":""206""},{""name"":""ส่งจาก"",""value"":""จังหวัดกาญจนบุรี""}]","Double Serum เซรั่มลดเลือนริ้วรอย จากคลาแรงส์

 “Double Serum” หนึ่งเดียวแห่งผลิตภัณฑ์ลดเลือนริ้วรอยที่ตรงเข้าฟื้นบำรุง 5 ปัจจัยสำคัญเพื่อความงามของผิว  ด้วยที่สุดแห่งนวัตกรรมที่ผสานจากธรรมชาติ กับความล้ำหน้าทางวิทยาศาสตร์ด้วยความเชี่ยวชาญในการพัฒนาผลิตภัณฑ์ลดเลือนริ้วรอย 

ผลิตภัณฑ์ “Double Serum” เซรั่ม ที่เหนือกว่าเซรั่มที่เคยปรากฏมาก่อน ด้วยแนวคิดแห่งการคิดค้น และการพัฒนาตั้งแต่ปี 1985 ซึ่งได้ก่อกำเนิด Double Serum ครั้งแรกกับเซรั่มที่แยกน้ำและน้ำมันออกจากกัน และยังคงตอบโจทย์ความงามแห่งผิวพรรณของหญิงสาวจากวันนั้น ถึงวันนี้ ด้วยนวัตกรรมใหม่ล่าสุดจากการวิจัยของ คลาแรงส์ ได้ผสมผสานสารสกัดจากพืชธรรมชาติ เพื่อมุ่งตรงลดเลือนริ้วรอยบนใบหน้า เพื่อให้ 5 ปัจจัยสำคัญ ที่มอบผลลัพธ์แห่งความของผิวพรรณ ด้วยการเลียนแบบระบบการปรับความสมดุลของผิวสุขภาพดี ระหว่างนํ้าและนํ้ามัน [Hydric + Lipidic System]

เซรั่มปรับสูตรใหม่โดยการเพิ่มสาร Anti-aging และมีส่วนผสมจากธรรมชาติมากถึง 21 ชนิด ที่ช่วยต้านอนุมูลอิสระได้ดี ทำให้ผิวแน่นดูริ้วรอยดูตื้นขึ้น ผิวกระชับ ฟื้นฟูความยืดหยุ่น และให้ความกระจ่างใสด้วยค่ะ เนื้อเซรั่มสูตรพิเศษเนื้อน้ำผสมเนื้อออยล์ ซึมไวเว่อร์ ไม่ทิ้งความเหนอะหนะบนผิวเลย ใช้ได้ทุกสภาพผิว ผิวแพ้ง่ายก็ใช้ได้นะค้าาาา

Double Serum จึงสามารถมอบการบำรุง ช่วยฟื้นคืนการทำงานของ 5 ปัจจัยสำคัญในผิวให้มีการประสิทธิภาพในการลดเลือนทุกสาเหตุของผิวร่วงโรย ไม่ว่าจะเป็นริ้วรอย ผิวไม่เรียบเนียน เพื่อให้ได้ผลลัพธ์ความอ่อนเยาว์ 

 ผิวดูสุขภาพผิวแข็งแรง ผิวเรียบเนียน ผิวแลดูใส
"" ลดเลือนริ้วรอย หนึ่งเซรั่มผสาน 2 คุณค่า"" คลาแรงส์ ขอเชิญท่านเข้าร่วมสัมผัสประสบการณ์ครั้งใหม่ กับผลิตภัณฑ์เซรั่มลดเลือนริ้วรอย ที่สุดของเซรั่มที่ผู้หญิงปรารถนา เพื่อลดเลือนริ้วรอยจากคลาแรงส์ กับการรับมือทุกสัญญาณความร่วงโรย หนึ่งเซรั่มที่ผสานสองคุณค่า

การใช้งาน:

★หยดลงบนฝ่ามือเพียงไม่กี่หยดถูเบา ๆ แล้วกดให้ทั่วใบหน้า แนะนำให้นวดเพื่อกระตุ้นการไหลเวียนของเลือดและการเผาผลาญ

＊ ประเทศต้นทางอาจแตกต่างกันโปรดอ้างอิงจากผลิตภัณฑ์จริง

-------------------------------------------------------------------
tips
เครื่องสำอางสามารถคงคุณภาพได้นานแค่ไหน?
อายุการเก็บรักษาเครื่องสำอางขึ้นอยู่กับช่วงเวลาหลังจากเปิดใช้งานและวันที่ผลิต
ระยะเวลาหลังเปิดใช้งานทำ(อบจ.) ควรใช้เครื่องสำอางบางชนิดภายในระยะเวลาที่กำหนดหลังจากเปิดบรรจุภัณฑ์ เนื่องจากปัจจัยด้านออกซิเดชั่นและจุลชีววิทยา บรรจุภัณฑ์ของเครื่องสำอางค์นั้นๆ ด้านในบรรจุภัณฑ์มีตัวเลขแสดงจำนวนเดือน ในตัวอย่างนี้ใช้จะแสดงว่า สามารถใช้งานได้ 6 เดือนหลังจากเปิดใช้
วันผลิต. เครื่องสำอางที่ยังคงความชุ่มชื่น และไม่สูญเสียคุณภาพ ตามกฎหมายของสหภาพยุโรป ผู้ผลิตจะต้องระบุวันหมดอายุไว้ให้ชัดเจน โดยเฉพาะในเครื่องสำอางที่มีอายุการเก็บรักษาน้อยกว่า 30 เดือน ช่วงเวลาที่เหมาะสมที่สุดสำหรับการใช้งานนับจากวันที่ผลิต:
น้ำหอมที่มีแอลกอฮอล์ - ประมาณ 5 ปี
การดูแลผิว - ขั้นต่ำ 3 ปี
แต่งหน้า - ตั้งแต่ 3 ปี (มาสคาร่า) ถึงมากกว่า 5 ปี (ผง)
-------------------------------------------------------------------

หากคุณยังมีรายการที่คุณต้องการซื้อคุณสามารถซื้อได้ในร้านของเรา
ฉันขอให้คุณช้อปปิ้งมีความสุขหากคุณพบปัญหาใด ๆ โปรดอย่าลังเลที่จะติดต่อเรา",0.0,509,57,,Wed Nov 02 2022 09:49:08 GMT+0000 (Coordinated Universal Time),2,"[{""variations"":[null]}]",https://shopee.co.th,,100630,False,,"[{""name"":""model"",""value"":null}]",0,https://shopee.co.th/%E0%B8%97%E0%B8%A3%E0%B8%B5%E0%B8%97%E0%B9%80%E0%B8%A1%E0%B9%89%E0%B8%99%E0%B8%97%E0%B9%8C-%E0%B9%80%E0%B8%8B%E0%B8%A3%E0%B8%B1%E0%B9%88%E0%B8%A1-cat.11044959.11045204.11046060,,,,
https://shopee.co.th/%E0%B9%80%E0%B8%AA%E0%B8%B7%E0%B9%89%E0%B8%AD%E0%B8%A2%E0%B8%B7%E0%B8%94%E0%B8%84%E0%B8%AD%E0%B8%81%E0%B8%A5%E0%B8%A1Bigsize-JUMBO-2XL-3XL-4XL-GAMING-T-Shirt-CYBERPUNK-2077-yIiQS-4XL_07-i.848695637.23120800183?model_id=146568664893,23120800183,เสื้อยืดคอกลมBigsize JUMBO 2XL 3XL 4XL GAMING T-Shirt CYBERPUNK 2077 yIiQS-4XL_07,0,0.0,0,159.0,159.0,THB,,0,"[""https://down-th.img.susercontent.com/file/sg-11134201-23010-yqq1b350dymv0c_tn"",""https://down-th.img.susercontent.com/file/sg-11134201-23010-a6zdvh60dymv43_tn"",""https://down-th.img.susercontent.com/file/sg-11134201-23010-qx5wcu60dymv3b_tn"",""https://down-th.img.susercontent.com/file/sg-11134201-23010-49c8za70dymve1_tn"",""https://down-th.img.susercontent.com/file/sg-11134201-23010-j69lfp70dymv6c_tn"",""https://down-th.img.susercontent.com/file/sg-11134201-23010-15e79z70dymv4a_tn"",""https://down-th.img.susercontent.com/file/sg-11134201-23010-usrqwb80dymve7_tn""]",,z7g███j4f███,https://shopee.co.th/z7gq9qj4fw,"[""เสื้อผ้าผู้ชาย"",""เสื้อ"",""เสื้อยืด""]","[{""name"":""คลัง"",""value"":""1800""},{""name"":""สไตล์เสื้อผ้า"",""value"":""เกี่ยวกับกีฬา, ธรรมดา, เกาหลี""},{""name"":""เสื้อผ้าสำหรับคนสูง"",""value"":""ไม่""},{""name"":""ประเทศต้นกำเนิดสินค้า"",""value"":""ไทย""},{""name"":""ความยาวของแขนเสื้อ"",""value"":""แขนสั้น""},{""name"":""ขนาดของเสื้อ"",""value"":""คลาสสิก""},{""name"":""ทรงคอเสื้อ"",""value"":""คอกลม""},{""name"":""วัสดุ"",""value"":""ฝ้าย, อื่นๆ""},{""name"":""ลวดลาย"",""value"":""ลายพิมพ์""},{""name"":""ฤดูกาล"",""value"":""ฤดูร้อน""},{""name"":""ขนาดใหญ่"",""value"":""ใช่""},{""name"":""ส่งจาก"",""value"":""จังหวัดฉะเชิงเทรา""}]","🌈🌈🌈ยินดีต้อนรับสู่ แบรนด์ใหม่ 100% พร้อมสต็อก
ขอบคุณที่เลือกค่ะ เคล็ดลับปฏิบัติตามด้านล่างเพื่อความเพลิดเพลินที่ดีขึ้นของคุณ

🎁บอกความลับคลิกที่ ""ติดตาม"" ร้านค้าของเราคุณจะได้รับส่วนลดพิเศษฟรี!

S   : ความยาว: 25 หน้าอก: 34    น้ำหนัก: 40 ~ 50 กก 
M  : ความยาว: 25 หน้าอก: 36    น้ำหนัก: 45 ~ 57.5 กก 
L   : ความยาว: 26 หน้าอก: 37    น้ำหนัก: 50 ~ 62.5 กก 
Xl  : ความยาว: 26หน้าอก: 39    น้ำหนัก: 60 ~ 67.5 กก 
2xl: ความยาว: 27 หน้าอก: 40   น้ำหนัก: 62.5 ~ 72.5 กก 
3xl: ความยาว: 28 หน้าอก: 42   น้ำหนัก: 70 ~ 85 กก 
4xl: ความยาว: 28 หน้าอก: 45   น้ำหนัก: 80 ~ 90 กก  
5xl: ความยาว: 28 หน้าอก: 46   น้ำหนัก: 87.5 ~ 97.5 กก  

หมายเหตุ:
1. โปรดทราบว่าการวัดขนาดและสีของผลิตภัณฑ์จะแตกต่างกันไปในแต่ละชุด 
2. เกี่ยวกับการวัดการวัดผลิตภัณฑ์ควรสังเกตว่าควรพิจารณาความแตกต่าง 2 ซม. สำหรับการซื้อผลิตภัณฑ์ทุกครั้ง ""	
3. โปรดดูแผนภูมิการวัดที่เรามีให้คุณตามขนาดที่เฉพาะเจาะจงเพื่อเลือกขนาดที่เหมาะสมที่สุดสำหรับขนาดของคุณ
4. ภาพถ่ายเพื่อการอ้างอิงเท่านั้นโปรดเหนือกว่าในรูปแบบ


[เคล็ดลับ]
 🍒สีของภาพจะแตกต่างกันเนื่องจากแสงหน้าจอโทรศัพท์หรือคอมพิวเตอร์
 🍒ไม่ว่าคุณจะพบปัญหาหรือความสับสนใดคุณสามารถติดต่อเราได้ตลอดเวลา 

🌸🌸🌸 หากคุณพอใจกับสินค้าและบริการของเราโปรดให้คำชมระดับห้าดาวแก่เราไม่พอใจกับปัญหาโปรดติดต่อเราขอบคุณมาก!",4.08,4984,100,0.00 hours,Wed Aug 24 2022 08:42:41 GMT+0000 (Coordinated Universal Time),23,"[{""name"":""Color"",""variations"":[""Color""]},{""name"":""2XL"",""variations"":[""3XL"",""4XL"",""M"",""L."",""XL"",""2XL""]}]",https://shopee.co.th,,100011,False,,"[{""name"":""model"",""value"":""Color,2XL""}]",0,https://shopee.co.th/%E0%B9%80%E0%B8%AA%E0%B8%B7%E0%B9%89%E0%B8%AD%E0%B8%A2%E0%B8%B7%E0%B8%94%E0%B8%AA%E0%B8%81%E0%B8%A3%E0%B8%B5%E0%B8%99%E0%B8%95%E0%B8%B1%E0%B8%A7%E0%B8%AB%E0%B8%99%E0%B8%B1%E0%B8%87%E0%B8%AA%E0%B8%B7%E0%B8%AD-cat.11044945.11045067.11045424,,,,
https://shopee.co.th/KUMALL-%E0%B8%8B%E0%B8%B7%E0%B9%89%E0%B8%AD%E0%B8%95%E0%B8%AD%E0%B8%99%E0%B8%99%E0%B8%B5%E0%B9%89%E0%B9%81%E0%B8%A5%E0%B8%B0%E0%B8%A3%E0%B8%B1%E0%B8%9A%E0%B8%9F%E0%B8%A3%E0%B8%B5%E0%B8%9C%E0%B9%89%E0%B8%B2%E0%B8%A1%E0%B9%87%E0%B8%AD%E0%B8%9A5%E0%B8%9C%E0%B8%B7%E0%B8%99-%E0%B9%84%E0%B8%A1%E0%B9%89%E0%B8%96%E0%B8%B9%E0%B8%9E%E0%B8%B7%E0%B9%89%E0%B8%99-Spin-Mop-%E0%B8%8A%E0%B8%B8%E0%B8%94%E0%B8%96%E0%B8%B1%E0%B8%87%E0%B8%9B%E0%B8%B1%E0%B9%88%E0%B8%99%E0%B8%A1%E0%B9%8A%E0%B8%AD%E0%B8%9A%E0%B8%AA%E0%B9%81%E0%B8%95%E0%B8%99%E0%B9%80%E0%B8%A5%E0%B8%AA-%E0%B8%9C%E0%B9%89%E0%B8%B22+3=5-%E0%B8%9C%E0%B8%B7%E0%B8%99-%E0%B8%9E%E0%B8%A3%E0%B9%89%E0%B8%AD%E0%B8%A1%E0%B9%84%E0%B8%A1%E0%B9%89%E0%B8%96%E0%B8%B9%E0%B8%9E%E0%B8%B7%E0%B9%89%E0%B8%99%E0%B9%81%E0%B8%A5%E0%B8%B0%E0%B8%9C%E0%B9%89%E0%B8%B2%E0%B8%A1%E0%B9%8A%E0%B8%AD%E0%B8%9A-%E0%B9%80%E0%B8%AB%E0%B8%A5-i.27023609.5108171946?model_id=10377970943,5108171946,KUMALL ซื้อตอนนี้และรับฟรีผ้าม็อบ5ผืน ไม้ถูพื้น Spin Mop ชุดถังปั่นม๊อบสแตนเลส ผ้า2+3=5 ผืน พร้อมไม้ถูพื้นและผ้าม๊อบ เหล,0,4.6,0,399.0,159.0,THB,,0,"[""https://down-th.img.susercontent.com/file/th-11134207-7r98r-lwo0cy69lltc93_tn"",""https://down-th.img.susercontent.com/file/th-11134207-7r98x-llusxcttv6a64b_tn"",""https://down-th.img.susercontent.com/file/th-11134207-7r990-llusxctttrpq13_tn"",""https://down-th.img.susercontent.com/file/th-11134207-7r98x-llusxcttv6djd4_tn"",""https://down-th.img.susercontent.com/file/th-11134207-7r990-llusxctu97ym21_tn"",""https://down-th.img.susercontent.com/file/th-11134207-7r98t-llusxcttzdzi74_tn"",""https://down-th.img.susercontent.com/file/th-11134207-7r98s-ln2btlcbf8gj01_tn"",""https://down-th.img.susercontent.com/file/th-11134207-7r98o-lwo0cy69ptio66_tn""]",,KUM███ Of███ial██████,https://shopee.co.th/lianfeiyang,"[""เครื่องใช้ในบ้าน"",""อุปกรณ์ซักรีดและผลิตภัณฑ์ดูแลบ้าน"",""ไม้ถูพื้น""]","[{""name"":""คลัง"",""value"":""10607""},{""name"":""สินค้า"",""value"":""KUMALL(คูมอล)""},{""name"":""ส่งจาก"",""value"":""จังหวัดกรุงเทพมหานคร""}]",,4.55,229,85,3.45 hours,Wed Jul 05 2017 04:20:37 GMT+0000 (Coordinated Universal Time),72499,"[{""name"":""spinmopA8"",""variations"":[""A8-blue ผ้า5"",""A8-grey ผ้า5""]}]",https://shopee.co.th,KUMALL(คูมอล),100636,False,,"[{""name"":""model"",""value"":""A8-grey ผ้า5""}]",0,https://shopee.co.th/%E0%B9%84%E0%B8%A1%E0%B9%89%E0%B8%81%E0%B8%A7%E0%B8%B2%E0%B8%94%E0%B9%81%E0%B8%A5%E0%B8%B0%E0%B9%84%E0%B8%A1%E0%B9%89%E0%B8%96%E0%B8%B9%E0%B8%9E%E0%B8%B7%E0%B9%89%E0%B8%99-cat.11044956.11045179.11045821,,,,
https://shopee.co.th/[%E0%B8%AA%E0%B9%88%E0%B8%87%E0%B8%9F%E0%B8%A3%E0%B8%B5]-%E0%B8%81%E0%B8%B4%E0%B9%8A%E0%B8%9F%E0%B8%8B%E0%B9%8A%E0%B8%AD%E0%B8%9F-%E0%B8%95%E0%B8%B4%E0%B8%94%E0%B8%9C%E0%B8%A1-%E0%B9%80%E0%B8%84%E0%B8%A3%E0%B8%B7%E0%B9%88%E0%B8%AD%E0%B8%87%E0%B8%9B%E0%B8%A3%E0%B8%B0%E0%B8%94%E0%B8%B1%E0%B8%9A%E0%B8%99%E0%B9%88%E0%B8%B2%E0%B8%A3%E0%B8%B1%E0%B8%81-%E0%B8%A2%E0%B8%B2%E0%B8%87%E0%B8%A3%E0%B8%B1%E0%B8%94%E0%B8%9C%E0%B8%A1%E0%B8%A5%E0%B8%B2%E0%B8%A2%E0%B8%81%E0%B8%B2%E0%B8%95%E0%B8%B9%E0%B8%99%E0%B8%95%E0%B9%8C%E0%B8%84%E0%B8%A5%E0%B8%B0%E0%B8%A5%E0%B8%B2%E0%B8%A2-10-20-%E0%B8%8A%E0%B8%B4%E0%B9%89%E0%B8%99-i.941699070.27010050795,27010050795,[ส่งฟรี] กิ๊ฟซ๊อฟ ติดผม เครื่องประดับน่ารัก ยางรัดผมลายกาตูนต์คละลาย 10-20 ชิ้น,0,0.0,0,299.0,299.0,THB,,0,"[""https://down-th.img.susercontent.com/file/th-11134207-7r98r-lzpyco9qfzwhc3_tn"",""https://down-th.img.susercontent.com/file/th-11134207-7r98o-lzpyw2egtacpdd_tn"",""https://down-th.img.susercontent.com/file/th-11134207-7r98u-lzpyvln9c0bt69_tn"",""https://down-th.img.susercontent.com/file/th-11134207-7r98w-lzpydmsrwyi160_tn"",""https://down-th.img.susercontent.com/file/th-11134207-7r98x-lzpyvdf7d8xt23_tn"",""https://down-th.img.susercontent.com/file/th-11134207-7r991-lzpywcl9wi9t73_tn"",""https://down-th.img.susercontent.com/file/th-11134207-7r98s-lzpywnzx8z9d42_tn"",""https://down-th.img.susercontent.com/file/th-11134207-7r98x-lzpywwryd3mx04_tn"",""https://down-th.img.susercontent.com/file/th-11134207-7r98x-lzpyv5omowoxfe_tn""]",,PJK███fic███Sho███,https://shopee.co.th/pjk_officialshop,"[""เครื่องประดับ"",""เครื่องประดับผม"",""อื่นๆ""]","[{""name"":""คลัง"",""value"":""80""},{""name"":""ประเทศต้นกำเนิดสินค้า"",""value"":""ไทย""},{""name"":""เพศ"",""value"":""ทั้งสองเพศ""},{""name"":""ส่งจาก"",""value"":""จังหวัดเลย""}]","กิ๊ฟซ๊อฟลายกาตูนน่ารักหลากหลายแบบ ทั้ง คาดผม ยางรัดผม กำไรข้อมือ แผ่นหอม ต่างๆอีกมากมาย 
เครื่องประดับต่างๆ รวมลายน่ารัก กาตูน ลายหายาก จัดส่งให้แบบคละลาย
จำนวน 1 กล่อง มีทั้งหมด 10-20 ชิ้น 

**หากต้องการพิเศษ สามารถทักแชท หรือ แจ้งหน้าไลฟ์สดได้**",4.8,176,97,1.63 hours,Sun Jan 22 2023 13:53:57 GMT+0000 (Coordinated Universal Time),47745,"[{""variations"":[null]}]",https://shopee.co.th,,100009,False,,"[{""name"":""model"",""value"":null}]",0,https://shopee.co.th/%E0%B8%AD%E0%B8%B7%E0%B9%88%E0%B8%99%E0%B9%86-cat.11044954.11045152.11046437,"[{""claimable"":false,""currency"":""THB"",""discount"":null,""discount_cap"":500000,""discount_percentage"":50,""min_spend"":900000,""shop_vouncher"":""PJK OfficialShop"",""special_condition"":null,""text_info"":""PJKOCAM99"",""validity_end"":""2024-09-09T16:59:00.000Z"",""validity_start"":""2024-09-08T17:00:00.000Z""}]",,,
https://shopee.co.th/Pre-Order-*-Polene-%E0%B8%A3%E0%B8%B8%E0%B9%88%E0%B8%99-Cyme-Mini-%E0%B8%82%E0%B8%AD%E0%B8%87%E0%B9%81%E0%B8%97%E0%B9%89-100%-i.2711749.25222177205?model_id=207410745656,25222177205,Pre Order * Polene รุ่น Cyme Mini ของแท้ 100%,0,4.7,0,20900.0,20900.0,THB,,0,"[""https://down-th.img.susercontent.com/file/th-11134207-7r98q-luvhzbp53djp04_tn"",""https://down-th.img.susercontent.com/file/th-11134207-7r98x-luvhzbp54s4566_tn"",""https://down-th.img.susercontent.com/file/th-11134207-7r98x-luvhzbp566old0_tn"",""https://down-th.img.susercontent.com/file/th-11134207-7r98p-ltmhmor221rz9d_tn"",""https://down-th.img.susercontent.com/file/th-11134207-7r98w-ltmhmor23gcf19_tn"",""https://down-th.img.susercontent.com/file/th-11134207-7r991-ltmhpnmy2lj3be_tn"",""https://down-th.img.susercontent.com/file/th-11134207-7r98q-ltmhpnmxojun2c_tn"",""https://down-th.img.susercontent.com/file/th-11134207-7r990-ltmhpnmxojew0d_tn"",""https://down-th.img.susercontent.com/file/th-11134207-7r98s-ltmhznc7av7j5c_tn""]",,san███epu███c,https://shopee.co.th/sandyrepublic,"[""กระเป๋าผู้หญิง"",""กระเป๋าถือ""]","[{""name"":""คลัง"",""value"":""22""},{""name"":""สินค้า"",""value"":""Polene(โพลีน)""},{""name"":""ส่งจาก"",""value"":""จังหวัดกรุงเทพมหานคร""}]","สินค้า pre order 
รอสินค้าประมาณ 1 เดือนค่ะ

Polene Cyme Mini

ขนาด 22 x 33 x 13 cm
สายสะพาย 2 เส้น 40 และ 60 cm
มาพร้อมกระเป๋าใบเล็ก 20.5 x 12 cm 
เป็นกระเป๋าถือ คล้องแขน หรือสะพายไหล่ได้

กระเป๋าทำจากหนังลูกวัวแท้ เย็บมือโดยกลุ่มช่างฝีมือจากเมือง Ubrique ประเทศสเปน สวยงาม ทนทาน น่าใช้มากค่ะ 

มาพร้อม การ์ด ถุงผ้า กล่อง 

รับประกันของแท้ 100%

*****************************************
** รบกวนอ่านก่อนสั่งซื้อนะคะ *

- รับประกันสินค้าของแท้ทุกรายการค่ะ

- ขนาดของกระเป๋าที่แจ้งไว้ เป็นขนาดที่ฐานกระเป๋านะคะ (ความยาวฐาน x ความสูง x ความกว้างฐาน)

- สินค้าส่งออกแล้วไม่รับเปลี่ยนหรือคืนค่ะ ลูกค้าตรวจสอบไซส์และสีให้มั่นใจก่อนสั่งซื้อนะคะ 

- สินค้ามีตำหนิ แจ้งเคลมได้ภายใน 3 วันนับจากวันที่ลูกค้าได้รับกระเป๋าค่ะ

ถ้าลูกค้ามีคำถามเพิ่มเติม สอบถามทางแชทได้ค่ะ ยินดีตอบคำถามค่ะ

********************************************
",4.94,278,98,0.70 hours,Tue Jan 12 2016 02:50:30 GMT+0000 (Coordinated Universal Time),14250,"[{""name"":""สี"",""variations"":[""Camel"",""Taupe"",""Black"",""Cognac""]},{""name"":""วิธีชำระเงิน"",""variations"":[""ชำระเต็ม"",""ผ่อนชำระ""]}]",https://shopee.co.th,Polene(โพลีน),100016,False,,"[{""name"":""model"",""value"":""Cognac,ชำระเต็ม""}]",0,https://shopee.co.th/%E0%B8%81%E0%B8%A3%E0%B8%B0%E0%B9%80%E0%B8%9B%E0%B9%8B%E0%B8%B2%E0%B8%96%E0%B8%B7%E0%B8%AD%E0%B8%9C%E0%B8%B9%E0%B9%89%E0%B8%AB%E0%B8%8D%E0%B8%B4%E0%B8%87-cat.11044964.11045278.11046313,,,,
https://shopee.co.th/%E0%B8%95%E0%B8%B1%E0%B8%A7%E0%B9%83%E0%B8%AB%E0%B8%A1%E0%B9%88_%E0%B8%9B%E0%B9%89%E0%B8%B2%E0%B8%A2%E0%B9%84%E0%B8%97%E0%B8%A2_%E0%B8%82%E0%B8%AD%E0%B8%87%E0%B9%81%E0%B8%97%E0%B9%89100%_Clarins-Double-Serum-Eye-0.9-ml-(%E0%B9%81%E0%B8%9A%E0%B8%9A%E0%B8%8B%E0%B8%AD%E0%B8%87)-i.85102365.11947147106?model_id=102339687176,11947147106,ตัวใหม่_ป้ายไทย_ของแท้100%_Clarins Double Serum Eye 0.9 ml (แบบซอง),0,4.8,0,100.0,100.0,THB,0.0,0,"[""https://down-th.img.susercontent.com/file/d001031fc38a16443e03d27cdfe0d549_tn"",""https://down-th.img.susercontent.com/file/43ec140b00c9cfaf9cccb4a2f9b105a8_tn"",""https://down-th.img.susercontent.com/file/3c31a254ed385b4aaa41c8cd4941ea82_tn"",""https://down-th.img.susercontent.com/file/f579fd33127b3df43bc588465cd435eb_tn"",""https://down-th.img.susercontent.com/file/81a54a68df4f8b757481f934ac300a67_tn"",""https://down-th.img.susercontent.com/file/321ab731b32fa96b92ac49a0dea83bc1_tn"",""https://down-th.img.susercontent.com/file/06015387baec1083a0c223a3e5ad5f77_tn"",""https://down-th.img.susercontent.com/file/d3749093a0a55c5edf49a9d8afbdaf15_tn""]",,NAC███aut███,https://shopee.co.th/nacbeauty,"[""ผลิตภัณฑ์บำรุงและเสริมความงาม"",""ผลิตภัณฑ์บำรุงบริเวณใบหน้า"",""ผลิตภัณฑ์ดูแลดวงตา"",""ครีมบำรุงรอบดวงตา""]","[{""name"":""คลัง"",""value"":""60""},{""name"":""สินค้า"",""value"":""Clarins(คาแรงส์)""},{""name"":""สรรพคุณของผลิตภัณฑ์ดูแลผิวหน้า"",""value"":""ลดริ้วรอย, จุดด่างดำ / รอยดำ, ริ้วรอย""},{""name"":""ชนิดของผิว"",""value"":""ทุกสภาพผิว""},{""name"":""ส่งจาก"",""value"":""จังหวัดปทุมธานี""}]","Clarins Double Serum Eye 0.9 ml (แบบซอง)
ของแท้100%

บำรุงเข้มข้นพิเศษ 2 เท่า มีส่วนผสมจากธรรมชาติถึง 96% และเปี่ยมด้วย คุณค่าการบำรุงของสารสกัดจากพืชพรรณ ธรรมชาติ 13 ชนิด รวมทั้งสารสกัดประสิทธิภาพสูง จาก organic wild chervil ที่มอบการบำรุงอันทรงคุณประโยชน์ และ Turmeric ที่ช่วยเสริม
การทำงาน 5 ประการของผิว ให้ผลลัพธ์ที่ชัดเจนผิวรอบดวงตาดูอ่อนกว่าวัย

ผลลัพธ์ที่ได้

-ริ้วรอยดูตื้นขึ้น
-ลดอาการบวมและรอยคล้ำ
-บำรุงและปกป้องผิวรอบดวงตา
-ผิวบริเวณรอบดวงตาดูกระจ่างใส
-มีส่วนผสมของ Anti-Pollution Complex ช่วยปกป้องรอบดวงตาจากอันตรายของแสงสีฟ้า
-เหมาะกับสภาพผิว : ทุกสภาพผิว
-คุณสมบัติการบำรุงผิว : ต่อต้านและลดริ้วรอย, ต่อต้านอนุมูลอิสระ, ต่อต้านอนุมูลอิสระ, เพิ่มความชุ่มชื้น, เพิ่มความชุ่มชื้น, ผิวกระจ่างใส, ปรับสมดุลผิว, ปรับสมดุลผิว, ลดรอยแดง, ลดจุดด่างดำ, กระชับผิวหน้า, กระชับรูขุมขน",4.91,750,99,0.87 hours,Sun Aug 19 2018 02:23:21 GMT+0000 (Coordinated Universal Time),36428,"[{""name"":""แบบ"",""variations"":[""ป้ายไทย"",""แยกจากเซ็ต""]}]",https://shopee.co.th,Clarins(คาแรงส์),100630,False,,"[{""name"":""model"",""value"":""ป้ายไทย""}]",0,https://shopee.co.th/%E0%B8%9A%E0%B8%B3%E0%B8%A3%E0%B8%B8%E0%B8%87%E0%B8%A3%E0%B8%AD%E0%B8%9A%E0%B8%94%E0%B8%A7%E0%B8%87%E0%B8%95%E0%B8%B2-cat.11044959.11045204.11046056,"[{""claimable"":false,""currency"":""THB"",""discount"":null,""discount_cap"":1000000,""discount_percentage"":4,""min_spend"":25000000,""shop_vouncher"":""NAC Beauty"",""special_condition"":null,""text_info"":""NACBSA10"",""validity_end"":""2024-09-05T16:48:00.000Z"",""validity_start"":""2024-06-04T15:48:00.000Z""}]",,,
https://shopee.co.th/Lucy-Eyes-Cyberpunk-Edgerunners-T-Shirt-Men-Women-Anime-Teen-Black-%E0%B9%80%E0%B8%AA%E0%B8%B7%E0%B9%89%E0%B8%AD%E0%B8%A2%E0%B8%B7%E0%B8%94%E0%B8%A5%E0%B8%B3%E0%B8%A5%E0%B8%AD%E0%B8%87%E0%B8%A4%E0%B8%94%E0%B8%B9%E0%B8%A3%E0%B9%89%E0%B8%AD%E0%B8%99-S-5XL-i.808948155.22178450891?model_id=196993841063,22178450891,Lucy Eyes Cyberpunk Edgerunners T-Shirt Men Women Anime Teen Black เสื้อยืดลำลองฤดูร้อน S-5XL,0,0.0,0,188.0,188.0,THB,,0,"[""https://down-th.img.susercontent.com/file/sg-11134201-7rbk0-ll317yn46uk16f_tn"",""https://down-th.img.susercontent.com/file/sg-11134201-7rbk0-ll317uq5vpzc7f_tn"",""https://down-th.img.susercontent.com/file/sg-11134201-7r98o-lkjdo42eyniwf5_tn"",""https://down-th.img.susercontent.com/file/sg-11134201-7rbk0-ll317zfozmzce7_tn"",""https://down-th.img.susercontent.com/file/sg-11134201-7rbk0-ll317vxg4dm841_tn"",""https://down-th.img.susercontent.com/file/sg-11134201-7rbk0-ll317wo31e0hf8_tn"",""https://down-th.img.susercontent.com/file/sg-11134201-7r98o-ll317x8c7rjc8c_tn"",""https://down-th.img.susercontent.com/file/sg-11134201-7rbk0-ll317y0d2qod57_tn"",""https://down-th.img.susercontent.com/file/sg-11134201-7rbk0-ll317vccz8rc50_tn""]",,8fh███ncp███,https://shopee.co.th/8fhcuxncpr,"[""เสื้อผ้าผู้ชาย"",""เสื้อ"",""เสื้อยืด""]","[{""name"":""คลัง"",""value"":""47951""},{""name"":""ความยาวของแขนเสื้อ"",""value"":""แขนสั้น""},{""name"":""ลวดลาย"",""value"":""อื่นๆ""},{""name"":""ส่งจาก"",""value"":""จังหวัดราชบุรี""}]","เหมาะสำหรับคู่รัก ผู้ชาย ผู้หญิง วัยรุ่น
- ใหม่เอี่ยม 100%
- วัสดุผ้าฝ้าย
- สี: ดำ, ขาว, เทา, แดง, เหลือง, ชมพู, เขียว, น้ำเงิน, ม่วง, ส้ม, สีกากี, น้ำเงินเข้ม，สีม่วง, สีส้ม, สีกากี, สีน้ำเงินเข้ม
- ขนาดล่าสุดของเรา: -S-M-L-XL-2XL-3XL-4XL-5XL
ขนาด (1 นิ้ว = 2.54 ซม.):
S: อก: 35"", ความยาว: 26"", เหมาะสำหรับน้ำหนัก 40-50kg
M: หน้าอก: 36"", ความยาว: 26"", เหมาะสำหรับน้ำหนัก 45-57.5kg
L: อก: 38"", ยาว: 26"", เหมาะสำหรับน้ำหนัก 50-62.5kg
XL: อก: 40"", ยาว: 27"", เหมาะสำหรับน้ำหนัก 60-67.5kg
2XL: อก: 41"", ยาว: 27"", เหมาะสำหรับน้ำหนัก 62.5-72.5kg
3XL: อก: 43"", ยาว: 28"", เหมาะสำหรับน้ำหนัก 70-85kg
4XL: อก: 45"", ยาว: 28"", เหมาะสำหรับน้ำหนัก 80-90kg
5XL: อก: 46"", ยาว: 29"", เหมาะสำหรับน้ำหนัก 87.5-97.5kg
【เวลาจราจร】
~ประมาณ 3~7 วัน ขึ้นอยู่กับโลจิสติกส์และที่อยู่ในการจัดส่งของคุณ
【บำรุงรักษา】
~ แยกเสื้อผ้าสีขาวและสีอ่อนออกจากสีเข้ม การเปลี่ยนสีเมื่อซัก และควรแยกความแตกต่างระหว่างผ้าหนาและผ้าบางประเภทผ้า
~อย่าใช้ความร้อนสูงในการตากผ้า
~ หลีกเลี่ยงการซักด้วยสารฟอกขาว
~ เสื้อผ้าสีควรตากในที่ร่มหรือตากแดดไม่ตากแดด มิฉะนั้น สีของผ้าจะเสื่อมลง
~ อย่าบิดผ้าแรงเกินไป
~ เวลารีดควรรีดสีด้านใน การซีดจางหรือแก่เร็ว
~ หลีกเลี่ยงการใช้ความร้อนในบริเวณการพิมพ์ ผ้า/วัสดุ: ผ้าฝ้าย/ผ้าฝ้าย.
ประเภทปลอกคอ: รอบคอ ความยาว: แขนสั้น
รายละเอียดสไตล์เสื้อผ้า: การพิมพ์
สไตล์: พักผ่อน，ทำงาน",3.14,425,57,,Sun Jul 03 2022 09:41:42 GMT+0000 (Coordinated Universal Time),28,"[{""name"":""สี"",""variations"":[""สีเขียว"",""Gray"",""ดำ"",""สีชมพู"",""Light purple"",""Dark gray"",""Navy"",""สีขาว""]},{""name"":""Size"",""variations"":[""XXL"",""XS"",""S"",""XL"",""M"",""L""]}]",https://shopee.co.th,,100011,False,,"[{""name"":""model"",""value"":""ดำ,XXL""}]",0,https://shopee.co.th/%E0%B9%80%E0%B8%AA%E0%B8%B7%E0%B9%89%E0%B8%AD%E0%B8%A2%E0%B8%B7%E0%B8%94%E0%B8%AA%E0%B8%81%E0%B8%A3%E0%B8%B5%E0%B8%99%E0%B8%95%E0%B8%B1%E0%B8%A7%E0%B8%AB%E0%B8%99%E0%B8%B1%E0%B8%87%E0%B8%AA%E0%B8%B7%E0%B8%AD-cat.11044945.11045067.11045424,,,,
https://shopee.co.th/WTHB-%E0%B9%80%E0%B8%81%E0%B9%89%E0%B8%B2%E0%B8%AD%E0%B8%B5%E0%B9%89%E0%B8%AA%E0%B8%99%E0%B8%B2%E0%B8%A1-%E0%B9%80%E0%B8%81%E0%B9%89%E0%B8%B2%E0%B8%AD%E0%B8%B5%E0%B9%89%E0%B9%81%E0%B8%84%E0%B8%A1%E0%B8%9B%E0%B9%8C%E0%B8%9B%E0%B8%B4%E0%B9%89%E0%B8%87-%E0%B9%81%E0%B8%96%E0%B8%A1%E0%B8%96%E0%B8%B8%E0%B8%87%E0%B8%88%E0%B8%B1%E0%B8%94%E0%B9%80%E0%B8%81%E0%B9%87%E0%B8%9A-%E0%B9%81%E0%B8%9A%E0%B8%9A%E0%B8%9E%E0%B8%81%E0%B8%9E%E0%B8%B2-%E0%B8%97%E0%B9%88%E0%B8%AD%E0%B8%AD%E0%B8%A5%E0%B8%B9%E0%B8%A1%E0%B8%B4%E0%B9%80%E0%B8%99%E0%B8%B5%E0%B8%A2%E0%B8%A1%E0%B8%AB%E0%B8%99%E0%B8%B2-Camping-Chair-%E0%B8%A3%E0%B8%B1%E0%B8%9A%E0%B8%99%E0%B9%89%E0%B8%B3%E0%B8%AB%E0%B8%99%E0%B8%81%E0%B9%84%E0%B8%94%E0%B9%89-250kg-i.1071816656.25055859154?model_id=214847021466,25055859154,WTHB เก้าอี้สนาม เก้าอี้แคมป์ปิ้ง แถมถุงจัดเก็บ แบบพกพา ท่ออลูมิเนียมหนา Camping Chair รับน้ำหนกได้ 250kg,0,4.9,0,1499.0,489.0,THB,,0,"[""https://down-th.img.susercontent.com/file/th-11134207-7r98q-lyxjs9h8n7ghc5_tn"",""https://down-th.img.susercontent.com/file/th-11134207-7r98v-lxq9javukxwwef_tn"",""https://down-th.img.susercontent.com/file/th-11134207-7r98z-lpw1sgr92vx60c_tn"",""https://down-th.img.susercontent.com/file/th-11134207-7r98u-lpw1sgr8yo7u22_tn"",""https://down-th.img.susercontent.com/file/th-11134207-7r992-lpw1sgr91hcq00_tn"",""https://down-th.img.susercontent.com/file/th-11134207-7r98u-lpw1sgr94ahm82_tn"",""https://down-th.img.susercontent.com/file/th-11134207-7r98x-lpw1sgs2qfacb2_tn"",""https://down-th.img.susercontent.com/file/th-11134207-7r98x-lpw1sgs2rtus3c_tn"",""https://down-th.img.susercontent.com/file/th-11134207-7r98w-lpw1sgr902sa89_tn""]",,Tra███ues███,https://shopee.co.th/trailquest,"[""กีฬาและกิจกรรมกลางแจ้ง"",""อุปกรณ์เล่นกีฬาและกิจกรรมกลางแจ้ง"",""อุปกรณ์ตั้งแคมป์และเดินป่า"",""สินค้าอื่นๆ""]","[{""name"":""คลัง"",""value"":""12536""},{""name"":""สินค้า"",""value"":""WTHB Outdoor(ดับบลิ้วทีเอชบี เอาท์ดอร์)""},{""name"":""ส่งจาก"",""value"":""จังหวัดสมุทรปราการ""}]","🌼🌼ยินดีต้อนรับเข้าสู่ร้าน WTHB🌼🌼
👉ติดตามร้าน รับข่าวสารโปรโมชั่นล่าสุด
***ทางร้านยินดีให้คำปรึกษาและแนะนำสินค้าของทางร้าน ตลอด 24 ชั่วโมงค่ะ ***
⚡️กรุงเทพฯหรืออยู่ใกล้กับกรุงเทพฯ ส่งถึงภายใน 1-2 วััน  ผลิตภัณฑ์ของเรามีในสต็อก คลังสินค้าของเราอยู่ในกรุงเทพ
⚡️ต่างจังหวัด ส่งถึงภายใน 2-4 วัน
🛒วิธีชำระเงิน การชำระเงินออนไลน์ และ การเก็บเงินปลายทางCOD
⛔️กรุณาอ่านรายละเอียดให้ครบก่อนสั่งนะคะ⛔️

พารามิเตอร์ผลิตภัณฑ์:
-Type: เก้าอี้พับกลางแจ้ง
✨รุ่นอัพเกรด!✨ 
เสริมประสิทธิภาพ 5 ⭐ประการ + อัปเกรดบรรจุภัณฑ์
✅1、ผ้าสองชั้นทนทานกว่า! พนักพิงใช้ผ้าอ็อกฟอร์ด 600D เสริมความหนาแน่นสูง 2 ชั้น
✅2、การออกแบบกระเป๋าตาข่ายด้านข้างที่เป็นเอกลักษณ์ ฟังก์ชันการเก็บของที่ดีขึ้น
✅3、ใช้พลาสติกวิศวกรรมที่ทนทานต่อการสึกหรอ ทนต่อความเย็นจัด และป้องกันการชุบแข็ง
✅4、รายละเอียดได้รับการปรับให้เหมาะสมยิ่งขึ้น ที่พักเท้า ที่พักแขน และร่องดอกยางได้รับการอัพเกรด
✅5、ใช้บรรจุภัณฑ์ที่อัปเกรดแล้ว กล่อง + ถุงเก็บของแบบสองชั้น
----------------------------- 
⭐1、พับได้！พกพาสะดวก！
⭐2、รับน้ำหนักได้ 300KG
⭐3、กระเป๋าเก็บของด้านข้าง (กระเป๋าเก็บของแบบค)
⭐4、แถมกระเป๋าเก็บของแบบพกพา
----------------------------- 
รายละเอียดสินค้า
ชื่อผลิตภัณฑ์:เก้าอี้พับ
ขนาดที่กาง:65*65*47 CM 
น้ำหนัก：2.8KG 
เก้าอี้รับน้ำหนักได้ 300 กก. -----------------------------
 ผ้าอ๊อกฟอร์ดเพิ่มหนา + ท่อเหล็กพ่นสีคุณภาพสูง 
กล่องเพิ่มหนาห้าชั้น การป้องกันสองชั้น ทำให้ลูกค้าได้รับสินค้าที่พอใจ 
นำไปใช้กับ：การตกปลา, แคมป์ปิ้ง,ปิกนิก,ปาร์ตี้กลางแจ้ง,ร่างศิลปะ",4.82,50,99,0.03 hours,Sun Sep 10 2023 09:48:56 GMT+0000 (Coordinated Universal Time),8624,"[{""name"":""colour"",""variations"":[""⚫สีดําหนาขึ้น"",""⚪สีขาวหนาขึ้น"",""🟤สีกากีหนาขึ้น"",""🟢สีเขียวหนาขึ้น"",""สีดํา（อัพเกรด）"",""สีพื้น（อัพเกรด）"",""สีคาซิโด（อัพเกรด）"",""สีดํา（55*41*95cm）"",""สีน้ําเงิน（ขยาย）"",""สีเขียว（55*41*95cm）"",""เทา（55*41*95cm）"",""nail""]}]",https://shopee.co.th,WTHB Outdoor(ดับบลิ้วทีเอชบี เอาท์ดอร์),100637,False,,"[{""name"":""model"",""value"":""สีเขียว（55*41*95cm）""}]",0,https://shopee.co.th/%E0%B8%AD%E0%B8%B7%E0%B9%88%E0%B8%99%E0%B9%86-cat.11044962.11045239.11046537,"[{""claimable"":false,""currency"":""THB"",""discount"":null,""discount_cap"":1000000000,""discount_percentage"":1,""min_spend"":10000000,""shop_vouncher"":""TrailQuest"",""special_condition"":null,""text_info"":""TRAINX8YY"",""validity_end"":""2024-10-31T06:56:16.000Z"",""validity_start"":""2024-09-03T04:00:00.000Z""}]",,,
https://shopee.co.th/%E0%B9%80%E0%B8%AA%E0%B8%B7%E0%B9%89%E0%B8%AD%E0%B8%9F%E0%B8%AD%E0%B8%81%E0%B8%A7%E0%B8%B4%E0%B8%99%E0%B9%80%E0%B8%97%E0%B8%88-%E0%B8%A3%E0%B8%A7%E0%B8%A1%E0%B9%80%E0%B8%AA%E0%B8%B7%E0%B9%89%E0%B8%AD%E0%B8%A7%E0%B8%87-%E0%B8%87%E0%B8%B2%E0%B8%99%E0%B8%9B%E0%B9%89%E0%B8%B2%E0%B8%A2All-in-%E0%B8%87%E0%B8%B2%E0%B8%99%E0%B8%9C%E0%B9%89%E0%B8%B2%E0%B8%9F%E0%B8%AD%E0%B8%81%E0%B9%81%E0%B8%97%E0%B9%89100%-i.17162736.22269798742?model_id=241437432672,22269798742,เสื้อฟอกวินเทจ รวมเสื้อวง งานป้ายAll in งานผ้าฟอกแท้100%,0,4.9,0,169.0,169.0,THB,,0,"[""https://down-th.img.susercontent.com/file/th-11134207-7qul9-lhip0wwpysyb1f_tn"",""https://down-th.img.susercontent.com/file/th-11134207-7qul3-lhip0wyxvk4j66_tn"",""https://down-th.img.susercontent.com/file/th-11134207-7qul0-lhip0wyxvk0jed_tn"",""https://down-th.img.susercontent.com/file/th-11134207-7qula-lhip0wyyb0dfed_tn"",""https://down-th.img.susercontent.com/file/th-11134207-7qul5-lhip0wz7v5ebb8_tn"",""https://down-th.img.susercontent.com/file/th-11134207-7qul3-lhipbtwwt8gja9_tn"",""https://down-th.img.susercontent.com/file/th-11134207-7quky-lhipbtwwt8kj8c_tn"",""https://down-th.img.susercontent.com/file/th-11134207-7r98v-lzgncvzrq7whe2_tn"",""https://down-th.img.susercontent.com/file/th-11134207-7r992-lzgnbpcu4eqx4a_tn""]",,ale███ni,https://shopee.co.th/lala_shop269,"[""เสื้อผ้าผู้ชาย"",""เสื้อ"",""เสื้อยืด""]","[{""name"":""คลัง"",""value"":""9761""},{""name"":""สไตล์เสื้อผ้า"",""value"":""ธรรมดา, เกาหลี, ย้อนยุค, สไตล์สตรีท, เหมาะกับแต่ละบุคคล""},{""name"":""เสื้อผ้าสำหรับคนสูง"",""value"":""ใช่""},{""name"":""ความยาวเสื้อ"",""value"":""ยาว""},{""name"":""ประเทศต้นกำเนิดสินค้า"",""value"":""ไทย""},{""name"":""ความยาวของแขนเสื้อ"",""value"":""แขนสั้น""},{""name"":""ขนาดของเสื้อ"",""value"":""โคร่ง""},{""name"":""ทรงคอเสื้อ"",""value"":""คอกลม""},{""name"":""ลวดลาย"",""value"":""อื่นๆ""},{""name"":""ขนาดใหญ่"",""value"":""ใช่""},{""name"":""ประเภทของหนัง"",""value"":""ไม่มี""},{""name"":""วัสดุ"",""value"":""คอตตอน""},{""name"":""ฤดูกาล"",""value"":""ทุกฤดู""},{""name"":""ส่งจาก"",""value"":""จังหวัดกรุงเทพมหานคร""}]","เสื้อผ้าฟอก ทรงโอเวอร์ไซส์ งานป้ายรวม
งานผ้าคอนตอนเนื้อนุ่มๆ ใส่ได้ทั้งผู้หญิงและผู้ชาย
ผ้านุ่มสุดๆ สีผ้าฟอกอาจจะแตกต่างกันแล้วแต่ลายนะคะ

อก 44-46“
ยาว 29""

💚สินค้าพร้อมส่งค้าา💚

เรทส่งทักแชทได้นะค้าา
",4.86,148,99,1.71 hours,Sun Feb 26 2017 04:32:10 GMT+0000 (Coordinated Universal Time),16902,"[{""name"":""สี"",""variations"":[""Metallicaม่วง"",""พิงฟอยชมพู"",""เด็กว่ายน้ำ"",""ACDCขาว"",""เนอวาน่า3คน"",""ผู้ชายขาว"",""ผมม่วง"",""Billieเขียว"",""ปาก"",""สตาร์วอล"",""ฮาเล่"",""วินเทจ"",""Kizzฟ้า"",""ACDCหน้าหลัง"",""เสือปืน"",""ACDCระฆัง"",""พิงอวกาศ"",""เทเลทับบี้"",""เนอวาน่าชมพู"",""เมทาตัวหนังสือ"",""ยิ้มสีๆ"",""โคล่า"",""หมีขาว"",""มิกกี้น้องหมา"",""มอนเตอร์หน้าหลัง"",""ยิ้มเหลือง"",""บูคลินแดง"",""เมทาฟ้าหน้าหลัง"",""เมทาชมพูหน้าหลังขาว"",""ปาก2"",""ACDCแดง"",""อมยิ้มใหญ่"",""แฟรงกี้"",""อมยิ้มใหญ่ชมพู"",""IRONหน้าหลัง"",""บูคลินเขียว"",""Gun&Roseหน้าหลัง"",""พิงสายรุ้ง"",""Mekadethหน้าหลัง"",""ไอรอนมัมมี่"",""OASISหน้าหลัง"",""เมทาชมพูฟอกดำ"",""หมีหมวกเหลือง"",""ยิ้มCL"",""Champion"",""เสือแว่น"",""บันนี่"",""ฟอกไม่มีลาย"",""มอเตอร์ฮาเล่หน้าหลัง"",""New york"",""ฮาเล่อินทรีย์"",""พิงแพนเตอร์"",""เบบี้ชมพู"",""เบบี้ฟ้า"",""LAKERS"",""หุ่นยนต์เมก้า"",""มาริลีน แมนสัน"",""GODชมพูหน้าหลัง"",""GODเขียวหน้าหลัง"",""โค้กผู้หญิง"",""คาลิฟอเนีย"",""ผีแชคกี้"",""BLACKSABBATH"",""หมีฟ้า"",""หมีเหลือง"",""Blackหน้าหลัง"",""RODMAN"",""บาส"",""หมวกเขียว"",""Q.กระต่าย42-44"",""CHUANYE"",""หมีโคล่า"",""ลูกไฟหน้าหลัง"",""ไฟฟ้าหน้าหลัง"",""ทอมเจอรี่หน้าหลัง"",""คนแคระหน้าหลัง"",""Mortyหน้าหลัง"",""2Pac"",""ลูกเต๋า"",""ยิ้มม่วง"",""Toyหน้าหลัง"",""อ้าปาก"",""G.แม่ชี"",""ทวิสตี้"",""เป็ดเซ็ง"",""M&M"",""มินนี่วาดรูป"",""มาลีหน้าหลัง"",""G.ปากหน้าหลัง"",""G.สนูปปี้ดูหน้าหลัง"",""ACขาวหน้าหลัง"",""ไอรอนหน้าผี"",""SLIPKNOT"",""Kizzหน้าหลัง"",""Kizzฟ้าหน้าหลัง"",""เมทาดาวไฟหน้าหลัง""]},{""name"":""ขนาด"",""variations"":[""โอเวอร์ไซส์""]}]",https://shopee.co.th,,100011,False,,"[{""name"":""model"",""value"":""ไอรอนหน้าผี,โอเวอร์ไซส์""}]",0,https://shopee.co.th/%E0%B9%80%E0%B8%AA%E0%B8%B7%E0%B9%89%E0%B8%AD%E0%B8%A2%E0%B8%B7%E0%B8%94%E0%B8%AA%E0%B8%81%E0%B8%A3%E0%B8%B5%E0%B8%99%E0%B8%95%E0%B8%B1%E0%B8%A7%E0%B8%AB%E0%B8%99%E0%B8%B1%E0%B8%87%E0%B8%AA%E0%B8%B7%E0%B8%AD-cat.11044945.11045067.11045424,,,,
https://shopee.co.th/%E0%B8%A3%E0%B8%AD%E0%B8%87%E0%B9%80%E0%B8%97%E0%B9%89%E0%B8%B2%E0%B8%9C%E0%B9%89%E0%B8%B2%E0%B9%83%E0%B8%9A-KE-EN-Original-Running-Shoes-ZIONIC-%E0%B8%AA%E0%B8%B5%E0%B9%80%E0%B8%82%E0%B8%B5%E0%B8%A2%E0%B8%A7-%E0%B8%9E%E0%B8%A3%E0%B9%89%E0%B8%AD%E0%B8%A1%E0%B8%AA%E0%B9%88%E0%B8%87-i.259781067.25825858326?model_id=226255831539,25825858326,รองเท้าผ้าใบ KE-EN Original Running Shoes ZIONIC สีเขียว พร้อมส่ง,0,0.0,0,1500.0,1290.0,THB,,0,"[""https://down-th.img.susercontent.com/file/th-11134207-7r991-luekw5se1by9cc_tn"",""https://down-th.img.susercontent.com/file/th-11134207-7r98p-luekw5seckcx62_tn"",""https://down-th.img.susercontent.com/file/th-11134207-7r992-luekw5sedyxdb6_tn"",""https://down-th.img.susercontent.com/file/th-11134207-7r98v-luekw5seb5sh9f_tn""]",,M_S███ee,https://shopee.co.th/mshose,"[""รองเท้าผู้ชาย"",""รองเท้าผ้าใบ""]","[{""name"":""คลัง"",""value"":""900""},{""name"":""ประเภทตัวยึดรองเท้า"",""value"":""แบบเชือกผูก""},{""name"":""ประเทศต้นกำเนิดสินค้า"",""value"":""เวียดนาม""},{""name"":""ความสูงของส้น"",""value"":""กลาง""},{""name"":""ส่งจาก"",""value"":""จังหวัดสระแก้ว""}]","[SALE 7 DAYS]

สินค้าพร้อมส่งส่ง 1-3 วัน จัดส่งทุกวัน

สอบถามเพิ่มเติม inbox ได้เลยครับ*ทางร้านมีนโยบาย เน้นความพึงพอใจของลูกค้า เปลี่ยน คืน ได้ภายใน 7 วัน เพราะลูกค้าคือผู้มีพระคุณของเรา by MSHOSE

#รองเท้าผ้าใบ #รองเท้าผ้าใบแฟชั่น #รองเท้าลำลอง #รองเท้าผ้าใบadidas #รองเท้าผ้าใบvans #รองเท้าผ้าใบสวม #รองเท้าผ้าใบพร้อมส่ง #รองเท้าวิ่ง #รองเท้าออกกำลังกาย #รองเท้าลำลอง #รองเท้าผ้าใบชาย #รองเท้าผ้าใบ #รองเท้าแตะ #รองเท้าแตะผู้หญิง #รองเท้าแตะผู้ชาย #รองเท้าแตะใส่ในบ้าน #รองเท้าแตะใส่เที่ยว",4.63,364,97,1.82 hours,Sat May 09 2020 06:00:40 GMT+0000 (Coordinated Universal Time),8250,"[{""name"":""สี"",""variations"":[""เขียว"",""ดำ"",""ดำล้วน""]},{""name"":""ขนาด"",""variations"":[""36"",""37"",""38"",""39"",""40"",""41"",""42"",""43"",""44"",""45""]}]",https://shopee.co.th,,100012,False,,"[{""name"":""model"",""value"":""ดำล้วน,43""}]",0,https://shopee.co.th/%E0%B8%A3%E0%B8%AD%E0%B8%87%E0%B9%80%E0%B8%97%E0%B9%89%E0%B8%B2%E0%B8%9C%E0%B9%89%E0%B8%B2%E0%B9%83%E0%B8%9A-cat.100012.100064,,,,
https://shopee.co.th/CLARINS-UV-PLUS-ANTI-POLLUTION-SPF-50/PA++++-10ml-i.77448799.22050561186,22050561186,CLARINS UV PLUS ANTI-POLLUTION SPF 50/PA++++ 10ml,0,0.0,0,390.0,390.0,THB,,0,"[""https://down-th.img.susercontent.com/file/th-11134207-7qukx-lk4w82ysn615d8_tn"",""https://down-th.img.susercontent.com/file/th-11134207-7qul9-lk4w82ysokll0f_tn"",""https://down-th.img.susercontent.com/file/th-11134207-7qul7-lk4w82yspz61d8_tn"",""https://down-th.img.susercontent.com/file/th-11134207-7qul7-lk4yhkr339l5b8_tn""]",,Hap███tor███,https://shopee.co.th/CLARINS-UV-PLUS-ANTI-POLLUTION-SPF-50/jin_nead,"[""ผลิตภัณฑ์บำรุงและเสริมความงาม"",""ผลิตภัณฑ์บำรุงบริเวณใบหน้า"",""ผลิตภัณฑ์กันแดดสำหรับใบหน้า""]","[{""name"":""คลัง"",""value"":""5""},{""name"":""สินค้า"",""value"":""Clarins(คาแรงส์)""},{""name"":""ส่งจาก"",""value"":""จังหวัดนนทบุรี""}]","CLARINS UV PLUS ANTI-POLLUTION SPF 50/PA++++ 10ml


เผยผิวสวยท้าแดดในทุกวัน เนื้อสัมผัสที่ดีเยี่ยมและมอบความเรียบเนียน เนื้อครีมซึมไวไม่เป็นคราบ ไม่มัน สร้างฟิล์มเคลือบผิวที่ช่วยให้ผิวเปล่งปลั่ง ช่วยปกป้องผิวจากรังสี UVA, UVB สีผิวที่หมองคล้ำและจุดด่างดำ พร้อมสูตรปกป้องมลภาวะและต่อต้านอนุมูลอิสระ ปกป้องผิวจากการเกิดริ้วรอยก่อนวัย เหมือนมีไพรเมอร์คลุมผิว ทำให้เป็นเรื่องง่ายในทุกครั้งที่ใช้ พร้อมมอบประสิทธิภาพในการดูแล และปกป้องผิวสำหรับทุกวัน
 
คุณสมบัติ
SPF 50/PA++++
ทำให้ผิวเรียบเนียน
เนื้อครีมซึมไวไม่เป็นคราบ
มอบความสว่างกระจ่างใสแก่ผิว
ไม่ทิ้งความมันบนผิวหน้า
สร้างฟิล์มเคลือบผิวที่ช่วยให้ผิวเปล่งปลั่ง
ช่วยปกป้องผิวจากรังสี UVA, UVB
ปกป้องมลภาวะและต่อต้านสารอนุมูลอิสระ
ปกป้องผิวจากการเกิดริ้วรอยก่อนวัย
ช่วยป้องกันจุดด่างดำ และความหมองคล้ำ
มีส่วนผสมที่ปราศจากความมัน Clarins UV Plus HP Day Screen High Protection",4.77,91,57,,Tue Jul 03 2018 12:42:22 GMT+0000 (Coordinated Universal Time),102,"[{""variations"":[null]}]",https://shopee.co.th,Clarins(คาแรงส์),100630,False,,"[{""name"":""model"",""value"":null}]",0,https://shopee.co.th/%E0%B8%81%E0%B8%B1%E0%B8%99%E0%B9%81%E0%B8%94%E0%B8%94-cat.11044959.11045204.11046061,,,,
https://shopee.co.th/%E0%B8%8A%E0%B8%B8%E0%B8%94%E0%B9%80%E0%B8%8B%E0%B8%A3%E0%B8%B1%E0%B9%88%E0%B8%A1-4-%E0%B8%AA%E0%B8%B9%E0%B8%95%E0%B8%A3-%E0%B9%81%E0%B8%81%E0%B9%89%E0%B8%9B%E0%B8%B1%E0%B8%8D%E0%B8%AB%E0%B8%B2%E0%B8%9C%E0%B8%B4%E0%B8%A7%E0%B9%84%E0%B8%94%E0%B9%89%E0%B8%AD%E0%B8%A2%E0%B9%88%E0%B8%B2%E0%B8%87%E0%B8%95%E0%B8%A3%E0%B8%87%E0%B8%88%E0%B8%B8%E0%B8%94-%E0%B8%95%E0%B8%AD%E0%B8%9A%E0%B9%82%E0%B8%88%E0%B8%97%E0%B8%A2%E0%B9%8C%E0%B8%97%E0%B8%B8%E0%B8%81%E0%B8%9B%E0%B8%B1%E0%B8%8D%E0%B8%AB%E0%B8%B2%E0%B8%9C%E0%B8%B4%E0%B8%A7-The-Skin-Collection-Serum-Special-Set-%E0%B8%8B%E0%B8%B7%E0%B9%89%E0%B8%AD%E0%B9%80%E0%B8%9B%E0%B9%87%E0%B8%99%E0%B9%80%E0%B8%8B%E0%B8%95%E0%B8%96%E0%B8%B9%E0%B8%81%E0%B8%81%E0%B8%A7%E0%B9%88%E0%B8%B2-i.345365881.13333008713,13333008713,ชุดเซรั่ม 4 สูตร แก้ปัญหาผิวได้อย่างตรงจุด ตอบโจทย์ทุกปัญหาผิว The Skin Collection Serum Special Set ซื้อเป็นเซตถูกกว่า,0,4.9,0,2500.0,599.0,THB,,0,"[""https://down-th.img.susercontent.com/file/d52f00ffa44e196dec786b993d91208e_tn"",""https://down-th.img.susercontent.com/file/af34dd04d939272161329e85f4b25b0f_tn"",""https://down-th.img.susercontent.com/file/40494b0565fccdf0bfbd90412bd493f1_tn"",""https://down-th.img.susercontent.com/file/f112cb11911703b7f55a414d323b7005_tn"",""https://down-th.img.susercontent.com/file/2982ca38af2453f87122ad130a77116b_tn"",""https://down-th.img.susercontent.com/file/06bd820cc1ee5da9d811861548998d00_tn""]",,The███in ███lec██████,https://shopee.co.th/tsc_official,"[""ผลิตภัณฑ์บำรุงและเสริมความงาม"",""ผลิตภัณฑ์บำรุงบริเวณใบหน้า"",""เซรั่มบำรุงผิวหน้า & น้ำตบ""]","[{""name"":""คลัง"",""value"":""86837""},{""name"":""สินค้า"",""value"":""The Skin Collection(เดอะสกินคอลเล็คชั่น)""},{""name"":""ส่วนผสมของผลิตภัณฑ์"",""value"":""AHA / Glycolic Acid, BHA, ไม่มีส่วนผสมของน้ำหอม, เปปไทด์, ปราศจากซิลิโคน""},{""name"":""ชนิดของผิว"",""value"":""ทุกสภาพผิว""},{""name"":""สรรพคุณของผลิตภัณฑ์ดูแลผิวหน้า"",""value"":""สิว, ลดริ้วรอย, รูขุมขนอุดตัน, หมองคล้ำ, จุดด่างดำ / รอยดำ""},{""name"":""ประเทศต้นกำเนิดสินค้า"",""value"":""ไทย""},{""name"":""รูปแบบผลิตภัณฑ์ความงาม"",""value"":""เซรั่ม""},{""name"":""ส่งจาก"",""value"":""จังหวัดกรุงเทพมหานคร""}]","Serum Special Set ชุดเซรั่ม 4 สูตร แก้ปัญหาผิวได้อย่างตรงจุด ตอบโจทย์ทุกปัญหาผิว ภายในเซตประกอบด้วย
✓ Serum Niacinamide10% + NAG8%
✓ Serum AHA10% + BHA2%
✓ Serum Copper Tripeptide 3%
✓ Serum Argireline 10%

Serum Niacinamide10% + NAG8%
เซรั่มที่ช่วยฟื้นฟูผิว ลดอาการแดง และอาการระคายเคืองผิว ให้ความชุ่มชื้นแก่ผิว ช่วยในการการผลัดเซลล์ผิว อ่อนโยน ช่วยทำให้แผลหายเร็วขึ้น เผยผิวที่ดูกระจ่างใส

Serum AHA10% + BHA2% 
เซรั่มที่มีฤทธิ์กระตุ้นให้ผิวหนังมีการผลัดเซลล์ โดยลอกเซลล์ผิวเก่าออกและสร้างเซลล์ผิวใหม่ขึ้นมาแทนที่ ผลัดเซลล์ผิวที่เสียออกมา เพื่อให้ผิวดูกระจ่างใสมากขึ้น ช่วยลดสิวอุดตัน และทุกปัญหาสิว 

Serum Copper Tripeptide 3%
เซรั่มที่ช่วยปรับโครงสร้างผิว ทำให้ความหนาแน่นของผิวเพิ่มขึ้น ช่วยฟื้นฟูสภาพผิวได้อย่างดีเยี่ยม ลดหลุมสิวบนใบหน้า ให้ผิวกลับมากระชับ รูขุมขนดูตื้นขึ้น ผิวดูแข็งแรง หน้ากลับมาเรียบเนียนเต่งตึงแน่นกระชับ

Serum Argireline 10%
เซรั่มที่ช่วยลดเลือนริ้วรอยจากการเคลื่อนไหวของกล้ามเนื้อบนใบหน้า ให้ผลคล้ายกับการทำ Botox  ริ้วรอยหาย เพิ่มความเยาว์วัยให้ผิว เผยผิวใหม่ที่เรียบเนียน เต่งตึงอีกครั้ง

ผลิตภัณฑ์ทุกตัวสามารถใช้ทาได้ทั่วใบหน้า ทั้งเช้าและเย็นเป็นประจำทุกวัน 
*** ยกเว้นตัวสีแดงแนะนำใช้เฉพาะตอนกลางคืน 2-3 วัน/สัปดาห์ สำหรับผิวแพ้ง่าย: ทาเซรั่มทิ้งไว้ 10-15 นาที แล้วล้างออก ***

*** คำเตือน ***
ควรทดสอบอาการแพ้ก่อนการใช้ผลิตภัณฑ์

เลขที่ใบรับแจ้ง
Serum Niacinamide10% + NAG8% : 10-1-6300039459
Serum AHA10% + BHA2%  : 10-1-6300035768
Serum Copper Tripeptide 3% : 10-1-6300037604
Serum Argireline 10% : 10-1-6300037598

ปริมาตรสุทธิ : 30ml

สามารถเก็บรักษาได้ 3 ปีนับจากวันที่ผลิตสินค้า

การจัดส่งสินค้า : ร้านค้าจัดส่งสินค้าทุกวัน ไม่มีวันหยุด

ลูกค้าที่ต้องการออกใบกำกับภาษี หากแจ้งรายละเอียดการขอใบกำกับภาษีในระบบแล้วรบกวนทักแชทร้านค้า แจ้งแอดมินผ่านแชทอีกครั้งนะคะ",4.85,18,92,1.66 hours,Thu Nov 26 2020 08:13:35 GMT+0000 (Coordinated Universal Time),339348,"[{""variations"":[null]}]",https://shopee.co.th,The Skin Collection(เดอะสกินคอลเล็คชั่น),100630,False,,"[{""name"":""model"",""value"":null}]",0,https://shopee.co.th/%E0%B8%97%E0%B8%A3%E0%B8%B5%E0%B8%97%E0%B9%80%E0%B8%A1%E0%B9%89%E0%B8%99%E0%B8%97%E0%B9%8C-%E0%B9%80%E0%B8%8B%E0%B8%A3%E0%B8%B1%E0%B9%88%E0%B8%A1-cat.11044959.11045204.11046060,"[{""claimable"":false,""currency"":""THB"",""discount"":30,""discount_cap"":0,""discount_percentage"":0,""min_spend"":45000000,""shop_vouncher"":""The Skin Collection"",""special_condition"":null,""text_info"":""TSCOTS450"",""validity_end"":""2024-11-21T08:00:00.000Z"",""validity_start"":""2024-08-20T08:01:00.000Z""},{""claimable"":false,""currency"":""THB"",""discount"":null,""discount_cap"":null,""discount_percentage"":null,""min_spend"":4900000,""shop_vouncher"":""The Skin Collection"",""special_condition"":null,""text_info"":""TSCOCCB1"",""validity_end"":""2024-11-21T08:00:00.000Z"",""validity_start"":""2024-08-20T08:00:00.000Z""},{""claimable"":false,""currency"":""THB"",""discount"":10,""discount_cap"":0,""discount_percentage"":0,""min_spend"":16000000,""shop_vouncher"":""The Skin Collection"",""special_condition"":null,""text_info"":""TSCOTS10"",""validity_end"":""2024-11-21T08:00:00.000Z"",""validity_start"":""2024-08-20T08:00:00.000Z""},{""claimable"":false,""currency"":""THB"",""discount"":90,""discount_cap"":0,""discount_percentage"":0,""min_spend"":99900000,""shop_vouncher"":""The Skin Collection"",""special_condition"":null,""text_info"":""TSCOTS90"",""validity_end"":""2024-11-21T08:00:00.000Z"",""validity_start"":""2024-08-20T08:01:00.000Z""}]",,,
https://shopee.co.th/Campingmoon-%E0%B9%82%E0%B8%95%E0%B9%8A%E0%B8%B0%E0%B8%9E%E0%B8%B1%E0%B8%9A%E0%B9%80%E0%B8%AB%E0%B8%A5%E0%B9%87%E0%B8%81%E0%B8%AB%E0%B8%A5%E0%B9%88%E0%B8%AD-%E0%B8%95%E0%B8%B0%E0%B9%81%E0%B8%81%E0%B8%A3%E0%B8%87%E0%B9%80%E0%B8%AB%E0%B8%A5%E0%B9%87%E0%B8%81%E0%B8%A1%E0%B8%B5%E0%B8%84%E0%B8%A7%E0%B8%B2%E0%B8%A1%E0%B9%81%E0%B8%82%E0%B9%87%E0%B8%87%E0%B9%81%E0%B8%A3%E0%B8%87%E0%B8%AA%E0%B8%B9%E0%B8%87-%E0%B8%9E%E0%B8%A3%E0%B9%89%E0%B8%AD%E0%B8%A1%E0%B9%81%E0%B8%9C%E0%B9%88%E0%B8%99%E0%B8%97%E0%B9%8A%E0%B8%AD%E0%B8%9B%E0%B9%80%E0%B8%AA%E0%B8%A3%E0%B8%B4%E0%B8%A1-%E0%B8%9E%E0%B8%A3%E0%B9%89%E0%B8%AD%E0%B8%A1%E0%B8%AA%E0%B9%88%E0%B8%87%E0%B8%88%E0%B8%B2%E0%B8%81%E0%B9%84%E0%B8%97%E0%B8%A2-%E0%B8%97%E0%B8%B8%E0%B8%81%E0%B8%A7%E0%B8%B1%E0%B8%99%F0%9F%94%A5-i.22072113.5350882392?model_id=232006815753,5350882392,Campingmoon โต๊ะพับเหล็กหล่อ ตะแกรงเหล็กมีความแข็งแรงสูง พร้อมแผ่นท๊อปเสริม พร้อมส่งจากไทย ทุกวัน🔥,0,4.9,0,1499.0,1499.0,THB,,0,"[""https://down-th.img.susercontent.com/file/th-11134207-7r98w-lonbsz93jwot9e_tn"",""https://down-th.img.susercontent.com/file/th-11134207-7qul3-lkddxrl8vqez67_tn"",""https://down-th.img.susercontent.com/file/th-11134207-7qukz-lkde22oxwo6z1f_tn"",""https://down-th.img.susercontent.com/file/93a6ff428c4864f146a409c1cff71b01_tn"",""https://down-th.img.susercontent.com/file/4bb399ac8ff4c7efcdf1cfe5c56384d4_tn"",""https://down-th.img.susercontent.com/file/th-11134207-7qul6-lkddxrl9dzsr56_tn"",""https://down-th.img.susercontent.com/file/th-11134207-7qul3-lkddxrla635nf2_tn"",""https://down-th.img.susercontent.com/file/th-11134207-7qul7-lkddxrl9cl8b7a_tn"",""https://down-th.img.susercontent.com/file/th-11134207-7qul2-lkddxrlaljej22_tn""]",,SC ███pin███hai██████,https://shopee.co.th/sc.camping.thailand,"[""กีฬาและกิจกรรมกลางแจ้ง"",""อุปกรณ์เล่นกีฬาและกิจกรรมกลางแจ้ง"",""อุปกรณ์ตั้งแคมป์และเดินป่า"",""เต็นท์และอุปกรณ์เสริม""]","[{""name"":""คลัง"",""value"":""1208""},{""name"":""สินค้า"",""value"":""Campingmoon(แคมปิ้งมูน)​""},{""name"":""น้ำหนัก"",""value"":""3kg""},{""name"":""ระยะเวลาการรับประกัน"",""value"":""3 ปี""},{""name"":""วัสดุเสา"",""value"":""เหล็ก""},{""name"":""ส่งจาก"",""value"":""จังหวัดกรุงเทพมหานคร""}]","โต๊ะพับเหล็ก Campingmoon มีความแข็งแรงสูง พร้อมส่ง🔥🔥🔥
- วัสดุทำจาก เหล็กกล้า มีความแข็งแรงสูง ทนทาน
- ขนาดตอนกาง 60x35x24cm. จัดเก็บ 65x4cm. 
น้ำหนัก 2.2kg.🚩🚩🚩

***หมายเหตุ***
กระเป๋า 1 ใบ สามารถใส่Rack 3อัน + ไม้1แผ่น นะครับ
🔥🔥🔥🔥พร้อมส่งจากไทย วันเดียวถึง🔥🔥🔥🔥

SC Camping Thailand อุปกรณ์แคมป์ปิ้ง🏕️
ยินดีให้บริการครับ❤️
สอบถามข้อมูลเพิ่มเติมได้ครับบ",4.86,316,99,1.24 hours,Tue May 09 2017 10:18:30 GMT+0000 (Coordinated Universal Time),77904,"[{""name"":""สี"",""variations"":[""CampingmoonRack ดำ"",""CampingmoonRack กากี"",""Shinetrip Rack ดำ"",""แผ่นต่อข้าง IGT 1u"",""แผ่นไม้ Campingmoon"",""Tnr Bamboo table"",""Net case"",""Top Alu Campingmoon"",""Top อลูเงิน+ราวแขวน"",""Topอลูดำ Shinetrip"",""Top อลูดำ ลายแมงมุม"",""แผ่นต่อข้างShinetrip"",""แผ่นต่อข้างลายขีด"",""แผ่นต่อข้างลายแมงมุม"",""230-1T สีดำ"",""230-2T สีดำ"",""230-3T สีดำ"",""230-1TP สีดำ"",""230-2TP สีดำ"",""233-1T กากี"",""233-2T กากี"",""233-3T กากี"",""233-1TP กากี"",""233-2TP กากี"",""โต๊ะต่อชั้น2 a455"",""โต๊ะ IGT sus 1u"",""TNR กระเป๋า Rack"",""กระเป๋าใหญ่ (5ตัว)"",""กระเป๋า(ใส่ได้3ตัว)"",""Shinetrip กระเป๋า"",""T230a โต๊ะสแตนเลส"",""ราวแม่เหล็ก ติดโต๊ะ""]}]",https://shopee.co.th,Campingmoon(แคมปิ้งมูน)​,100637,False,,"[{""name"":""model"",""value"":""233-3T กากี""}]",0,https://shopee.co.th/%E0%B9%80%E0%B8%95%E0%B9%8A%E0%B8%99%E0%B8%97%E0%B9%8C%E0%B9%81%E0%B8%A5%E0%B8%B0%E0%B8%AD%E0%B8%B8%E0%B8%9B%E0%B8%81%E0%B8%A3%E0%B8%93%E0%B9%8C%E0%B9%80%E0%B8%AA%E0%B8%A3%E0%B8%B4%E0%B8%A1-cat.11044962.11045239.11046218,"[{""claimable"":false,""currency"":""THB"",""discount"":null,""discount_cap"":2000000,""discount_percentage"":3,""min_spend"":9900000,""shop_vouncher"":""SC Camping Thailand"",""special_condition"":null,""text_info"":""SCCA99243"",""validity_end"":""2024-09-17T16:59:00.000Z"",""validity_start"":""2024-08-28T15:53:00.000Z""},{""claimable"":false,""currency"":""THB"",""discount"":null,""discount_cap"":1500000,""discount_percentage"":3,""min_spend"":19900000,""shop_vouncher"":""SC Camping Thailand"",""special_condition"":null,""text_info"":""SCCA693P"",""validity_end"":""2024-09-17T10:03:00.000Z"",""validity_start"":""2024-06-18T09:03:00.000Z""},{""claimable"":false,""currency"":""THB"",""discount"":null,""discount_cap"":0,""discount_percentage"":3,""min_spend"":39900000,""shop_vouncher"":""SC Camping Thailand"",""special_condition"":null,""text_info"":""SCCARACK8"",""validity_end"":""2024-11-27T16:49:00.000Z"",""validity_start"":""2024-08-28T15:49:00.000Z""},{""claimable"":false,""currency"":""THB"",""discount"":null,""discount_cap"":2500000,""discount_percentage"":5,""min_spend"":40000000,""shop_vouncher"":""SC Camping Thailand"",""special_condition"":null,""text_info"":""SCCA695P"",""validity_end"":""2024-09-17T09:57:00.000Z"",""validity_start"":""2024-06-18T08:57:00.000Z""},{""claimable"":false,""currency"":""THB"",""discount"":null,""discount_cap"":3500000,""discount_percentage"":4,""min_spend"":49000000,""shop_vouncher"":""SC Camping Thailand"",""special_condition"":null,""text_info"":""SCCA99244"",""validity_end"":""2024-09-17T16:59:00.000Z"",""validity_start"":""2024-08-28T15:55:00.000Z""},{""claimable"":false,""currency"":""THB"",""discount"":null,""discount_cap"":5500000,""discount_percentage"":5,""min_spend"":89900000,""shop_vouncher"":""SC Camping Thailand"",""special_condition"":null,""text_info"":""SCCA99245"",""validity_end"":""2024-09-17T16:59:00.000Z"",""validity_start"":""2024-08-28T15:56:00.000Z""},{""claimable"":false,""currency"":""THB"",""discount"":null,""discount_cap"":5000000,""discount_percentage"":2,""min_spend"":250000000,""shop_vouncher"":""SC Camping Thailand"",""special_condition"":null,""text_info"":""SCCA69050"",""validity_end"":""2024-09-17T09:56:00.000Z"",""validity_start"":""2024-06-18T08:56:00.000Z""},{""claimable"":false,""currency"":""THB"",""discount"":null,""discount_cap"":10000000,""discount_percentage"":2,""min_spend"":500000000,""shop_vouncher"":""SC Camping Thailand"",""special_condition"":null,""text_info"":""SCCA69100"",""validity_end"":""2024-09-17T09:53:00.000Z"",""validity_start"":""2024-06-18T08:53:00.000Z""},{""claimable"":false,""currency"":""THB"",""discount"":null,""discount_cap"":20000000,""discount_percentage"":2,""min_spend"":800000000,""shop_vouncher"":""SC Camping Thailand"",""special_condition"":null,""text_info"":""SCCA69200"",""validity_end"":""2024-09-17T09:51:00.000Z"",""validity_start"":""2024-06-18T08:51:00.000Z""}]",,,
https://shopee.co.th/Xiaomi-Redmi-Note-4-6-7-8-9-9s-10-11-12-Case-Fila-i.112569627.22043883259?model_id=217104708058,22043883259,Xiaomi Redmi Note 4 6 7 8 9 9s 10 11 12 Case Fila,0,0.0,0,119.0,119.0,THB,,0,"[""https://down-th.img.susercontent.com/file/th-11134207-7qul1-lhd23u4jp3hwb2_tn"",""https://down-th.img.susercontent.com/file/th-11134207-7qul9-lhd23u4jqi2cec_tn"",""https://down-th.img.susercontent.com/file/th-11134207-7r98r-lmwx63cibojraf_tn""]",,My.███esc███n เ█████████,https://shopee.co.th/my.casescreen,"[""มือถือและอุปกรณ์เสริม"",""อุปกรณ์เสริม"",""เคสมือถือและแท็บเล็ต"",""เคสมือถือ""]","[{""name"":""คลัง"",""value"":""130""},{""name"":""ยี่ห้อมือถือที่เหมาะสม"",""value"":""Xiaomi""},{""name"":""ประเภทของเคส"",""value"":""อื่นๆ""},{""name"":""ส่งจาก"",""value"":""จังหวัดเลย""}]","🚫🚫 แจ้งลายทางแชท 🚫🚫

📲 รูปสินค้าคือลายตัวอย่าง ลูกค้าจะได้รับเคสตรงรุ่นแน่นอน 100%
📲 เคสคุณภาพดี สีไม่ซีด ไม่ลอก ขอบไม่แตก ปกป้องมือถือได้เป็นอย่างดี
📲 รูปแบบวัสดุเคสสกรีน ขอบเคสเป็น TPU นิ่ม หลังเคสพลาสติกแข็ง

✅️ รับเคลมกรณี
1.ได้รับผิดรุ่น/ผิดลาย
2.สินค้าชำรุดเกิดจากทางร้านและขนส่ง

❌ไม่รับเคลมกรณี
1.ลูกค้าไม่แจ้งลาย
2.ลูกค้าสั่งผิดรุ่นเอง

 - Xiaomi Redmi Note 4
 - Xiaomi Redmi Note 6
 - Xiaomi Redmi Note 7
 - Xiaomi Redmi Note 8
 - Xiaomi Redmi Note 8 Pro
 - Xiaomi Redmi Note 9
 - Xiaomi Redmi Note 9 Pro
 - Xiaomi Redmi Note 9 Pro Max
 - Xiaomi Redmi Note 9s
 - Xiaomi Redmi Note 10 (4G)
 - Xiaomi Redmi Note 10 Pro
 - Xiaomi Redmi Note 11 (4G)
 - Xiaomi Redmi Note 12 (5G)

#เคสมือถือ #เคสโทรศัพท์ #เคสสกรีน #เคสลายการ์ตูน #เคสเสียวหมี #เคสRedmiNote4 #เคสRedmiNote5A #เคสRedmiNote6 #เคสRedmiNote7 #เคสRedmiNote8 #เคสRedmiNote8Pro #เคสRedmiNote9 #เคสRedmiNote9s #เคสRedmiNote9Pro #เคสRedmiNote9ProMax #เคสRedmiNote10 #เคสRedmiNote10Pro #เคสRedmiNote11 #เคสRedmiNote12",4.62,2389,50,3.17 hours,Mon Dec 10 2018 13:13:59 GMT+0000 (Coordinated Universal Time),1237,"[{""name"":""รุ่น"",""variations"":[""Redmi Note 4"",""Redmi Note 6"",""Redmi Note 7"",""Redmi Note 8"",""Redmi Note 8 Pro"",""Redmi Note 9"",""Redmi Note 9 Pro"",""Redmi Note 9 Pro Max"",""Redmi Note 9s"",""Redmi Note 10 (4G)"",""Redmi Note 10 Pro"",""Redmi Note 11 (4G)"",""Redmi Note 12 (5G)""]},{""name"":""แจ้งลายทางแชท"",""variations"":[""แจ้งลายทางแชท""]}]",https://shopee.co.th,,100013,False,,"[{""name"":""model"",""value"":""Redmi Note 12 (5G),แจ้งลายทางแชท""}]",0,https://shopee.co.th/%E0%B8%AD%E0%B8%B7%E0%B9%88%E0%B8%99%E0%B9%86-cat.11044946.11045119.11046414,,,,
https://shopee.co.th/PARFUMS-de-MARLY-DELINA-La-Rosee-1ml-2ml-i.112110629.15948844862?model_id=134064780113,15948844862,PARFUMS de MARLY DELINA La Rosee 1ml 2ml,0,5.0,0,180.0,180.0,THB,,0,"[""https://down-th.img.susercontent.com/file/8bccb7266916aad14dc1022954ed2d35_tn""]",,Unp███lar███,https://shopee.co.th/unpopular,"[""ผลิตภัณฑ์บำรุงและเสริมความงาม"",""น้ำหอม""]","[{""name"":""คลัง"",""value"":""15""},{""name"":""สินค้า"",""value"":""Parfums De Marly(เพอร์ฟูม เดอ มาร์ลี่)""},{""name"":""เพศ"",""value"":""หญิง""},{""name"":""กลิ่น"",""value"":""สดชื่น, ผลไม้, floral rose aquatic, musky""},{""name"":""ความเข้มข้นของน้ำหอม"",""value"":""EDP""},{""name"":""รูปแบบผลิตภัณฑ์ความงาม"",""value"":""สเปรย์""},{""name"":""ขนาดสินค้า"",""value"":""Decant""},{""name"":""ส่งจาก"",""value"":""จังหวัดกรุงเทพมหานคร""}]","Perfume rating 4.10 out of 5 with 492 votes

Delina La Rosée by Parfums de Marly is a Floral Fruity fragrance for women. This is a new fragrance. Delina La Rosée was launched in 2021. The nose behind this fragrance is Quentin Bisch. Top notes are Litchi, Pear and Bergamot; middle notes are Turkish Rose, Peony, Watery Notes and Floral Notes; base notes are White Musk, Woody Notes and Haitian Vetiver. ",4.97,1436,96,2.02 hours,Sun Dec 09 2018 03:20:22 GMT+0000 (Coordinated Universal Time),2339,"[{""name"":""Size"",""variations"":[""1ml-180"",""2ml-340""]}]",https://shopee.co.th,Parfums De Marly(เพอร์ฟูม เดอ มาร์ลี่),100630,False,,"[{""name"":""model"",""value"":""1ml-180""}]",0,https://shopee.co.th/%E0%B8%99%E0%B9%89%E0%B8%B3%E0%B8%AB%E0%B8%AD%E0%B8%A1-cat.11044959.11045207,,,,
https://shopee.co.th/%E0%B8%99%E0%B9%89%E0%B8%B3%E0%B8%A2%E0%B8%B2%E0%B8%A5%E0%B9%89%E0%B8%B2%E0%B8%87%E0%B9%80%E0%B8%9A%E0%B8%A3%E0%B8%81---Motul-Brake-Clean--P2-i.877168129.20892981651,20892981651,น้ำยาล้างเบรก   Motul Brake Clean  P2,0,5.0,0,297.0,297.0,THB,,0,"[""https://down-th.img.susercontent.com/file/sg-11134201-7rd6q-lx1eu31v1npo66_tn""]",,RAI███FOR███,https://shopee.co.th/raidenforce,"[""รถยนต์ อะไหล่และอุปกรณ์เสริมรถยนต์"",""น้ำมันและของเหลว"",""ผลิตภัณฑ์หล่อลื่น"",""น้ำมันเบรครถยนต์""]","[{""name"":""คลัง"",""value"":""5""},{""name"":""สินค้า"",""value"":""MOTUL(โมตุล)""},{""name"":""ส่งจาก"",""value"":""จังหวัดสมุทรปราการ""}]","- สารทำความสะอาดจาระบีทรงพลังสำหรับจานและดุมเบรค คลัทช์ และหัวเทียน ปราศจากสารคลอรีน 
- ขจัดน้ำมัน จาระบี น้ำมันเบรค ทาร์ และฝุ่นละอองได้อย่างมีประสิทธิภาพ",4.86,1401,86,3.04 hours,Wed Oct 05 2022 04:47:40 GMT+0000 (Coordinated Universal Time),19613,"[{""variations"":[null]}]",https://shopee.co.th,MOTUL(โมตุล),100640,False,,"[{""name"":""model"",""value"":null}]",0,https://shopee.co.th/%E0%B8%9C%E0%B8%A5%E0%B8%B4%E0%B8%95%E0%B8%A0%E0%B8%B1%E0%B8%93%E0%B8%91%E0%B9%8C%E0%B8%AB%E0%B8%A5%E0%B9%88%E0%B8%AD%E0%B8%A5%E0%B8%B7%E0%B9%88%E0%B8%99-cat.11044950.11045108.11045558,"[{""claimable"":false,""currency"":""THB"",""discount"":30,""discount_cap"":0,""discount_percentage"":0,""min_spend"":3000000,""shop_vouncher"":""RAIDENFORCE"",""special_condition"":null,""text_info"":""RAID30150"",""validity_end"":""2024-09-30T16:59:00.000Z"",""validity_start"":""2024-07-16T06:47:00.000Z""}]",,,
